id,sample,hap,chrom,source,arm_mb,n_blocks,n_unspecified,unspecified_mb,syntax
NA12877_h1_chr13,NA12877,1,chr13,pedigree,8.821019,40,0,0.0,HSat3-HSat1A-NONSAT-ACRO-NONSAT-DJ-rDNA-NONSAT-HSat3-NONSAT-HSat1B-HSat3-NONSAT-HSat3-NONSAT-SST1-NONSAT-HSat1A
NA12877_h2_chr13,NA12877,2,chr13,pedigree,8.416339,39,0,0.0,NONSAT-ACRO-NONSAT-bSat-HSat3-HSat1A-HSat3-NONSAT-ACRO-NONSAT-DJ-NONSAT-HSat3-NONSAT-HSat1B-HSat3-NONSAT-HSat3-NONSAT-SST1-NONSAT-HSat1A
NA12877_h1_chr14,NA12877,1,chr14,pedigree,10.930614,45,0,0.0,NONSAT-ACRO-NONSAT-HSat3-HSat1A-HSat3-NONSAT-ACRO-DJ-rDNA-NONSAT-HSat3-NONSAT-HSat3-NONSAT-aSat
NA12877_h2_chr14,NA12877,2,chr14,pedigree,8.834376,46,1,0.055176,NONSAT-ACRO-NONSAT-HSat3-HSat1A-HSat3-NONSAT-ACRO-UNK-DJ-rDNA-NONSAT-HSat3-NONSAT-HSat1B-HSat3-NONSAT-HSat3-NONSAT-HSat3-NONSAT-aSat
NA12877_h1_chr15,NA12877,1,chr15,pedigree,10.441063,41,1,0.056855,NONSAT-bSat-HSat3-HSat1A-HSat3-NONSAT-ACRO-UNK-DJ-rDNA-NONSAT-HSat1B-NONSAT-HSat3-NONSAT-HSat3-NONSAT-aSat
NA12877_h2_chr15,NA12877,2,chr15,pedigree,11.57456,55,0,0.0,NONSAT-ACRO-NONSAT-bSat-HSat3-HSat1A-HSat3-NONSAT-DJ-rDNA-NONSAT-HSat3-NONSAT-HSat1B-NONSAT-HSat1B-NONSAT-HSat3-NONSAT-aSat-NONSAT-aSat
NA12877_h1_chr21,NA12877,1,chr21,pedigree,4.96909,16,0,0.0,rDNA-NONSAT-HSat1B-HSat3-NONSAT-HSat3-NONSAT-SST1-NONSAT
NA12877_h2_chr21,NA12877,2,chr21,pedigree,8.535175,38,0,0.0,NONSAT-ACRO-NONSAT-bSat-HSat3-HSat1A-HSat3-NONSAT-ACRO-DJ-rDNA-NONSAT-HSat3-NONSAT-HSat1B-HSat3-NONSAT-HSat3-NONSAT-SST1-NONSAT-HSat1A
NA12877_h1_chr22,NA12877,1,chr22,pedigree,11.80824,43,0,0.0,ACRO-NONSAT-bSat-HSat3-HSat1A-HSat3-NONSAT-ACRO-DJ-rDNA-NONSAT-HSat1B-HSat3-NONSAT-HSat3-NONSAT-HSat3-NONSAT-HSat3-NONSAT-aSat
NA12877_h2_chr22,NA12877,2,chr22,pedigree,10.851386,48,0,0.0,ACRO-NONSAT-bSat-NONSAT-HSat3-HSat1A-HSat3-NONSAT-DJ-rDNA-NONSAT-HSat1B-HSat3-NONSAT-ACRO-NONSAT-HSat3-NONSAT-HSat3-NONSAT-aSat
NA12878_h1_chr13,NA12878,1,chr13,pedigree,8.10994,35,0,0.0,NONSAT-ACRO-NONSAT-bSat-HSat3-HSat1A-HSat3-NONSAT-ACRO-NONSAT-HSat3-NONSAT-HSat3-NONSAT-HSat3-NONSAT-SST1-NONSAT-HSat1A
NA12878_h2_chr13,NA12878,2,chr13,pedigree,8.893641,47,1,0.056657,NONSAT-bSat-HSat3-HSat1A-HSat3-NONSAT-UNK-DJ-rDNA-NONSAT-HSat3-NONSAT-HSat1B-HSat3-NONSAT-HSat3-NONSAT-SST1-NONSAT-HSat1A
NA12878_h1_chr14,NA12878,1,chr14,pedigree,9.852477,38,0,0.0,NONSAT-bSat-HSat3-HSat1A-HSat3-NONSAT-DJ-rDNA-NONSAT-HSat3-NONSAT-HSat3-NONSAT-HSat3-NONSAT-aSat
NA12878_h2_chr14,NA12878,2,chr14,pedigree,9.544297,38,1,0.053191,NONSAT-ACRO-NONSAT-bSat-NONSAT-HSat3-HSat1A-HSat3-NONSAT-ACRO-UNK-DJ-rDNA-NONSAT-HSat3-HSat1B-NONSAT-aSat
NA12878_h1_chr15,NA12878,1,chr15,pedigree,14.997969,55,0,0.0,NONSAT-ACRO-NONSAT-bSat-HSat3-HSat1A-HSat3-NONSAT-DJ-rDNA-NONSAT-HSat3-NONSAT-HSat1B-NONSAT-HSat3-NONSAT-HSat3-NONSAT-HSat3-NONSAT
NA12878_h2_chr15,NA12878,2,chr15,pedigree,8.782629,28,0,0.0,NONSAT-HSat1B-NONSAT-HSat3-NONSAT-aSat
NA12878_h1_chr21,NA12878,1,chr21,pedigree,9.280019,32,1,0.068936,NONSAT-bSat-HSat3-HSat1A-HSat3-NONSAT-ACRO-UNK-DJ-rDNA-NONSAT-HSat1B-HSat3-NONSAT-HSat3-NONSAT-SST1-NONSAT
NA12878_h2_chr21,NA12878,2,chr21,pedigree,8.697948,40,0,0.0,NONSAT-ACRO-NONSAT-bSat-NONSAT-bSat-HSat3-HSat1A-HSat3-NONSAT-ACRO-DJ-rDNA-NONSAT-HSat3-NONSAT-HSat3-NONSAT-HSat3-NONSAT-SST1-NONSAT-HSat1A
NA12878_h1_chr22,NA12878,1,chr22,pedigree,12.857736,48,0,0.0,NONSAT-ACRO-NONSAT-bSat-HSat3-HSat1A-HSat3-NONSAT-DJ-rDNA-NONSAT-HSat3-NONSAT-HSat1B-HSat3-NONSAT-HSat3-NONSAT-HSat3-NONSAT-HSat3-NONSAT-aSat
NA12878_h2_chr22,NA12878,2,chr22,pedigree,7.343553,33,0,0.0,rDNA-NONSAT-HSat3-NONSAT-HSat1B-HSat3-NONSAT-ACRO-NONSAT-HSat3-NONSAT-HSat3-NONSAT-aSat
NA12879_h1_chr13,NA12879,1,chr13,pedigree,5.890123,27,0,0.0,rDNA-NONSAT-HSat3-NONSAT-HSat1B-HSat3-NONSAT-HSat3-NONSAT-SST1-NONSAT-HSat1A
NA12879_h2_chr13,NA12879,2,chr13,pedigree,8.396911,40,0,0.0,NONSAT-ACRO-NONSAT-bSat-HSat3-HSat1A-HSat3-NONSAT-ACRO-NONSAT-DJ-rDNA-NONSAT-HSat3-NONSAT-HSat1B-HSat3-NONSAT-HSat3-NONSAT-SST1-NONSAT-HSat1A
NA12879_h1_chr14,NA12879,1,chr14,pedigree,11.208101,46,0,0.0,NONSAT-ACRO-NONSAT-HSat3-HSat1A-HSat3-NONSAT-ACRO-DJ-rDNA-NONSAT-HSat3-NONSAT-HSat3-NONSAT-aSat
NA12879_h2_chr14,NA12879,2,chr14,pedigree,10.116146,39,1,0.053191,NONSAT-ACRO-NONSAT-bSat-NONSAT-HSat3-HSat1A-HSat3-NONSAT-ACRO-UNK-DJ-rDNA-NONSAT-HSat3-HSat1B-NONSAT-aSat
NA12879_h1_chr15,NA12879,1,chr15,pedigree,6.639682,21,0,0.0,rDNA-NONSAT-HSat1B-NONSAT-HSat3-NONSAT-HSat3-NONSAT-aSat
NA12879_h2_chr15,NA12879,2,chr15,pedigree,14.994516,53,0,0.0,NONSAT-ACRO-NONSAT-bSat-HSat3-HSat1A-HSat3-NONSAT-DJ-rDNA-NONSAT-HSat3-NONSAT-HSat1B-NONSAT-HSat3-NONSAT-HSat3-NONSAT-HSat3-NONSAT
NA12879_h1_chr21,NA12879,1,chr21,pedigree,8.5375,39,0,0.0,NONSAT-ACRO-NONSAT-bSat-HSat3-HSat1A-HSat3-NONSAT-ACRO-DJ-rDNA-NONSAT-HSat3-NONSAT-HSat1B-HSat3-NONSAT-HSat3-NONSAT-SST1-NONSAT-HSat1A
NA12879_h2_chr21,NA12879,2,chr21,pedigree,8.568673,40,0,0.0,NONSAT-ACRO-NONSAT-bSat-NONSAT-bSat-HSat3-HSat1A-HSat3-NONSAT-ACRO-DJ-rDNA-NONSAT-HSat3-NONSAT-HSat3-NONSAT-HSat3-NONSAT-SST1-NONSAT-HSat1A
NA12879_h1_chr22,NA12879,1,chr22,pedigree,11.425597,42,0,0.0,ACRO-NONSAT-bSat-HSat3-HSat1A-HSat3-NONSAT-ACRO-DJ-rDNA-NONSAT-HSat1B-HSat3-NONSAT-HSat3-NONSAT-HSat3-NONSAT-HSat3-NONSAT-aSat
NA12879_h2_chr22,NA12879,2,chr22,pedigree,11.634912,55,0,0.0,NONSAT-ACRO-NONSAT-bSat-HSat3-HSat1A-HSat3-NONSAT-ACRO-DJ-rDNA-NONSAT-HSat3-NONSAT-HSat1B-HSat3-NONSAT-ACRO-NONSAT-HSat3-NONSAT-HSat3-NONSAT-aSat
NA12881_h1_chr13,NA12881,1,chr13,pedigree,7.556208,31,0,0.0,HSat3-HSat1A-NONSAT-ACRO-NONSAT-DJ-rDNA-NONSAT-SST1-NONSAT-HSat1A
NA12881_h2_chr13,NA12881,2,chr13,pedigree,4.913914,21,0,0.0,NONSAT-HSat3-NONSAT-SST1-NONSAT-HSat1A-aSat
NA12881_h1_chr14,NA12881,1,chr14,pedigree,9.675621,36,1,0.053191,NONSAT-ACRO-NONSAT-bSat-NONSAT-HSat3-HSat1A-HSat3-NONSAT-ACRO-UNK-DJ-NONSAT-HSat1B-NONSAT-aSat
NA12881_h2_chr14,NA12881,2,chr14,pedigree,7.394743,26,0,0.0,NONSAT-HSat3-NONSAT-HSat3-NONSAT-aSat
NA12881_h1_chr15,NA12881,1,chr15,pedigree,3.182594,11,0,0.0,HSat3-NONSAT-aSat-NONSAT-aSat
NA12881_h2_chr15,NA12881,2,chr15,pedigree,4.354575,11,0,0.0,HSat3-NONSAT-aSat
NA12881_h1_chr21,NA12881,1,chr21,pedigree,8.517988,41,0,0.0,NONSAT-ACRO-NONSAT-bSat-NONSAT-bSat-HSat3-HSat1A-HSat3-NONSAT-ACRO-DJ-rDNA-NONSAT-HSat3-NONSAT-HSat3-NONSAT-HSat3-NONSAT-SST1-NONSAT-HSat1A
NA12881_h2_chr21,NA12881,2,chr21,pedigree,4.665261,20,0,0.0,HSat3-NONSAT-HSat1B-HSat3-NONSAT-HSat3-NONSAT-SST1-NONSAT-HSat1A
NA12881_h1_chr22,NA12881,1,chr22,pedigree,10.633703,48,0,0.0,ACRO-NONSAT-bSat-NONSAT-HSat3-HSat1A-HSat3-NONSAT-DJ-NONSAT-HSat1B-HSat3-NONSAT-ACRO-NONSAT-HSat3-NONSAT-HSat3-NONSAT-aSat
NA12881_h2_chr22,NA12881,2,chr22,pedigree,6.141785,16,0,0.0,NONSAT-HSat3-NONSAT-aSat
NA12882_h1_chr13,NA12882,1,chr13,pedigree,8.596684,37,0,0.0,DJ-NONSAT-ACRO-NONSAT-HSat1A-NONSAT-HSat3-NONSAT-HSat1B-HSat3-NONSAT-HSat3-NONSAT-SST1-NONSAT-HSat1A
NA12882_h2_chr13,NA12882,2,chr13,pedigree,5.823769,27,0,0.0,rDNA-NONSAT-HSat3-NONSAT-HSat1B-HSat3-NONSAT-HSat3-NONSAT-SST1-NONSAT-HSat1A
NA12882_h1_chr14,NA12882,1,chr14,pedigree,8.780745,45,1,0.055176,NONSAT-ACRO-NONSAT-HSat3-HSat1A-HSat3-NONSAT-ACRO-UNK-DJ-rDNA-NONSAT-HSat3-NONSAT-HSat1B-HSat3-NONSAT-HSat3-NONSAT-HSat3-NONSAT-aSat
NA12882_h2_chr14,NA12882,2,chr14,pedigree,14.521957,61,1,0.068936,NONSAT-bSat-HSat3-HSat1A-HSat3-NONSAT-ACRO-UNK-DJ-rDNA-NONSAT-HSat3-NONSAT-HSat1B-HSat3-NONSAT-HSat3-HSat1A-HSat3-NONSAT-DJ-rDNA-NONSAT-HSat3-NONSAT-HSat3-NONSAT-HSat3-NONSAT-aSat
NA12882_h1_chr15,NA12882,1,chr15,pedigree,9.483655,28,0,0.0,NONSAT-HSat1B-NONSAT-HSat3-NONSAT-aSat
NA12882_h2_chr15,NA12882,2,chr15,pedigree,10.304418,41,1,0.056855,NONSAT-bSat-HSat3-HSat1A-HSat3-NONSAT-ACRO-UNK-DJ-rDNA-NONSAT-HSat1B-NONSAT-HSat3-NONSAT-HSat3-NONSAT-aSat
NA12882_h1_chr21,NA12882,1,chr21,pedigree,2.876771,8,0,0.0,NONSAT-SST1-NONSAT
NA12882_h2_chr21,NA12882,2,chr21,pedigree,5.944736,22,0,0.0,rDNA-NONSAT-HSat1B-HSat3-NONSAT-HSat3-NONSAT-HSat1B-HSat3-NONSAT-HSat3-NONSAT-SST1-NONSAT
NA12882_h1_chr22,NA12882,1,chr22,pedigree,11.802558,44,0,0.0,DJ-ACRO-NONSAT-HSat3-HSat1A-HSat3-bSat-NONSAT-ACRO-NONSAT-HSat1B-HSat3-NONSAT-HSat3-NONSAT-HSat3-NONSAT-HSat3-NONSAT-aSat
NA12882_h2_chr22,NA12882,2,chr22,pedigree,11.370322,54,0,0.0,NONSAT-ACRO-NONSAT-bSat-HSat3-HSat1A-HSat3-NONSAT-ACRO-DJ-rDNA-NONSAT-HSat3-NONSAT-HSat1B-HSat3-NONSAT-ACRO-NONSAT-HSat3-NONSAT-HSat3-NONSAT-aSat
NA12883_h1_chr13,NA12883,1,chr13,pedigree,5.579804,24,0,0.0,NONSAT-HSat3-NONSAT-HSat3-HSat1B-NONSAT-HSat3-NONSAT-SST1-NONSAT-HSat1A
NA12883_h2_chr13,NA12883,2,chr13,pedigree,7.544613,33,0,0.0,NONSAT-ACRO-NONSAT-bSat-HSat3-HSat1A-HSat3-NONSAT-ACRO-NONSAT-DJ-HSat1B-HSat3-NONSAT-HSat3-NONSAT-SST1-NONSAT-HSat1A
NA12883_h1_chr14,NA12883,1,chr14,pedigree,9.97472,40,1,0.053191,NONSAT-ACRO-NONSAT-bSat-NONSAT-HSat3-HSat1A-HSat3-NONSAT-ACRO-UNK-DJ-rDNA-NONSAT-HSat3-HSat1B-NONSAT-aSat
NA12883_h2_chr14,NA12883,2,chr14,pedigree,9.785107,36,0,0.0,NONSAT-ACRO-NONSAT-HSat3-HSat1A-NONSAT-HSat3-NONSAT-HSat3-NONSAT-aSat
NA12883_h2_chr15,NA12883,2,chr15,pedigree,5.641151,15,0,0.0,HSat3-NONSAT-aSat
NA12883_h1_chr21,NA12883,1,chr21,pedigree,2.398136,8,0,0.0,NONSAT-SST1-NONSAT-HSat1A
NA12883_h2_chr21,NA12883,2,chr21,pedigree,5.01053,22,0,0.0,NONSAT-HSat3-NONSAT-HSat1B-HSat3-NONSAT-HSat3-NONSAT-SST1-NONSAT-HSat1A
NA12883_h1_chr22,NA12883,1,chr22,pedigree,10.78284,39,0,0.0,ACRO-NONSAT-bSat-HSat3-HSat1A-NONSAT-HSat1B-HSat3-NONSAT-HSat3-NONSAT-HSat3-NONSAT-HSat3-NONSAT-aSat
NA12883_h2_chr22,NA12883,2,chr22,pedigree,6.487823,23,0,0.0,HSat3-NONSAT-HSat1B-HSat3-NONSAT-HSat3-NONSAT-HSat3-NONSAT-aSat
NA12884_h1_chr13,NA12884,1,chr13,pedigree,8.166265,36,0,0.0,HSat3-HSat1A-NONSAT-ACRO-NONSAT-DJ-HSat3-NONSAT-HSat1B-HSat3-NONSAT-HSat3-NONSAT-SST1-NONSAT-HSat1A
NA12884_h2_chr13,NA12884,2,chr13,pedigree,8.677093,40,0,0.0,NONSAT-ACRO-NONSAT-bSat-HSat3-HSat1A-HSat3-NONSAT-ACRO-NONSAT-DJ-rDNA-NONSAT-HSat3-NONSAT-HSat3-NONSAT-HSat3-NONSAT-SST1-NONSAT-HSat1A
NA12884_h1_chr14,NA12884,1,chr14,pedigree,10.311014,40,1,0.053191,NONSAT-ACRO-NONSAT-bSat-NONSAT-HSat3-HSat1A-HSat3-NONSAT-ACRO-UNK-DJ-rDNA-NONSAT-HSat3-HSat1B-NONSAT-aSat
NA12884_h2_chr14,NA12884,2,chr14,pedigree,10.908395,42,0,0.0,NONSAT-ACRO-NONSAT-HSat3-HSat1A-HSat3-NONSAT-ACRO-rDNA-NONSAT-HSat3-NONSAT-HSat3-NONSAT-aSat
NA12884_h1_chr15,NA12884,1,chr15,pedigree,11.582663,54,0,0.0,NONSAT-ACRO-NONSAT-bSat-HSat3-HSat1A-HSat3-NONSAT-DJ-rDNA-NONSAT-HSat3-NONSAT-HSat1B-NONSAT-HSat1B-NONSAT-HSat3-NONSAT-aSat-NONSAT-aSat
NA12884_h2_chr15,NA12884,2,chr15,pedigree,8.811863,28,0,0.0,NONSAT-HSat1B-NONSAT-HSat3-NONSAT-aSat
NA12884_h1_chr21,NA12884,1,chr21,pedigree,8.608078,40,0,0.0,NONSAT-ACRO-NONSAT-bSat-NONSAT-bSat-HSat3-HSat1A-HSat3-NONSAT-ACRO-DJ-rDNA-NONSAT-HSat3-NONSAT-HSat3-NONSAT-HSat3-NONSAT-SST1-NONSAT-HSat1A
NA12884_h2_chr21,NA12884,2,chr21,pedigree,8.128186,35,0,0.0,NONSAT-ACRO-NONSAT-bSat-NONSAT-HSat3-HSat1A-HSat3-NONSAT-ACRO-DJ-HSat3-NONSAT-HSat1B-HSat3-NONSAT-HSat3-NONSAT-SST1-NONSAT-HSat1A
NA12884_h1_chr22,NA12884,1,chr22,pedigree,7.07717,32,0,0.0,rDNA-NONSAT-HSat3-NONSAT-HSat1B-HSat3-NONSAT-ACRO-NONSAT-HSat3-NONSAT-HSat3-NONSAT-aSat
NA12884_h2_chr22,NA12884,2,chr22,pedigree,11.648529,45,0,0.0,ACRO-NONSAT-bSat-HSat3-HSat1A-HSat3-NONSAT-ACRO-DJ-rDNA-NONSAT-HSat1B-HSat3-NONSAT-HSat3-NONSAT-HSat3-NONSAT-HSat3-NONSAT-aSat
NA12885_h1_chr13,NA12885,1,chr13,pedigree,8.512301,39,0,0.0,NONSAT-ACRO-NONSAT-bSat-HSat3-HSat1A-HSat3-NONSAT-ACRO-NONSAT-DJ-rDNA-NONSAT-HSat3-NONSAT-HSat3-NONSAT-HSat3-NONSAT-SST1-NONSAT-HSat1A
NA12885_h2_chr13,NA12885,2,chr13,pedigree,8.612037,39,0,0.0,HSat3-HSat1A-NONSAT-ACRO-NONSAT-DJ-rDNA-NONSAT-HSat3-NONSAT-HSat1B-HSat3-NONSAT-HSat3-NONSAT-SST1-NONSAT-HSat1A
NA12885_h1_chr14,NA12885,1,chr14,pedigree,9.011343,45,1,0.055176,NONSAT-ACRO-NONSAT-HSat3-HSat1A-HSat3-NONSAT-ACRO-UNK-DJ-rDNA-NONSAT-HSat3-NONSAT-HSat1B-HSat3-NONSAT-HSat3-NONSAT-HSat3-NONSAT-aSat
NA12885_h2_chr14,NA12885,2,chr14,pedigree,10.155918,39,1,0.053191,NONSAT-ACRO-NONSAT-bSat-NONSAT-HSat3-HSat1A-HSat3-NONSAT-ACRO-UNK-DJ-rDNA-NONSAT-HSat3-HSat1B-NONSAT-aSat
NA12885_h1_chr15,NA12885,1,chr15,pedigree,13.2053,47,0,0.0,NONSAT-ACRO-NONSAT-bSat-HSat3-HSat1A-HSat3-NONSAT-ACRO-DJ-NONSAT-HSat1B-NONSAT-HSat3-NONSAT-aSat
NA12885_h2_chr15,NA12885,2,chr15,pedigree,10.255806,41,1,0.056855,NONSAT-bSat-HSat3-HSat1A-HSat3-NONSAT-ACRO-UNK-DJ-NONSAT-HSat1B-NONSAT-HSat3-NONSAT-HSat3-NONSAT-aSat
NA12885_h1_chr21,NA12885,1,chr21,pedigree,8.629797,40,0,0.0,NONSAT-ACRO-NONSAT-bSat-NONSAT-bSat-HSat3-HSat1A-HSat3-NONSAT-ACRO-DJ-rDNA-NONSAT-HSat3-NONSAT-HSat3-NONSAT-HSat3-NONSAT-SST1-NONSAT-HSat1A
NA12885_h2_chr21,NA12885,2,chr21,pedigree,7.859556,32,0,0.0,NONSAT-ACRO-NONSAT-bSat-HSat3-HSat1A-HSat3-NONSAT-DJ-rDNA-NONSAT-HSat1B-HSat3-NONSAT-HSat3-NONSAT-SST1-NONSAT
NA12885_h1_chr22,NA12885,1,chr22,pedigree,10.721836,50,0,0.0,ACRO-NONSAT-bSat-NONSAT-HSat3-HSat1A-HSat3-NONSAT-DJ-rDNA-NONSAT-HSat1B-HSat3-NONSAT-ACRO-NONSAT-HSat3-NONSAT-HSat3-NONSAT-aSat
NA12885_h2_chr22,NA12885,2,chr22,pedigree,12.839606,49,0,0.0,NONSAT-ACRO-NONSAT-bSat-HSat3-HSat1A-HSat3-NONSAT-DJ-rDNA-NONSAT-HSat3-NONSAT-HSat1B-HSat3-NONSAT-HSat3-NONSAT-HSat3-NONSAT-HSat3-NONSAT-aSat
NA12886_h1_chr13,NA12886,1,chr13,pedigree,6.14073,26,0,0.0,NONSAT-HSat3-NONSAT-HSat1B-HSat3-NONSAT-HSat3-NONSAT-SST1-NONSAT-HSat1A
NA12886_h2_chr13,NA12886,2,chr13,pedigree,8.575615,40,0,0.0,NONSAT-ACRO-NONSAT-bSat-HSat3-HSat1A-HSat3-NONSAT-ACRO-NONSAT-DJ-rDNA-NONSAT-HSat3-NONSAT-HSat3-NONSAT-HSat3-NONSAT-SST1-NONSAT-HSat1A
NA12886_h1_chr14,NA12886,1,chr14,pedigree,10.93885,44,0,0.0,NONSAT-ACRO-NONSAT-HSat3-HSat1A-HSat3-NONSAT-ACRO-DJ-rDNA-NONSAT-HSat3-NONSAT-HSat3-NONSAT-aSat
NA12886_h2_chr14,NA12886,2,chr14,pedigree,9.776834,39,0,0.0,NONSAT-bSat-HSat3-HSat1A-HSat3-NONSAT-DJ-rDNA-NONSAT-HSat3-NONSAT-HSat3-NONSAT-HSat3-NONSAT-aSat
NA12886_h1_chr15,NA12886,1,chr15,pedigree,9.458233,29,0,0.0,rDNA-NONSAT-HSat1B-NONSAT-HSat3-NONSAT-aSat
NA12886_h2_chr15,NA12886,2,chr15,pedigree,10.19614,40,1,0.056855,NONSAT-bSat-HSat3-HSat1A-HSat3-NONSAT-ACRO-UNK-DJ-NONSAT-HSat1B-NONSAT-HSat3-NONSAT-HSat3-NONSAT-aSat
NA12886_h1_chr21,NA12886,1,chr21,pedigree,2.458111,8,0,0.0,NONSAT-SST1-NONSAT-HSat1A
NA12886_h2_chr21,NA12886,2,chr21,pedigree,8.450803,35,0,0.0,NONSAT-ACRO-NONSAT-bSat-HSat3-HSat1A-HSat3-NONSAT-DJ-rDNA-NONSAT-HSat1B-HSat3-NONSAT-HSat3-NONSAT-SST1-NONSAT
NA12886_h1_chr22,NA12886,1,chr22,pedigree,11.350837,50,0,0.0,NONSAT-ACRO-NONSAT-bSat-HSat3-HSat1A-HSat3-NONSAT-ACRO-rDNA-NONSAT-HSat3-NONSAT-HSat1B-HSat3-NONSAT-ACRO-NONSAT-HSat3-NONSAT-HSat3-NONSAT-aSat
NA12886_h2_chr22,NA12886,2,chr22,pedigree,11.521723,44,0,0.0,ACRO-NONSAT-bSat-HSat3-HSat1A-HSat3-NONSAT-ACRO-DJ-rDNA-NONSAT-HSat1B-HSat3-NONSAT-HSat3-NONSAT-HSat3-NONSAT-HSat3-NONSAT-aSat
NA12887_h1_chr13,NA12887,1,chr13,pedigree,5.979452,27,0,0.0,rDNA-NONSAT-HSat3-NONSAT-HSat3-NONSAT-HSat3-NONSAT-SST1-NONSAT-HSat1A
NA12887_h2_chr13,NA12887,2,chr13,pedigree,4.094251,16,0,0.0,HSat3-NONSAT-SST1-NONSAT-HSat1A
NA12887_h1_chr14,NA12887,1,chr14,pedigree,10.058394,39,1,0.053191,NONSAT-ACRO-NONSAT-bSat-NONSAT-HSat3-HSat1A-HSat3-NONSAT-ACRO-UNK-DJ-rDNA-NONSAT-HSat3-HSat1B-NONSAT-aSat
NA12887_h2_chr14,NA12887,2,chr14,pedigree,7.578683,34,0,0.0,HSat3-HSat1A-HSat3-NONSAT-ACRO-NONSAT-HSat3-NONSAT-HSat1B-HSat3-NONSAT-HSat3-NONSAT-HSat3-NONSAT-aSat
NA12887_h1_chr15,NA12887,1,chr15,pedigree,9.626482,41,1,0.056855,NONSAT-bSat-HSat3-HSat1A-HSat3-NONSAT-ACRO-UNK-DJ-rDNA-NONSAT-HSat1B-NONSAT-HSat3-NONSAT-HSat3-NONSAT-aSat
NA12887_h2_chr15,NA12887,2,chr15,pedigree,11.838737,38,0,0.0,rDNA-NONSAT-HSat3-NONSAT-HSat1B-NONSAT-HSat3-NONSAT-HSat3-NONSAT-HSat3-NONSAT
NA12887_h1_chr21,NA12887,1,chr21,pedigree,4.504258,15,0,0.0,rDNA-NONSAT-HSat1B-HSat3-NONSAT-HSat3-NONSAT
NA12887_h2_chr21,NA12887,2,chr21,pedigree,5.40101,22,0,0.0,rDNA-NONSAT-HSat3-NONSAT-HSat3-NONSAT-HSat3-NONSAT-HSat1A
NA12887_h1_chr22,NA12887,1,chr22,pedigree,8.746668,31,0,0.0,rDNA-NONSAT-HSat1B-HSat3-NONSAT-HSat3-NONSAT-HSat3-NONSAT-HSat3-NONSAT-aSat
NA12887_h2_chr22,NA12887,2,chr22,pedigree,8.710366,31,0,0.0,rDNA-NONSAT-HSat3-NONSAT-HSat1B-HSat3-NONSAT-HSat3-NONSAT-HSat3-NONSAT-HSat3-NONSAT-aSat
K200080_h1_chr13,K200080,1,chr13,pedigree,5.309353,22,1,0.053983,rDNA-NONSAT-HSat3-NONSAT-HSat1B-HSat3-NONSAT-HSat3-NONSAT-SST1-NONSAT-UNK-NONSAT-HSat1A
K200080_h2_chr13,K200080,2,chr13,pedigree,4.960495,19,0,0.0,rDNA-NONSAT-HSat3-NONSAT-HSat1B-HSat3-NONSAT-HSat1A
K200080_h1_chr14,K200080,1,chr14,pedigree,7.949828,25,0,0.0,NONSAT-HSat1B-NONSAT-HSat3-NONSAT-aSat
K200080_h2_chr14,K200080,2,chr14,pedigree,6.424207,23,0,0.0,rDNA-NONSAT-HSat3-NONSAT-HSat1B-HSat3-NONSAT-aSat
K200080_h1_chr15,K200080,1,chr15,pedigree,10.01137,32,0,0.0,HSat3-bSat-NONSAT-ACRO-DJ-rDNA-NONSAT-HSat3-NONSAT-HSat1B-NONSAT-HSat3-NONSAT-aSat
K200080_h2_chr15,K200080,2,chr15,pedigree,11.786114,35,0,0.0,NONSAT-HSat1B-NONSAT-HSat3-NONSAT
K200080_h1_chr22,K200080,1,chr22,pedigree,9.675334,38,0,0.0,rDNA-NONSAT-HSat1B-HSat3-NONSAT-ACRO-NONSAT-HSat3-NONSAT-HSat3-NONSAT-aSat
K200080_h2_chr22,K200080,2,chr22,pedigree,9.553063,46,0,0.0,NONSAT-ACRO-NONSAT-bSat-NONSAT-HSat3-HSat1A-HSat3-NONSAT-ACRO-NONSAT-DJ-rDNA-NONSAT-HSat3-NONSAT-HSat1B-HSat3-NONSAT-ACRO-NONSAT-HSat3-NONSAT-HSat3-NONSAT-aSat
K200081_h1_chr13,K200081,1,chr13,pedigree,3.463701,12,0,0.0,HSat3-NONSAT-SST1-NONSAT-HSat1A
K200081_h2_chr13,K200081,2,chr13,pedigree,5.149957,21,1,0.053983,NONSAT-HSat3-NONSAT-HSat1B-HSat3-NONSAT-SST1-NONSAT-UNK-NONSAT-HSat1A
K200081_h1_chr14,K200081,1,chr14,pedigree,9.192384,36,0,0.0,HSat1A-HSat3-NONSAT-ACRO-DJ-rDNA-NONSAT-HSat3-NONSAT-HSat3-NONSAT-aSat
K200081_h2_chr14,K200081,2,chr14,pedigree,6.414685,22,0,0.0,rDNA-NONSAT-HSat3-NONSAT-HSat1B-HSat3-NONSAT-aSat
K200081_h1_chr15,K200081,1,chr15,pedigree,8.805869,28,0,0.0,NONSAT-HSat1B-NONSAT-HSat3-NONSAT
K200081_h2_chr15,K200081,2,chr15,pedigree,7.582958,29,1,0.056855,HSat1A-HSat3-NONSAT-ACRO-UNK-DJ-rDNA-NONSAT-HSat1B-NONSAT-HSat3-NONSAT-HSat3-NONSAT-aSat
K200081_h1_chr22,K200081,1,chr22,pedigree,9.886425,49,0,0.0,NONSAT-ACRO-NONSAT-bSat-HSat3-HSat1A-HSat3-NONSAT-ACRO-DJ-rDNA-NONSAT-HSat3-NONSAT-HSat1B-HSat3-NONSAT-ACRO-NONSAT-HSat3-NONSAT-HSat3-NONSAT-aSat
K200081_h2_chr22,K200081,2,chr22,pedigree,8.307457,39,0,0.0,HSat1A-HSat3-NONSAT-ACRO-NONSAT-DJ-rDNA-NONSAT-HSat3-NONSAT-HSat1B-HSat3-NONSAT-ACRO-NONSAT-HSat3-NONSAT-HSat3-NONSAT-aSat
K200082_h1_chr14,K200082,1,chr14,pedigree,9.668341,33,0,0.0,HSat3-HSat1A-HSat3-NONSAT-ACRO-NONSAT-DJ-NONSAT-HSat1B-NONSAT-HSat3-NONSAT-aSat
K200082_h2_chr14,K200082,2,chr14,pedigree,8.190041,30,0,0.0,rDNA-NONSAT-HSat3-NONSAT-HSat3-NONSAT-aSat
K200082_h1_chr15,K200082,1,chr15,pedigree,4.372249,12,0,0.0,HSat3-NONSAT-HSat3-NONSAT-aSat
K200082_h2_chr15,K200082,2,chr15,pedigree,8.317872,22,0,0.0,HSat3-NONSAT
K200082_h1_chr21,K200082,1,chr21,pedigree,6.689123,28,0,0.0,HSat1A-HSat3-NONSAT-ACRO-DJ-rDNA-NONSAT-rDNA-NONSAT-HSat3-NONSAT-HSat3-NONSAT-HSat3-NONSAT-SST1-NONSAT-HSat1A
K200082_h2_chr21,K200082,2,chr21,pedigree,4.746613,19,0,0.0,HSat3-NONSAT-HSat1B-HSat3-NONSAT-HSat3-NONSAT-SST1-NONSAT-HSat1A
K200082_h1_chr22,K200082,1,chr22,pedigree,7.570932,34,0,0.0,rDNA-NONSAT-HSat1B-HSat3-NONSAT-ACRO-NONSAT-HSat3-NONSAT-HSat3-NONSAT-aSat
K200082_h2_chr22,K200082,2,chr22,pedigree,7.008319,31,0,0.0,NONSAT-HSat3-NONSAT-HSat1B-HSat3-NONSAT-ACRO-NONSAT-HSat3-NONSAT-HSat3-NONSAT-aSat
K200084_h1_chr13,K200084,1,chr13,pedigree,3.592569,13,0,0.0,NONSAT-SST1-NONSAT-HSat1A
K200084_h2_chr13,K200084,2,chr13,pedigree,5.041337,20,1,0.053983,NONSAT-HSat3-NONSAT-HSat1B-HSat3-NONSAT-HSat3-NONSAT-SST1-NONSAT-UNK-NONSAT
K200084_h1_chr14,K200084,1,chr14,pedigree,9.459599,31,0,0.0,NONSAT-ACRO-NONSAT-bSat-HSat3-HSat1A-NONSAT-HSat1B-NONSAT-HSat3-NONSAT-aSat
K200084_h2_chr14,K200084,2,chr14,pedigree,10.063186,39,1,0.053191,NONSAT-ACRO-NONSAT-bSat-NONSAT-HSat3-HSat1A-HSat3-NONSAT-ACRO-UNK-DJ-rDNA-NONSAT-HSat3-HSat1B-NONSAT-aSat
K200084_h1_chr15,K200084,1,chr15,pedigree,9.982685,31,0,0.0,HSat1A-HSat3-bSat-NONSAT-ACRO-DJ-rDNA-NONSAT-HSat3-NONSAT-HSat1B-NONSAT-HSat3-NONSAT-aSat
K200084_h2_chr15,K200084,2,chr15,pedigree,11.857634,38,0,0.0,rDNA-NONSAT-HSat3-NONSAT-HSat1B-NONSAT-HSat3-NONSAT-HSat3-NONSAT-HSat3-NONSAT
K200084_h1_chr21,K200084,1,chr21,pedigree,4.777101,18,0,0.0,NONSAT-HSat3-NONSAT-HSat1B-HSat3-NONSAT-HSat3-NONSAT-SST1-NONSAT
K200084_h2_chr21,K200084,2,chr21,pedigree,4.462803,15,0,0.0,NONSAT-HSat1B-HSat3-NONSAT-HSat3-NONSAT-SST1-NONSAT-HSat1A
K200084_h1_chr22,K200084,1,chr22,pedigree,9.827919,50,0,0.0,NONSAT-ACRO-NONSAT-bSat-HSat3-HSat1A-HSat3-NONSAT-ACRO-DJ-rDNA-NONSAT-HSat3-NONSAT-HSat1B-HSat3-NONSAT-ACRO-NONSAT-HSat3-NONSAT-HSat3-NONSAT-aSat
K200084_h2_chr22,K200084,2,chr22,pedigree,9.677963,48,0,0.0,NONSAT-ACRO-NONSAT-bSat-NONSAT-bSat-HSat3-HSat1A-HSat3-NONSAT-ACRO-NONSAT-DJ-rDNA-NONSAT-HSat3-NONSAT-HSat1B-HSat3-NONSAT-ACRO-NONSAT-HSat3-NONSAT-HSat3-NONSAT-aSat
K200085_h1_chr13,K200085,1,chr13,pedigree,6.902385,31,0,0.0,ACRO-NONSAT-bSat-NONSAT-HSat3-HSat1A-HSat3-NONSAT-DJ-rDNA-NONSAT-HSat1A
K200085_h2_chr13,K200085,2,chr13,pedigree,3.917761,18,0,0.0,NONSAT-SST1-NONSAT-HSat1A
K200085_h1_chr14,K200085,1,chr14,pedigree,6.27245,21,0,0.0,rDNA-NONSAT-HSat3-NONSAT-HSat1B-HSat3-NONSAT-aSat
K200085_h2_chr14,K200085,2,chr14,pedigree,10.243035,39,1,0.053191,NONSAT-ACRO-NONSAT-bSat-NONSAT-HSat3-HSat1A-HSat3-NONSAT-ACRO-UNK-DJ-rDNA-NONSAT-HSat3-HSat1B-NONSAT-aSat
K200085_h1_chr15,K200085,1,chr15,pedigree,8.106308,25,0,0.0,HSat3-NONSAT-HSat3-NONSAT-HSat1B-NONSAT-HSat3-NONSAT
K200085_h2_chr15,K200085,2,chr15,pedigree,10.416419,34,0,0.0,NONSAT-ACRO-NONSAT-HSat3-HSat1A-HSat3-NONSAT-ACRO-DJ-NONSAT-HSat1B-NONSAT-HSat3-NONSAT-aSat
K200085_h1_chr21,K200085,1,chr21,pedigree,4.966599,19,0,0.0,rDNA-NONSAT-HSat3-NONSAT-HSat3-NONSAT-HSat3-NONSAT-SST1-NONSAT-HSat1A
K200085_h2_chr21,K200085,2,chr21,pedigree,3.654301,14,0,0.0,NONSAT-SST1-NONSAT-HSat1A
K200085_h1_chr22,K200085,1,chr22,pedigree,10.326249,46,0,0.0,HSat1A-HSat3-NONSAT-ACRO-DJ-rDNA-NONSAT-HSat3-NONSAT-HSat1B-HSat3-NONSAT-ACRO-NONSAT-HSat3-NONSAT-HSat3-NONSAT-aSat
K200085_h2_chr22,K200085,2,chr22,pedigree,10.186576,49,0,0.0,NONSAT-ACRO-NONSAT-bSat-NONSAT-bSat-HSat3-HSat1A-HSat3-NONSAT-ACRO-NONSAT-DJ-rDNA-NONSAT-HSat3-NONSAT-HSat1B-HSat3-NONSAT-ACRO-NONSAT-HSat3-NONSAT-aSat
K200086_h2_chr15,K200086,2,chr15,pedigree,3.636301,14,0,0.0,NONSAT-HSat1B-NONSAT
K200086_h1_chr21,K200086,1,chr21,pedigree,3.627259,13,0,0.0,HSat3-NONSAT-HSat3-NONSAT-SST1-NONSAT-aSat
K200086_h2_chr21,K200086,2,chr21,pedigree,0.116753,1,0,0.0,aSat
K200086_h1_chr22,K200086,1,chr22,pedigree,5.398627,19,0,0.0,NONSAT-HSat3-NONSAT-HSat3-NONSAT-aSat
K200086_h2_chr22,K200086,2,chr22,pedigree,2.049945,12,0,0.0,NONSAT-rDNA-DJ-NONSAT-ACRO-NONSAT-HSat3
K200087_h2_chr13,K200087,2,chr13,pedigree,2.235783,6,0,0.0,NONSAT-SST1-NONSAT-HSat1A
K200087_h1_chr14,K200087,1,chr14,pedigree,7.720696,25,0,0.0,NONSAT-HSat1B-NONSAT-HSat3-NONSAT-aSat
K200087_h2_chr14,K200087,2,chr14,pedigree,7.465884,28,0,0.0,NONSAT-HSat3-NONSAT-aSat
K200087_h1_chr15,K200087,1,chr15,pedigree,6.209424,21,0,0.0,HSat3-NONSAT-HSat1B-NONSAT-HSat3-NONSAT-HSat3-NONSAT-aSat
K200087_h2_chr15,K200087,2,chr15,pedigree,5.490562,14,0,0.0,HSat3-NONSAT-HSat1B-NONSAT-HSat3-NONSAT-aSat
K200087_h1_chr22,K200087,1,chr22,pedigree,5.837374,21,0,0.0,HSat3-NONSAT-ACRO-NONSAT-HSat3-NONSAT-HSat3-NONSAT-aSat
K200087_h2_chr22,K200087,2,chr22,pedigree,6.439425,26,0,0.0,NONSAT-HSat1B-HSat3-NONSAT-ACRO-NONSAT-HSat3-NONSAT-HSat3-NONSAT-aSat
HG00097_h1_chr21,HG00097,1,chr21,censat,8.795839,46,3,0.426922,UNK-NONSAT-bSat-HSat3-HSat1A-HSat3-NONSAT-UNK-NONSAT-rDNA-NONSAT-HSat3-bSat-HSat3-NONSAT-HSat3-NONSAT-HSat3-NONSAT-HSat3-aSat-NONSAT-aSat-HSat3-NONSAT-UNK-NONSAT-aSat-HSat3-aSat-HSat3-NONSAT-HSat1A
HG00097_h1_chr22,HG00097,1,chr22,censat,9.431363,49,4,0.549625,UNK-NONSAT-bSat-HSat3-HSat1A-HSat3-NONSAT-UNK-NONSAT-rDNA-NONSAT-bSat-HSat3-NONSAT-HSat1B-HSat3-UNK-NONSAT-HSat3-bSat-HSat3-NONSAT-bSat-NONSAT-aSat-HSat3-NONSAT-HSat3-NONSAT-HSat3-aSat-HSat3-aSat-NONSAT-aSat-NONSAT-aSat-NONSAT
HG00097_h1_chr13,HG00097,1,chr13,censat,6.36975,33,0,0.0,NONSAT-rDNA-NONSAT-bSat-HSat3-NONSAT-HSat1B-HSat3-NONSAT-HSat3-NONSAT-HSat3-aSat-NONSAT-aSat-HSat3-NONSAT-aSat-HSat3-aSat-HSat3-NONSAT-HSat1A
HG00097_h1_chr15,HG00097,1,chr15,censat,9.75082,28,0,0.0,rDNA-NONSAT-HSat3-bSat-NONSAT-HSat1B-HSat3-aSat-HSat3-aSat-NONSAT-aSat-NONSAT-aSat-HSat3-aSat-HSat3-aSat-NONSAT
HG00097_h1_chr14,HG00097,1,chr14,censat,7.985714,48,0,0.0,rDNA-NONSAT-bSat-NONSAT-HSat1B-HSat3-bSat-NONSAT-HSat3-bSat-HSat3-NONSAT-HSat3-aSat-HSat3-aSat-NONSAT-HSat3-aSat-NONSAT-aSat-HSat3-NONSAT-HSat3-aSat-HSat3-aSat-NONSAT-aSat-NONSAT
HG00097_h2_chr21,HG00097,2,chr21,censat,9.27985,39,4,0.527131,UNK-NONSAT-bSat-HSat3-HSat1A-HSat3-NONSAT-UNK-NONSAT-UNK-NONSAT-HSat3-HSat1B-NONSAT-HSat3-aSat-NONSAT-aSat-HSat3-NONSAT-UNK-NONSAT-aSat-HSat3-aSat-HSat3-NONSAT-HSat1A
HG00097_h2_chr22,HG00097,2,chr22,censat,9.775654,49,3,0.381562,UNK-NONSAT-bSat-HSat3-HSat1A-HSat3-NONSAT-UNK-NONSAT-rDNA-NONSAT-bSat-HSat3-NONSAT-HSat1B-HSat3-UNK-NONSAT-HSat3-bSat-HSat3-NONSAT-bSat-NONSAT-aSat-HSat3-NONSAT-HSat3-NONSAT-HSat3-aSat-HSat3-aSat-NONSAT-aSat-NONSAT-aSat-NONSAT
HG00097_h2_chr14,HG00097,2,chr14,censat,7.170381,44,0,0.0,rDNA-NONSAT-HSat3-bSat-NONSAT-HSat1B-HSat3-NONSAT-HSat3-bSat-HSat3-aSat-HSat3-NONSAT-bSat-NONSAT-aSat-HSat3-NONSAT-HSat3-NONSAT-HSat3-aSat-HSat3-aSat-NONSAT-aSat-NONSAT
HG00097_h2_chr13,HG00097,2,chr13,censat,5.78867,33,1,0.076579,NONSAT-bSat-HSat3-NONSAT-HSat1B-HSat3-NONSAT-HSat3-NONSAT-HSat3-aSat-NONSAT-aSat-HSat3-NONSAT-UNK-NONSAT-aSat-HSat3-aSat-HSat3-NONSAT-HSat1A
HG00097_h2_chr15,HG00097,2,chr15,censat,7.429689,28,0,0.0,rDNA-NONSAT-HSat3-bSat-NONSAT-HSat1B-HSat3-aSat-HSat3-aSat-NONSAT-aSat-NONSAT-aSat-HSat3-aSat-HSat3-aSat-NONSAT
HG00099_h1_chr13,HG00099,1,chr13,censat,1.967416,10,0,0.0,NONSAT-aSat-HSat3-aSat-HSat3-NONSAT-HSat1A
HG00099_h1_chr14,HG00099,1,chr14,censat,5.731858,33,0,0.0,rDNA-NONSAT-bSat-HSat3-NONSAT-HSat3-NONSAT-HSat3-aSat-NONSAT-HSat3-aSat-NONSAT-aSat-HSat3-NONSAT-HSat3-aSat-HSat3-aSat-NONSAT-aSat-NONSAT
HG00099_h1_chr15,HG00099,1,chr15,censat,11.967288,27,0,0.0,rDNA-NONSAT-bSat-NONSAT-HSat1B-HSat3-aSat-HSat3-aSat-NONSAT-aSat-NONSAT-aSat-HSat3-aSat-NONSAT
HG00099_h1_chr22,HG00099,1,chr22,censat,7.939485,40,0,0.0,rDNA-NONSAT-bSat-HSat3-NONSAT-HSat1B-HSat3-NONSAT-HSat3-bSat-HSat3-aSat-HSat3-NONSAT-bSat-NONSAT-aSat-HSat3-NONSAT-HSat3-NONSAT-HSat3-aSat-HSat3-aSat-NONSAT-aSat-NONSAT-aSat-NONSAT
HG00099_h2_chr22,HG00099,2,chr22,censat,10.197158,55,2,0.318089,NONSAT-UNK-NONSAT-bSat-HSat3-HSat1A-HSat3-NONSAT-UNK-NONSAT-rDNA-NONSAT-HSat3-bSat-NONSAT-HSat1B-HSat3-NONSAT-HSat3-bSat-HSat3-aSat-HSat3-NONSAT-bSat-NONSAT-aSat-HSat3-NONSAT-HSat3-NONSAT-HSat3-aSat-HSat3-aSat-NONSAT-aSat-NONSAT-aSat-NONSAT
HG00099_h2_chr13,HG00099,2,chr13,censat,5.637027,31,1,0.070932,rDNA-NONSAT-bSat-HSat3-NONSAT-HSat3-NONSAT-HSat3-NONSAT-HSat3-aSat-NONSAT-aSat-HSat3-NONSAT-UNK-NONSAT-aSat-HSat3-aSat-HSat3-NONSAT-HSat1A
HG00099_h2_chr14,HG00099,2,chr14,censat,5.671355,34,0,0.0,rDNA-NONSAT-rDNA-NONSAT-bSat-NONSAT-HSat1B-HSat3-bSat-NONSAT-HSat3-bSat-HSat3-NONSAT-HSat3-NONSAT-HSat3-aSat-HSat3-aSat-NONSAT-aSat-NONSAT
HG00099_h2_chr21,HG00099,2,chr21,censat,5.621093,31,1,0.063859,NONSAT-HSat3-bSat-HSat3-NONSAT-HSat3-NONSAT-HSat3-aSat-NONSAT-aSat-HSat3-NONSAT-UNK-NONSAT-aSat-HSat3-aSat-HSat3-NONSAT-HSat1A
HG00099_h2_chr15,HG00099,2,chr15,censat,11.482111,31,0,0.0,rDNA-NONSAT-bSat-HSat3-NONSAT-HSat1B-HSat3-aSat-HSat3-aSat-NONSAT-aSat-HSat3-aSat-HSat3-aSat-NONSAT-aSat-NONSAT-aSat-HSat3-aSat-NONSAT
HG00126_h1_chr21,HG00126,1,chr21,censat,4.858891,30,1,0.070904,rDNA-NONSAT-HSat3-bSat-HSat3-HSat1B-NONSAT-HSat3-aSat-NONSAT-aSat-HSat3-NONSAT-UNK-NONSAT-aSat-HSat3-aSat-HSat3-NONSAT-HSat1A
HG00126_h1_chr22,HG00126,1,chr22,censat,6.19008,37,0,0.0,rDNA-NONSAT-bSat-HSat3-NONSAT-HSat1B-HSat3-NONSAT-HSat3-bSat-HSat3-NONSAT-bSat-NONSAT-aSat-HSat3-NONSAT-HSat3-NONSAT-HSat3-aSat-HSat3-aSat-NONSAT-aSat-NONSAT-aSat-NONSAT
HG00126_h1_chr13,HG00126,1,chr13,censat,7.237274,34,0,0.0,rDNA-NONSAT-HSat3-bSat-NONSAT-HSat1B-HSat3-NONSAT-HSat3-aSat-NONSAT-aSat-HSat3-NONSAT-aSat-HSat3-aSat-HSat3-NONSAT-HSat1A
HG00126_h1_chr15,HG00126,1,chr15,censat,3.784298,24,0,0.0,aSat-HSat3-aSat-NONSAT-aSat-HSat3-aSat-HSat3-aSat-NONSAT-aSat-NONSAT-aSat-HSat3-aSat-NONSAT
HG00126_h2_chr14,HG00126,2,chr14,censat,10.194406,50,2,0.351642,NONSAT-bSat-HSat3-HSat1A-HSat3-NONSAT-UNK-NONSAT-UNK-NONSAT-rDNA-NONSAT-HSat3-bSat-HSat3-HSat1B-NONSAT-HSat3-aSat-NONSAT-HSat3-aSat-NONSAT-aSat-HSat3-NONSAT-HSat3-aSat-HSat3-aSat-NONSAT-aSat-NONSAT
HG00126_h2_chr15,HG00126,2,chr15,censat,6.533305,27,0,0.0,rDNA-NONSAT-HSat3-bSat-NONSAT-HSat1B-HSat3-aSat-HSat3-aSat-NONSAT-aSat-NONSAT-aSat-HSat3-aSat-NONSAT
HG00126_h2_chr13,HG00126,2,chr13,censat,5.481034,34,0,0.0,rDNA-NONSAT-rDNA-NONSAT-bSat-HSat3-NONSAT-HSat3-NONSAT-HSat3-HSat1B-NONSAT-HSat3-aSat-NONSAT-aSat-HSat3-NONSAT-aSat-HSat3-aSat-HSat3-NONSAT-HSat1A
HG00126_h2_chr21,HG00126,2,chr21,censat,4.810643,32,1,0.076575,rDNA-NONSAT-bSat-HSat3-NONSAT-HSat1B-HSat3-NONSAT-HSat3-NONSAT-HSat3-aSat-NONSAT-aSat-HSat3-NONSAT-UNK-NONSAT-aSat-HSat3-aSat-HSat3-NONSAT-HSat1A
HG00128_h1_chr14,HG00128,1,chr14,censat,12.160592,60,2,0.665379,NONSAT-UNK-NONSAT-bSat-HSat3-HSat1A-HSat3-NONSAT-UNK-NONSAT-rDNA-NONSAT-bSat-NONSAT-HSat1B-HSat3-bSat-NONSAT-HSat3-bSat-HSat3-NONSAT-HSat3-aSat-HSat3-aSat-NONSAT-HSat3-aSat-NONSAT-aSat-HSat3-NONSAT-HSat3-aSat-HSat3-aSat-NONSAT-aSat-NONSAT
HG00128_h1_chr15,HG00128,1,chr15,censat,11.63558,39,3,0.669155,UNK-NONSAT-bSat-HSat3-HSat1A-UNK-NONSAT-UNK-NONSAT-rDNA-NONSAT-bSat-NONSAT-HSat1B-HSat3-HSat1B-HSat3-aSat-HSat3-aSat-NONSAT-aSat-NONSAT-aSat-HSat3-aSat-NONSAT
HG00128_h1_chr13,HG00128,1,chr13,censat,7.080626,33,1,0.08362,rDNA-NONSAT-bSat-HSat3-NONSAT-HSat1B-HSat3-NONSAT-HSat3-NONSAT-HSat3-aSat-NONSAT-aSat-HSat3-NONSAT-UNK-NONSAT-aSat-HSat3-aSat-HSat3-NONSAT-HSat1A
HG00128_h1_chr22,HG00128,1,chr22,censat,6.647488,36,0,0.0,rDNA-NONSAT-bSat-HSat3-NONSAT-HSat1B-HSat3-NONSAT-HSat3-bSat-HSat3-NONSAT-bSat-NONSAT-aSat-HSat3-NONSAT-HSat3-NONSAT-HSat3-aSat-HSat3-aSat-NONSAT-aSat-NONSAT-aSat-NONSAT
HG00128_h2_chr15,HG00128,2,chr15,censat,13.768958,41,1,0.268005,UNK-NONSAT-bSat-HSat3-HSat1A-HSat3-rDNA-NONSAT-bSat-NONSAT-HSat1B-HSat3-aSat-HSat3-aSat-NONSAT-aSat-HSat3-aSat-HSat3-aSat-NONSAT-aSat-NONSAT-aSat-HSat3-aSat-NONSAT
HG00128_h2_chr14,HG00128,2,chr14,censat,5.912044,35,1,0.070845,rDNA-NONSAT-bSat-HSat3-NONSAT-HSat3-NONSAT-HSat3-aSat-NONSAT-UNK-NONSAT-HSat3-aSat-NONSAT-aSat-HSat3-NONSAT-HSat3-aSat-HSat3-aSat-NONSAT-aSat-NONSAT
HG00133_h1_chr14,HG00133,1,chr14,censat,10.65156,61,3,0.275841,NONSAT-UNK-NONSAT-bSat-HSat3-HSat1A-HSat3-NONSAT-UNK-NONSAT-UNK-NONSAT-bSat-NONSAT-HSat1B-HSat3-bSat-NONSAT-HSat3-bSat-HSat3-NONSAT-HSat3-aSat-HSat3-aSat-NONSAT-HSat3-aSat-NONSAT-aSat-HSat3-NONSAT-HSat3-aSat-HSat3-aSat-NONSAT-aSat-NONSAT
HG00133_h1_chr15,HG00133,1,chr15,censat,6.402574,17,1,1.090524,UNK-aSat-HSat3-aSat-NONSAT-aSat-NONSAT-aSat-HSat3-aSat-NONSAT
HG00133_h1_chr13,HG00133,1,chr13,censat,4.923364,24,1,0.097798,HSat3-NONSAT-HSat3-NONSAT-HSat3-aSat-NONSAT-aSat-HSat3-NONSAT-UNK-NONSAT-aSat-HSat3-NONSAT-HSat1A
HG00133_h1_chr22,HG00133,1,chr22,censat,6.208305,34,0,0.0,NONSAT-HSat1B-HSat3-NONSAT-HSat3-bSat-HSat3-aSat-HSat3-NONSAT-bSat-NONSAT-aSat-HSat3-NONSAT-HSat3-NONSAT-HSat3-aSat-HSat3-aSat-NONSAT
HG00133_h1_chr21,HG00133,1,chr21,censat,3.892471,27,1,0.070913,NONSAT-HSat3-NONSAT-HSat3-NONSAT-HSat3-aSat-NONSAT-aSat-HSat3-NONSAT-UNK-NONSAT-aSat-HSat3-aSat-HSat3-NONSAT-HSat1A
HG00133_h2_chr22,HG00133,2,chr22,censat,10.586973,51,3,0.702461,NONSAT-UNK-NONSAT-bSat-HSat3-HSat1A-HSat3-NONSAT-UNK-NONSAT-rDNA-NONSAT-bSat-HSat3-NONSAT-HSat1B-HSat3-NONSAT-HSat3-bSat-HSat3-aSat-HSat3-NONSAT-bSat-NONSAT-aSat-HSat3-NONSAT-HSat3-NONSAT-HSat3-aSat-HSat3-aSat-NONSAT
HG00133_h2_chr13,HG00133,2,chr13,censat,5.469815,29,0,0.0,rDNA-NONSAT-bSat-HSat3-NONSAT-HSat3-NONSAT-HSat3-aSat-NONSAT-aSat-HSat3-NONSAT-aSat-HSat3-aSat-HSat3-NONSAT-HSat1A
HG00133_h2_chr14,HG00133,2,chr14,censat,6.195388,27,0,0.0,rDNA-NONSAT-bSat-HSat3-NONSAT-HSat3-bSat-NONSAT-HSat3-bSat-HSat3-NONSAT-HSat3-NONSAT-HSat3-aSat-HSat3-aSat-NONSAT-aSat-NONSAT
HG00133_h2_chr21,HG00133,2,chr21,censat,4.860655,32,1,0.061047,rDNA-NONSAT-bSat-HSat3-NONSAT-HSat1B-HSat3-NONSAT-HSat3-NONSAT-HSat3-aSat-NONSAT-aSat-HSat3-NONSAT-UNK-NONSAT-aSat-HSat3-aSat-HSat3-NONSAT-HSat1A
HG00133_h2_chr15,HG00133,2,chr15,censat,8.007682,36,0,0.0,rDNA-NONSAT-bSat-NONSAT-HSat1B-HSat3-aSat-HSat3-aSat-NONSAT-aSat-HSat3-aSat-HSat3-aSat-NONSAT-aSat-NONSAT-aSat-HSat3-aSat-NONSAT
HG00140_h1_chr14,HG00140,1,chr14,censat,9.172016,46,2,0.194251,UNK-NONSAT-bSat-HSat3-HSat1A-HSat3-HSat1A-HSat3-NONSAT-UNK-NONSAT-rDNA-NONSAT-bSat-NONSAT-HSat3-bSat-NONSAT-HSat3-bSat-HSat3-NONSAT-HSat3-NONSAT-HSat3-aSat-HSat3-aSat-NONSAT-aSat-NONSAT
HG00140_h1_chr13,HG00140,1,chr13,censat,5.771552,30,1,0.113243,rDNA-NONSAT-HSat3-bSat-HSat3-NONSAT-HSat3-aSat-NONSAT-aSat-HSat3-NONSAT-UNK-NONSAT-aSat-HSat3-aSat-HSat3-NONSAT-HSat1A
HG00140_h1_chr15,HG00140,1,chr15,censat,7.003849,28,0,0.0,rDNA-NONSAT-HSat3-bSat-NONSAT-HSat1B-HSat3-aSat-HSat3-aSat-NONSAT-aSat-NONSAT-aSat-HSat3-aSat-NONSAT
HG00140_h1_chr21,HG00140,1,chr21,censat,5.850893,32,1,0.068125,rDNA-NONSAT-HSat3-bSat-HSat3-NONSAT-HSat3-HSat1B-NONSAT-HSat3-aSat-NONSAT-aSat-HSat3-NONSAT-UNK-NONSAT-aSat-HSat3-aSat-HSat3-NONSAT-HSat1A
HG00140_h1_chr22,HG00140,1,chr22,censat,6.284082,38,1,0.050336,rDNA-NONSAT-bSat-HSat3-NONSAT-HSat1B-HSat3-UNK-NONSAT-HSat3-bSat-HSat3-NONSAT-bSat-NONSAT-aSat-HSat3-NONSAT-HSat3-NONSAT-HSat3-aSat-HSat3-aSat-NONSAT-aSat-NONSAT-aSat-NONSAT
HG00140_h2_chr14,HG00140,2,chr14,censat,14.351375,66,6,0.644442,UNK-NONSAT-bSat-HSat3-HSat1A-HSat3-NONSAT-UNK-NONSAT-UNK-NONSAT-rDNA-NONSAT-bSat-HSat3-HSat1A-HSat3-NONSAT-UNK-NONSAT-rDNA-NONSAT-HSat3-bSat-HSat3-HSat1B-NONSAT-HSat3-aSat-NONSAT-UNK-NONSAT-HSat3-aSat-NONSAT-aSat-HSat3-NONSAT-HSat3-aSat-HSat3-aSat-NONSAT-aSat-NONSAT
HG00140_h2_chr22,HG00140,2,chr22,censat,9.245787,51,4,0.318922,UNK-NONSAT-bSat-HSat3-HSat1A-HSat3-NONSAT-UNK-NONSAT-UNK-NONSAT-rDNA-NONSAT-bSat-HSat3-NONSAT-HSat1B-HSat3-UNK-NONSAT-HSat3-bSat-HSat3-NONSAT-bSat-NONSAT-aSat-HSat3-NONSAT-HSat3-NONSAT-HSat3-aSat-HSat3-aSat-NONSAT-aSat-NONSAT
HG00140_h2_chr15,HG00140,2,chr15,censat,11.425394,27,0,0.0,rDNA-NONSAT-bSat-NONSAT-HSat1B-HSat3-aSat-HSat3-aSat-NONSAT-aSat-NONSAT-aSat-HSat3-aSat-NONSAT
HG00140_h2_chr21,HG00140,2,chr21,censat,4.980927,31,1,0.080796,rDNA-NONSAT-bSat-HSat3-NONSAT-HSat1B-HSat3-NONSAT-HSat3-NONSAT-HSat3-aSat-NONSAT-aSat-HSat3-NONSAT-UNK-NONSAT-aSat-HSat3-aSat-HSat3-NONSAT
HG00140_h2_chr13,HG00140,2,chr13,censat,5.742553,33,1,0.154108,rDNA-NONSAT-bSat-HSat3-NONSAT-HSat1B-HSat3-NONSAT-HSat3-NONSAT-HSat3-aSat-NONSAT-aSat-HSat3-NONSAT-UNK-NONSAT-aSat-HSat3-aSat-HSat3-NONSAT-HSat1A
HG00146_h1_chr13,HG00146,1,chr13,censat,6.908118,37,1,0.257595,rDNA-NONSAT-HSat3-bSat-NONSAT-HSat1B-HSat3-NONSAT-HSat3-NONSAT-HSat3-aSat-NONSAT-aSat-HSat3-NONSAT-UNK-NONSAT-aSat-HSat3-aSat-HSat3-NONSAT-HSat1A
HG00146_h2_chr13,HG00146,2,chr13,censat,6.632509,33,0,0.0,rDNA-NONSAT-HSat3-bSat-HSat3-NONSAT-HSat3-NONSAT-HSat3-NONSAT-HSat3-aSat-NONSAT-aSat-HSat3-NONSAT-aSat-HSat3-aSat-HSat3-NONSAT-HSat1A
HG00232_h1_chr13,HG00232,1,chr13,censat,6.79828,33,1,0.062474,rDNA-NONSAT-HSat3-bSat-HSat3-NONSAT-HSat3-HSat1B-NONSAT-HSat3-aSat-NONSAT-aSat-HSat3-NONSAT-UNK-NONSAT-aSat-HSat3-aSat-HSat3-NONSAT-HSat1A
HG00232_h1_chr14,HG00232,1,chr14,censat,7.419896,44,1,0.079362,NONSAT-bSat-HSat3-NONSAT-HSat1B-HSat3-bSat-NONSAT-HSat3-bSat-HSat3-NONSAT-HSat3-aSat-HSat3-aSat-NONSAT-UNK-NONSAT-HSat3-aSat-NONSAT-aSat-HSat3-NONSAT-HSat3-aSat-HSat3-aSat-NONSAT-aSat-NONSAT
HG00232_h1_chr21,HG00232,1,chr21,censat,8.516815,42,3,0.467482,UNK-NONSAT-bSat-HSat3-HSat1A-HSat3-NONSAT-UNK-NONSAT-rDNA-NONSAT-bSat-HSat3-NONSAT-HSat3-NONSAT-HSat3-NONSAT-HSat3-aSat-NONSAT-aSat-HSat3-NONSAT-UNK-NONSAT-aSat-HSat3-aSat-HSat3-NONSAT-HSat1A
HG00232_h1_chr22,HG00232,1,chr22,censat,8.039942,41,1,0.115032,rDNA-NONSAT-bSat-HSat3-NONSAT-HSat1B-HSat3-NONSAT-HSat3-bSat-UNK-HSat3-aSat-HSat3-NONSAT-bSat-NONSAT-aSat-HSat3-NONSAT-HSat3-NONSAT-HSat3-aSat-HSat3-aSat-NONSAT-aSat-NONSAT-aSat-NONSAT
HG00232_h1_chr15,HG00232,1,chr15,censat,8.174577,31,0,0.0,rDNA-NONSAT-HSat3-bSat-NONSAT-HSat1B-HSat3-HSat1B-HSat3-aSat-HSat3-aSat-NONSAT-aSat-NONSAT-aSat-HSat3-aSat-HSat3-aSat-NONSAT
HG00232_h2_chr15,HG00232,2,chr15,censat,15.150227,42,2,0.167413,UNK-NONSAT-bSat-HSat3-HSat1A-HSat3-NONSAT-UNK-NONSAT-rDNA-NONSAT-bSat-HSat3-NONSAT-HSat1B-HSat3-aSat-HSat3-aSat-NONSAT-aSat-HSat3-aSat-HSat3-aSat-NONSAT-aSat-NONSAT-aSat-HSat3-aSat-NONSAT
HG00232_h2_chr21,HG00232,2,chr21,censat,4.834531,32,1,0.080797,rDNA-NONSAT-bSat-HSat3-NONSAT-HSat1B-HSat3-NONSAT-HSat3-NONSAT-HSat3-aSat-NONSAT-aSat-HSat3-NONSAT-UNK-NONSAT-aSat-HSat3-aSat-HSat3-NONSAT-HSat1A
HG00232_h2_chr14,HG00232,2,chr14,censat,7.426405,44,0,0.0,rDNA-NONSAT-bSat-HSat3-NONSAT-HSat1B-HSat3-bSat-NONSAT-HSat3-bSat-HSat3-NONSAT-HSat3-aSat-HSat3-aSat-NONSAT-HSat3-aSat-NONSAT-aSat-HSat3-NONSAT-HSat3-aSat-HSat3-aSat-NONSAT-aSat-NONSAT
HG00232_h2_chr22,HG00232,2,chr22,censat,8.00311,43,1,0.061612,NONSAT-UNK-NONSAT-rDNA-NONSAT-bSat-HSat3-NONSAT-HSat1B-HSat3-NONSAT-HSat3-bSat-HSat3-aSat-HSat3-NONSAT-bSat-NONSAT-aSat-HSat3-NONSAT-HSat3-NONSAT-HSat3-aSat-HSat3-aSat-NONSAT
HG00232_h2_chr13,HG00232,2,chr13,censat,7.15474,32,1,0.294246,rDNA-NONSAT-HSat3-bSat-HSat3-NONSAT-HSat3-HSat1B-NONSAT-HSat3-aSat-NONSAT-aSat-HSat3-NONSAT-UNK-NONSAT-aSat-HSat3-aSat-HSat3-NONSAT-HSat1A
HG00235_h1_chr21,HG00235,1,chr21,censat,10.304488,44,2,0.613941,NONSAT-UNK-NONSAT-bSat-HSat3-HSat1A-HSat3-NONSAT-UNK-NONSAT-rDNA-NONSAT-bSat-HSat3-NONSAT-HSat1B-HSat3-NONSAT-HSat3-NONSAT-HSat3-aSat-NONSAT-aSat-HSat3-NONSAT-aSat-HSat3-aSat-HSat3-NONSAT-HSat1A
HG00235_h1_chr13,HG00235,1,chr13,censat,2.02163,8,0,0.0,aSat-HSat3-aSat-HSat3-NONSAT-HSat1A
HG00235_h1_chr14,HG00235,1,chr14,censat,9.600272,50,4,0.274692,UNK-NONSAT-bSat-HSat3-HSat1A-HSat3-NONSAT-UNK-NONSAT-UNK-NONSAT-UNK-NONSAT-rDNA-NONSAT-HSat3-bSat-HSat3-HSat1B-NONSAT-HSat3-aSat-NONSAT-HSat3-aSat-NONSAT-aSat-HSat3-NONSAT-HSat3-aSat-HSat3-aSat-NONSAT-aSat-NONSAT
HG00235_h2_chr14,HG00235,2,chr14,censat,9.459941,44,4,0.274691,UNK-NONSAT-bSat-HSat3-HSat1A-HSat3-NONSAT-UNK-NONSAT-UNK-NONSAT-UNK-NONSAT-rDNA-NONSAT-bSat-HSat3-NONSAT-HSat3-bSat-NONSAT-HSat3-bSat-HSat3-NONSAT-HSat3-NONSAT-HSat3-aSat-HSat3-aSat-NONSAT-aSat-NONSAT
HG00235_h2_chr21,HG00235,2,chr21,censat,7.270679,43,3,0.43016,UNK-NONSAT-bSat-HSat3-HSat1A-HSat3-NONSAT-UNK-NONSAT-rDNA-NONSAT-rDNA-NONSAT-bSat-HSat3-NONSAT-HSat3-NONSAT-HSat3-aSat-NONSAT-aSat-HSat3-NONSAT-UNK-NONSAT-aSat-HSat3-aSat-HSat3-NONSAT-HSat1A
HG00235_h2_chr22,HG00235,2,chr22,censat,14.562242,74,4,0.977081,NONSAT-UNK-NONSAT-bSat-HSat3-HSat1A-HSat3-NONSAT-UNK-NONSAT-rDNA-NONSAT-bSat-HSat3-NONSAT-HSat1B-HSat3-NONSAT-HSat3-aSat-NONSAT-aSat-HSat3-NONSAT-UNK-NONSAT-aSat-NONSAT-HSat1B-HSat3-NONSAT-HSat3-bSat-HSat3-aSat-HSat3-NONSAT-bSat-NONSAT-aSat-HSat3-NONSAT-HSat3-NONSAT-HSat3-aSat-HSat3-aSat-NONSAT-aSat-NONSAT-HSat3-aSat-NONSAT
HG00235_h2_chr15,HG00235,2,chr15,censat,11.755584,28,0,0.0,rDNA-NONSAT-HSat3-bSat-NONSAT-HSat1B-HSat3-aSat-HSat3-aSat-NONSAT-aSat-NONSAT-aSat-HSat3-aSat-NONSAT
HG00235_h2_chr13,HG00235,2,chr13,censat,6.256624,32,1,0.092087,rDNA-NONSAT-bSat-HSat3-NONSAT-HSat3-NONSAT-HSat3-NONSAT-HSat3-aSat-NONSAT-aSat-HSat3-NONSAT-UNK-NONSAT-aSat-HSat3-aSat-HSat3-NONSAT-HSat1A
HG00253_h1_chr22,HG00253,1,chr22,censat,10.778107,53,3,0.365659,UNK-NONSAT-bSat-HSat3-HSat1A-HSat3-NONSAT-UNK-NONSAT-rDNA-NONSAT-bSat-HSat3-NONSAT-HSat1B-HSat3-NONSAT-HSat3-bSat-HSat3-aSat-HSat3-NONSAT-bSat-NONSAT-aSat-HSat3-NONSAT-HSat3-NONSAT-HSat3-aSat-HSat3-aSat-NONSAT-aSat-NONSAT-aSat-NONSAT
HG00253_h1_chr13,HG00253,1,chr13,censat,6.620957,35,1,0.055413,rDNA-NONSAT-rDNA-NONSAT-bSat-HSat3-NONSAT-HSat1B-HSat3-NONSAT-HSat3-NONSAT-HSat3-aSat-NONSAT-aSat-HSat3-NONSAT-UNK-NONSAT-aSat-HSat3-aSat-HSat3-NONSAT-HSat1A
HG00253_h1_chr15,HG00253,1,chr15,censat,6.986546,26,0,0.0,NONSAT-HSat3-bSat-NONSAT-HSat1B-HSat3-aSat-HSat3-aSat-NONSAT-aSat-NONSAT-aSat-HSat3-aSat-NONSAT
HG00253_h1_chr14,HG00253,1,chr14,censat,7.607389,46,0,0.0,rDNA-NONSAT-bSat-NONSAT-HSat3-bSat-NONSAT-HSat3-bSat-HSat3-NONSAT-HSat3-aSat-HSat3-aSat-NONSAT-HSat3-aSat-NONSAT-aSat-HSat3-NONSAT-HSat3-aSat-HSat3-aSat-NONSAT-aSat-NONSAT
HG00253_h1_chr21,HG00253,1,chr21,censat,7.261999,44,4,0.362031,NONSAT-UNK-NONSAT-bSat-HSat3-HSat1A-HSat3-NONSAT-UNK-NONSAT-rDNA-NONSAT-bSat-HSat3-NONSAT-HSat3-NONSAT-HSat3-NONSAT-HSat3-aSat-NONSAT-aSat-HSat3-NONSAT-UNK-NONSAT-aSat-HSat3-aSat-HSat3-NONSAT-HSat1A
HG00253_h2_chr21,HG00253,2,chr21,censat,5.017658,32,1,0.056816,rDNA-NONSAT-bSat-HSat3-NONSAT-HSat3-NONSAT-HSat3-NONSAT-HSat3-aSat-NONSAT-aSat-HSat3-NONSAT-UNK-NONSAT-aSat-HSat3-aSat-HSat3-NONSAT-HSat1A
HG00253_h2_chr15,HG00253,2,chr15,censat,11.451829,26,0,0.0,rDNA-NONSAT-bSat-NONSAT-HSat1B-HSat3-aSat-HSat3-aSat-NONSAT-aSat-NONSAT-aSat-HSat3-aSat-NONSAT
HG00253_h2_chr22,HG00253,2,chr22,censat,7.668899,43,0,0.0,rDNA-NONSAT-bSat-NONSAT-HSat1B-HSat3-NONSAT-HSat3-bSat-HSat3-aSat-HSat3-NONSAT-bSat-NONSAT-aSat-HSat3-NONSAT-HSat3-NONSAT-HSat3-aSat-HSat3-aSat-NONSAT-aSat-NONSAT-aSat-NONSAT
HG00253_h2_chr13,HG00253,2,chr13,censat,6.006583,33,1,0.280148,rDNA-NONSAT-bSat-HSat3-NONSAT-HSat1B-HSat3-NONSAT-HSat3-NONSAT-HSat3-aSat-NONSAT-aSat-HSat3-NONSAT-UNK-NONSAT-aSat-HSat3-aSat-HSat3-NONSAT-HSat1A
HG00253_h2_chr14,HG00253,2,chr14,censat,7.160934,38,0,0.0,bSat-NONSAT-HSat3-bSat-HSat3-NONSAT-HSat3-NONSAT-HSat3-aSat-NONSAT-HSat3-aSat-NONSAT-aSat-HSat3-NONSAT-HSat3-aSat-HSat3-aSat-NONSAT-aSat-NONSAT
HG00272_h1_chr13,HG00272,1,chr13,censat,10.630083,46,3,0.343708,UNK-NONSAT-bSat-HSat3-HSat1A-HSat3-NONSAT-UNK-NONSAT-rDNA-NONSAT-bSat-HSat3-NONSAT-HSat1B-HSat3-NONSAT-HSat3-NONSAT-HSat3-aSat-NONSAT-aSat-HSat3-NONSAT-UNK-NONSAT-aSat-HSat3-aSat-HSat3-NONSAT-HSat1A
HG00272_h1_chr21,HG00272,1,chr21,censat,4.750456,30,0,0.0,rDNA-NONSAT-bSat-HSat3-NONSAT-HSat3-NONSAT-HSat3-NONSAT-HSat3-aSat-NONSAT-aSat-HSat3-NONSAT-aSat-HSat3-aSat-HSat3-NONSAT-HSat1A
HG00272_h1_chr14,HG00272,1,chr14,censat,6.769439,30,0,0.0,rDNA-NONSAT-bSat-NONSAT-HSat3-bSat-NONSAT-HSat3-bSat-HSat3-NONSAT-HSat3-NONSAT-HSat3-aSat-HSat3-aSat-NONSAT-aSat-NONSAT
HG00272_h1_chr22,HG00272,1,chr22,censat,7.463197,39,0,0.0,NONSAT-bSat-HSat3-NONSAT-HSat1B-HSat3-NONSAT-HSat3-bSat-HSat3-aSat-HSat3-NONSAT-bSat-NONSAT-aSat-HSat3-NONSAT-HSat3-NONSAT-HSat3-aSat-HSat3-aSat-NONSAT-aSat-NONSAT-aSat-NONSAT
HG00272_h1_chr15,HG00272,1,chr15,censat,7.447302,34,2,0.236206,NONSAT-UNK-NONSAT-rDNA-NONSAT-HSat3-bSat-NONSAT-HSat1B-HSat3-aSat-HSat3-aSat-NONSAT-aSat-NONSAT-aSat-HSat3-aSat-HSat3-aSat-NONSAT
HG00272_h2_chr21,HG00272,2,chr21,censat,4.838787,31,1,0.058241,NONSAT-bSat-HSat3-NONSAT-HSat1B-HSat3-NONSAT-HSat3-NONSAT-HSat3-aSat-NONSAT-aSat-HSat3-NONSAT-UNK-NONSAT-aSat-HSat3-aSat-HSat3-NONSAT-HSat1A
HG00272_h2_chr13,HG00272,2,chr13,censat,3.533106,14,1,0.066693,NONSAT-UNK-NONSAT-aSat-HSat3-aSat-HSat3-NONSAT-HSat1A
HG00272_h2_chr15,HG00272,2,chr15,censat,12.411531,32,2,0.236214,NONSAT-UNK-NONSAT-rDNA-NONSAT-bSat-NONSAT-HSat1B-HSat3-aSat-HSat3-aSat-NONSAT-aSat-NONSAT-aSat-HSat3-aSat-NONSAT
HG00272_h2_chr22,HG00272,2,chr22,censat,8.151797,37,0,0.0,rDNA-NONSAT-bSat-HSat3-NONSAT-HSat1B-HSat3-NONSAT-HSat3-bSat-HSat3-NONSAT-bSat-NONSAT-aSat-HSat3-NONSAT-HSat3-NONSAT-HSat3-aSat-HSat3-aSat-NONSAT-aSat-NONSAT-aSat-NONSAT
HG00272_h2_chr14,HG00272,2,chr14,censat,5.72659,26,1,0.075017,rDNA-NONSAT-bSat-HSat3-NONSAT-HSat3-bSat-NONSAT-HSat3-bSat-NONSAT-HSat3-NONSAT-HSat3-aSat-UNK-aSat-NONSAT-aSat-NONSAT
HG00280_h1_chr13,HG00280,1,chr13,censat,6.470817,34,1,0.090654,rDNA-NONSAT-bSat-HSat3-NONSAT-HSat3-NONSAT-HSat3-HSat1B-NONSAT-HSat3-aSat-NONSAT-aSat-HSat3-NONSAT-UNK-NONSAT-aSat-HSat3-aSat-HSat3-NONSAT-HSat1A
HG00280_h1_chr14,HG00280,1,chr14,censat,8.173883,49,1,0.075106,rDNA-NONSAT-bSat-NONSAT-HSat1B-HSat3-bSat-NONSAT-HSat3-bSat-HSat3-NONSAT-HSat3-aSat-HSat3-aSat-NONSAT-UNK-NONSAT-HSat3-aSat-NONSAT-aSat-HSat3-NONSAT-HSat3-aSat-HSat3-aSat-NONSAT-aSat-NONSAT
HG00280_h1_chr21,HG00280,1,chr21,censat,4.98553,31,1,0.056816,NONSAT-bSat-HSat3-NONSAT-HSat1B-HSat3-NONSAT-HSat3-NONSAT-HSat3-aSat-NONSAT-aSat-HSat3-NONSAT-UNK-NONSAT-aSat-HSat3-aSat-HSat3-NONSAT-HSat1A
HG00280_h1_chr15,HG00280,1,chr15,censat,6.642288,29,0,0.0,rDNA-NONSAT-HSat3-bSat-NONSAT-HSat1B-HSat3-aSat-HSat3-aSat-NONSAT-aSat-NONSAT-aSat-HSat3-aSat-HSat3-aSat-NONSAT
HG00280_h1_chr22,HG00280,1,chr22,censat,7.790444,40,0,0.0,rDNA-NONSAT-bSat-HSat3-NONSAT-HSat1B-HSat3-NONSAT-HSat3-bSat-HSat3-aSat-HSat3-NONSAT-bSat-NONSAT-aSat-HSat3-NONSAT-HSat3-NONSAT-HSat3-aSat-HSat3-aSat-NONSAT-aSat-NONSAT-aSat-NONSAT
HG00280_h2_chr13,HG00280,2,chr13,censat,9.768665,46,4,0.316286,UNK-NONSAT-bSat-HSat3-HSat1A-HSat3-NONSAT-UNK-NONSAT-UNK-NONSAT-rDNA-NONSAT-bSat-NONSAT-HSat1B-HSat3-NONSAT-HSat3-aSat-NONSAT-aSat-HSat3-NONSAT-UNK-NONSAT-aSat-HSat3-aSat-HSat3-NONSAT-HSat1A
HG00280_h2_chr14,HG00280,2,chr14,censat,7.303097,33,0,0.0,NONSAT-bSat-NONSAT-HSat1B-HSat3-aSat-NONSAT-HSat3-aSat-NONSAT-aSat-HSat3-NONSAT-HSat3-aSat-HSat3-aSat-NONSAT-aSat-NONSAT
HG00280_h2_chr15,HG00280,2,chr15,censat,8.634146,27,0,0.0,rDNA-NONSAT-HSat3-bSat-NONSAT-HSat1B-HSat3-aSat-HSat3-aSat-NONSAT-aSat-NONSAT-aSat-HSat3-aSat-NONSAT
HG00280_h2_chr22,HG00280,2,chr22,censat,6.673125,41,0,0.0,rDNA-NONSAT-HSat3-bSat-NONSAT-HSat1B-HSat3-NONSAT-HSat3-bSat-HSat3-NONSAT-bSat-NONSAT-aSat-HSat3-NONSAT-HSat3-NONSAT-HSat3-aSat-HSat3-aSat-NONSAT-aSat-NONSAT-aSat-NONSAT
HG00280_h2_chr21,HG00280,2,chr21,censat,5.623307,30,1,0.056816,rDNA-NONSAT-bSat-HSat3-NONSAT-HSat1B-HSat3-NONSAT-HSat3-NONSAT-HSat3-aSat-NONSAT-aSat-HSat3-NONSAT-UNK-NONSAT-aSat-HSat3-aSat-HSat3-NONSAT-HSat1A
HG00290_h1_chr14,HG00290,1,chr14,censat,6.662586,35,0,0.0,rDNA-NONSAT-HSat3-bSat-HSat3-HSat1B-NONSAT-HSat3-aSat-NONSAT-HSat3-aSat-NONSAT-aSat-HSat3-NONSAT-HSat3-aSat-HSat3-aSat-NONSAT-aSat-NONSAT
HG00290_h1_chr13,HG00290,1,chr13,censat,7.660037,30,1,0.104927,rDNA-NONSAT-bSat-HSat3-NONSAT-HSat3-NONSAT-HSat3-aSat-NONSAT-aSat-HSat3-NONSAT-UNK-NONSAT-aSat-HSat3-aSat-HSat3-NONSAT-HSat1A
HG00290_h1_chr21,HG00290,1,chr21,censat,5.300375,33,1,0.235023,rDNA-NONSAT-bSat-HSat3-NONSAT-HSat1B-HSat3-NONSAT-HSat3-NONSAT-HSat3-aSat-NONSAT-aSat-HSat3-NONSAT-UNK-NONSAT-aSat-HSat3-aSat-HSat3-NONSAT-HSat1A
HG00290_h1_chr15,HG00290,1,chr15,censat,7.481651,17,1,1.058264,UNK-aSat-HSat3-aSat-NONSAT-aSat-NONSAT-aSat-HSat3-aSat-NONSAT
HG00290_h1_chr22,HG00290,1,chr22,censat,6.19062,38,1,0.081905,rDNA-NONSAT-bSat-HSat3-NONSAT-HSat1B-HSat3-UNK-NONSAT-HSat3-bSat-HSat3-NONSAT-bSat-NONSAT-aSat-HSat3-NONSAT-HSat3-NONSAT-HSat3-aSat-HSat3-aSat-NONSAT-aSat-NONSAT-aSat-NONSAT
HG00290_h2_chr13,HG00290,2,chr13,censat,7.346479,34,1,0.065351,rDNA-NONSAT-bSat-NONSAT-HSat1B-HSat3-NONSAT-HSat3-aSat-NONSAT-aSat-HSat3-NONSAT-UNK-NONSAT-aSat-HSat3-aSat-HSat3-NONSAT-HSat1A
HG00290_h2_chr14,HG00290,2,chr14,censat,7.94392,44,0,0.0,rDNA-NONSAT-bSat-HSat3-NONSAT-HSat1B-HSat3-bSat-NONSAT-HSat3-bSat-HSat3-NONSAT-HSat3-aSat-HSat3-aSat-NONSAT-HSat3-aSat-NONSAT-aSat-HSat3-NONSAT-HSat3-aSat-HSat3-aSat-NONSAT-aSat-NONSAT
HG00290_h2_chr22,HG00290,2,chr22,censat,6.212702,37,0,0.0,rDNA-NONSAT-bSat-HSat3-NONSAT-HSat1B-HSat3-NONSAT-HSat3-bSat-HSat3-NONSAT-bSat-NONSAT-aSat-HSat3-NONSAT-HSat3-NONSAT-HSat3-aSat-HSat3-aSat-NONSAT-aSat-NONSAT-aSat-NONSAT
HG00290_h2_chr21,HG00290,2,chr21,censat,5.121142,29,0,0.0,rDNA-NONSAT-bSat-HSat3-NONSAT-HSat3-NONSAT-HSat3-aSat-NONSAT-aSat-HSat3-NONSAT-aSat-HSat3-aSat-HSat3-NONSAT-HSat1A
HG00290_h2_chr15,HG00290,2,chr15,censat,8.43791,36,0,0.0,rDNA-NONSAT-HSat3-bSat-NONSAT-HSat1B-HSat3-aSat-HSat3-aSat-NONSAT-aSat-HSat3-aSat-HSat3-aSat-NONSAT-aSat-NONSAT-aSat-HSat3-aSat-NONSAT
HG00320_h1_chr21,HG00320,1,chr21,censat,4.419613,28,1,0.148461,rDNA-NONSAT-bSat-HSat3-NONSAT-HSat3-NONSAT-HSat3-aSat-NONSAT-aSat-HSat3-NONSAT-UNK-NONSAT-aSat-HSat3-aSat-HSat3-NONSAT-HSat1A
HG00320_h1_chr15,HG00320,1,chr15,censat,10.971665,27,0,0.0,rDNA-NONSAT-HSat3-bSat-NONSAT-HSat1B-HSat3-aSat-HSat3-aSat-NONSAT-aSat-NONSAT-aSat-HSat3-aSat-NONSAT
HG00320_h1_chr14,HG00320,1,chr14,censat,10.158436,47,2,0.604959,NONSAT-UNK-NONSAT-bSat-HSat3-HSat1A-HSat3-NONSAT-UNK-NONSAT-rDNA-NONSAT-HSat3-bSat-NONSAT-HSat1B-HSat3-aSat-NONSAT-HSat3-aSat-NONSAT-aSat-HSat3-NONSAT-HSat3-aSat-HSat3-aSat-NONSAT-aSat-NONSAT
HG00320_h2_chr15,HG00320,2,chr15,censat,12.147269,38,2,0.341875,NONSAT-UNK-NONSAT-bSat-HSat3-HSat1A-HSat3-NONSAT-UNK-NONSAT-rDNA-NONSAT-bSat-HSat3-NONSAT-HSat1B-HSat3-aSat-HSat3-aSat-NONSAT-aSat-NONSAT-aSat-HSat3-aSat-NONSAT
HG00321_h1_chr15,HG00321,1,chr15,censat,17.996973,43,3,0.28748,UNK-NONSAT-bSat-HSat3-HSat1A-HSat3-NONSAT-UNK-NONSAT-rDNA-NONSAT-bSat-HSat3-NONSAT-HSat1B-HSat3-aSat-HSat3-aSat-NONSAT-aSat-HSat3-aSat-HSat3-aSat-NONSAT-aSat-NONSAT-aSat-HSat3-aSat-NONSAT
HG00321_h1_chr14,HG00321,1,chr14,censat,8.003274,47,0,0.0,rDNA-NONSAT-bSat-NONSAT-HSat1B-HSat3-bSat-NONSAT-HSat3-bSat-HSat3-NONSAT-HSat3-aSat-HSat3-aSat-NONSAT-HSat3-aSat-NONSAT-aSat-HSat3-NONSAT-HSat3-aSat-HSat3-aSat-NONSAT-aSat-NONSAT
HG00321_h1_chr13,HG00321,1,chr13,censat,6.292303,33,1,0.079396,rDNA-NONSAT-bSat-HSat3-NONSAT-HSat1B-HSat3-NONSAT-HSat3-NONSAT-HSat3-aSat-NONSAT-aSat-HSat3-NONSAT-UNK-NONSAT-aSat-HSat3-aSat-HSat3-NONSAT-HSat1A
HG00321_h1_chr21,HG00321,1,chr21,censat,5.695869,33,1,0.083595,NONSAT-HSat3-bSat-HSat3-NONSAT-HSat3-NONSAT-HSat3-aSat-NONSAT-aSat-HSat3-NONSAT-UNK-NONSAT-aSat-HSat3-aSat-HSat3-NONSAT-HSat1A
HG00321_h1_chr22,HG00321,1,chr22,censat,7.254699,40,0,0.0,rDNA-NONSAT-bSat-HSat3-NONSAT-HSat1B-HSat3-NONSAT-HSat3-bSat-HSat3-aSat-HSat3-NONSAT-bSat-NONSAT-aSat-HSat3-NONSAT-HSat3-NONSAT-HSat3-aSat-HSat3-aSat-NONSAT-aSat-NONSAT-aSat-NONSAT
HG00321_h2_chr13,HG00321,2,chr13,censat,11.050085,45,2,0.382124,UNK-NONSAT-bSat-HSat3-HSat1A-HSat3-NONSAT-rDNA-NONSAT-HSat3-bSat-HSat3-NONSAT-HSat3-HSat1B-NONSAT-HSat3-aSat-NONSAT-aSat-HSat3-NONSAT-UNK-NONSAT-aSat-HSat3-aSat-HSat3-NONSAT-HSat1A
HG00321_h2_chr15,HG00321,2,chr15,censat,7.646049,27,0,0.0,rDNA-NONSAT-HSat3-bSat-NONSAT-HSat1B-HSat3-aSat-HSat3-aSat-NONSAT-aSat-NONSAT-aSat-HSat3-aSat-NONSAT
HG00321_h2_chr21,HG00321,2,chr21,censat,5.196289,31,1,0.065292,rDNA-NONSAT-bSat-HSat3-NONSAT-HSat3-NONSAT-HSat3-NONSAT-HSat3-aSat-NONSAT-aSat-HSat3-NONSAT-UNK-NONSAT-aSat-HSat3-aSat-HSat3-NONSAT-HSat1A
HG00321_h2_chr14,HG00321,2,chr14,censat,7.791144,48,1,0.090554,NONSAT-bSat-NONSAT-HSat1B-HSat3-bSat-NONSAT-HSat3-bSat-HSat3-NONSAT-HSat3-aSat-HSat3-aSat-NONSAT-UNK-NONSAT-HSat3-aSat-NONSAT-aSat-HSat3-NONSAT-HSat3-aSat-HSat3-aSat-NONSAT-aSat-NONSAT
HG00321_h2_chr22,HG00321,2,chr22,censat,6.385615,38,1,0.056652,rDNA-NONSAT-bSat-HSat3-NONSAT-HSat1B-HSat3-UNK-NONSAT-HSat3-bSat-HSat3-NONSAT-bSat-NONSAT-aSat-HSat3-NONSAT-HSat3-NONSAT-HSat3-aSat-HSat3-aSat-NONSAT-aSat-NONSAT-aSat-NONSAT
HG00323_h1_chr13,HG00323,1,chr13,censat,2.463112,14,1,0.082226,NONSAT-UNK-NONSAT-aSat-HSat3-aSat-HSat3-NONSAT-HSat1A
HG00323_h1_chr22,HG00323,1,chr22,censat,5.752973,29,0,0.0,rDNA-NONSAT-bSat-HSat3-NONSAT-HSat3-bSat-NONSAT-HSat3-bSat-HSat3-NONSAT-HSat3-NONSAT-HSat3-aSat-HSat3-aSat-NONSAT-aSat-NONSAT-aSat-NONSAT
HG00323_h1_chr14,HG00323,1,chr14,censat,7.591088,45,2,0.191639,NONSAT-HSat3-bSat-NONSAT-HSat1B-HSat3-UNK-HSat3-NONSAT-HSat3-NONSAT-HSat3-aSat-NONSAT-UNK-NONSAT-HSat3-aSat-NONSAT-aSat-HSat3-NONSAT-HSat3-aSat-HSat3-aSat-NONSAT-aSat-NONSAT
HG00323_h2_chr22,HG00323,2,chr22,censat,9.750608,42,1,0.07784,UNK-NONSAT-bSat-HSat3-HSat1A-HSat3-NONSAT-rDNA-NONSAT-bSat-HSat3-NONSAT-HSat3-bSat-NONSAT-HSat3-bSat-HSat3-NONSAT-HSat3-NONSAT-HSat3-aSat-HSat3-aSat-NONSAT-aSat-NONSAT-aSat-NONSAT
HG00323_h2_chr14,HG00323,2,chr14,censat,6.247113,35,0,0.0,rDNA-NONSAT-HSat3-bSat-HSat3-HSat1B-NONSAT-HSat3-aSat-NONSAT-HSat3-aSat-NONSAT-aSat-HSat3-NONSAT-HSat3-aSat-HSat3-aSat-NONSAT-aSat-NONSAT
HG00323_h2_chr13,HG00323,2,chr13,censat,1.933002,13,1,0.063859,UNK-NONSAT-aSat-HSat3-aSat-HSat3-NONSAT-HSat1A
HG00329_h1_chr14,HG00329,1,chr14,censat,11.703471,60,2,0.223051,NONSAT-bSat-HSat3-HSat1A-HSat3-NONSAT-UNK-NONSAT-rDNA-NONSAT-HSat3-bSat-NONSAT-HSat1B-HSat3-bSat-NONSAT-HSat3-bSat-HSat3-NONSAT-HSat3-aSat-HSat3-aSat-NONSAT-HSat3-aSat-NONSAT-aSat-HSat3-NONSAT-HSat3-aSat-HSat3-aSat-NONSAT-aSat-NONSAT
HG00329_h1_chr22,HG00329,1,chr22,censat,11.013519,53,1,0.250312,NONSAT-bSat-HSat3-HSat1A-HSat3-NONSAT-UNK-NONSAT-rDNA-NONSAT-bSat-HSat3-NONSAT-HSat1B-HSat3-NONSAT-HSat3-bSat-HSat3-aSat-HSat3-NONSAT-bSat-NONSAT-aSat-HSat3-NONSAT-HSat3-NONSAT-HSat3-aSat-HSat3-aSat-NONSAT-aSat-NONSAT-aSat-NONSAT
HG00329_h1_chr13,HG00329,1,chr13,censat,6.112257,35,1,0.107699,rDNA-NONSAT-HSat3-bSat-HSat3-NONSAT-HSat3-NONSAT-HSat3-aSat-NONSAT-aSat-HSat3-NONSAT-UNK-NONSAT-aSat-HSat3-aSat-HSat3-NONSAT-HSat1A
HG00329_h2_chr13,HG00329,2,chr13,censat,10.859074,47,4,0.732479,UNK-NONSAT-bSat-HSat3-HSat1A-HSat3-NONSAT-UNK-NONSAT-UNK-NONSAT-rDNA-NONSAT-bSat-HSat3-NONSAT-HSat1B-HSat3-NONSAT-HSat3-NONSAT-HSat3-aSat-NONSAT-aSat-HSat3-NONSAT-UNK-NONSAT-aSat-HSat3-aSat-HSat3-NONSAT-HSat1A
HG00329_h2_chr14,HG00329,2,chr14,censat,8.638013,42,4,0.571557,NONSAT-UNK-NONSAT-bSat-HSat3-HSat1A-HSat3-NONSAT-UNK-NONSAT-rDNA-NONSAT-bSat-HSat3-NONSAT-HSat1B-UNK-NONSAT-bSat-NONSAT-HSat3-bSat-HSat3-NONSAT-HSat3-NONSAT-HSat3-aSat-HSat3-aSat-NONSAT-aSat-NONSAT
HG00329_h2_chr15,HG00329,2,chr15,censat,4.592876,16,0,0.0,aSat-HSat3-aSat-NONSAT-aSat-NONSAT-aSat-HSat3-aSat-NONSAT
HG00329_h2_chr22,HG00329,2,chr22,censat,6.406271,37,0,0.0,rDNA-NONSAT-bSat-HSat3-NONSAT-HSat1B-HSat3-NONSAT-HSat3-bSat-HSat3-NONSAT-bSat-NONSAT-aSat-HSat3-NONSAT-HSat3-NONSAT-HSat3-aSat-HSat3-aSat-NONSAT-aSat-NONSAT-aSat-NONSAT
HG00329_h2_chr21,HG00329,2,chr21,censat,4.90223,32,1,0.073737,rDNA-NONSAT-bSat-HSat3-NONSAT-HSat1B-HSat3-NONSAT-HSat3-NONSAT-HSat3-aSat-NONSAT-aSat-HSat3-NONSAT-UNK-NONSAT-aSat-HSat3-aSat-HSat3-NONSAT-HSat1A
HG00344_h1_chr14,HG00344,1,chr14,censat,7.507812,46,0,0.0,HSat3-bSat-NONSAT-HSat1B-HSat3-bSat-NONSAT-HSat3-bSat-HSat3-NONSAT-HSat3-aSat-HSat3-aSat-NONSAT-HSat3-aSat-NONSAT-aSat-HSat3-NONSAT-HSat3-aSat-HSat3-aSat-NONSAT-aSat-NONSAT
HG00344_h1_chr21,HG00344,1,chr21,censat,4.907701,30,1,0.07654,rDNA-NONSAT-HSat1B-HSat3-NONSAT-HSat3-NONSAT-HSat3-aSat-NONSAT-aSat-HSat3-NONSAT-UNK-NONSAT-aSat-HSat3-aSat-HSat3-NONSAT-HSat1A
HG00344_h1_chr22,HG00344,1,chr22,censat,7.248342,40,0,0.0,rDNA-NONSAT-bSat-HSat3-NONSAT-HSat1B-HSat3-NONSAT-HSat3-bSat-HSat3-aSat-HSat3-NONSAT-bSat-NONSAT-aSat-HSat3-NONSAT-HSat3-NONSAT-HSat3-aSat-HSat3-aSat-NONSAT-aSat-NONSAT-aSat-NONSAT
HG00344_h1_chr13,HG00344,1,chr13,censat,4.938164,30,1,0.099248,rDNA-NONSAT-bSat-HSat3-NONSAT-HSat3-NONSAT-HSat3-aSat-NONSAT-aSat-HSat3-NONSAT-UNK-NONSAT-aSat-HSat3-aSat-HSat3-NONSAT-HSat1A
HG00344_h2_chr22,HG00344,2,chr22,censat,6.745928,38,1,0.094533,rDNA-NONSAT-bSat-HSat3-NONSAT-HSat1B-HSat3-UNK-NONSAT-HSat3-bSat-HSat3-NONSAT-bSat-NONSAT-aSat-HSat3-NONSAT-HSat3-NONSAT-HSat3-aSat-HSat3-aSat-NONSAT-aSat-NONSAT-aSat-NONSAT
HG00344_h2_chr13,HG00344,2,chr13,censat,5.666316,28,0,0.0,rDNA-NONSAT-HSat3-NONSAT-HSat3-aSat-NONSAT-aSat-HSat3-NONSAT-aSat-HSat3-aSat-HSat3-NONSAT-HSat1A
HG00344_h2_chr14,HG00344,2,chr14,censat,6.677418,35,2,0.118058,rDNA-NONSAT-HSat3-bSat-HSat3-HSat1B-NONSAT-HSat3-aSat-NONSAT-UNK-NONSAT-HSat3-aSat-NONSAT-aSat-HSat3-NONSAT-HSat3-aSat-UNK-aSat-NONSAT-aSat-NONSAT
HG00344_h2_chr21,HG00344,2,chr21,censat,4.992692,31,1,0.065295,rDNA-NONSAT-bSat-HSat3-NONSAT-HSat3-NONSAT-HSat3-NONSAT-HSat3-aSat-NONSAT-aSat-HSat3-NONSAT-UNK-NONSAT-aSat-HSat3-aSat-HSat3-NONSAT-HSat1A
HG00344_h2_chr15,HG00344,2,chr15,censat,4.848457,16,0,0.0,aSat-HSat3-aSat-NONSAT-aSat-NONSAT-aSat-HSat3-aSat-NONSAT
HG00350_h1_chr13,HG00350,1,chr13,censat,6.792933,45,2,0.148935,NONSAT-HSat3-aSat-NONSAT-aSat-HSat3-NONSAT-UNK-NONSAT-aSat-HSat3-aSat-HSat3-NONSAT-HSat3-aSat-NONSAT-aSat-HSat3-NONSAT-UNK-NONSAT-aSat-HSat3-aSat-HSat3-NONSAT-HSat1A
HG00350_h1_chr21,HG00350,1,chr21,censat,5.324996,30,0,0.0,NONSAT-bSat-HSat3-NONSAT-HSat1B-HSat3-NONSAT-HSat3-NONSAT-HSat3-aSat-NONSAT-aSat-HSat3-NONSAT-aSat-HSat3-aSat-HSat3-NONSAT-HSat1A
HG00350_h1_chr14,HG00350,1,chr14,censat,7.839775,47,0,0.0,rDNA-NONSAT-bSat-NONSAT-HSat1B-HSat3-bSat-NONSAT-HSat3-bSat-HSat3-NONSAT-HSat3-aSat-HSat3-aSat-NONSAT-HSat3-aSat-NONSAT-aSat-HSat3-NONSAT-HSat3-aSat-HSat3-aSat-NONSAT-aSat-NONSAT
HG00350_h1_chr15,HG00350,1,chr15,censat,7.230955,18,1,4.172335,bSat-UNK-aSat-HSat3-aSat-NONSAT-aSat-NONSAT-aSat-HSat3-aSat-NONSAT
HG00350_h2_chr13,HG00350,2,chr13,censat,5.281494,28,1,0.144268,NONSAT-bSat-HSat3-NONSAT-HSat3-NONSAT-HSat3-aSat-NONSAT-aSat-HSat3-NONSAT-UNK-NONSAT-aSat-HSat3-NONSAT-HSat1A
HG00350_h2_chr15,HG00350,2,chr15,censat,6.337119,27,0,0.0,rDNA-NONSAT-bSat-NONSAT-HSat1B-HSat3-aSat-HSat3-aSat-NONSAT-aSat-NONSAT-aSat-HSat3-aSat-HSat3-aSat-NONSAT
HG00350_h2_chr14,HG00350,2,chr14,censat,6.411857,36,1,0.051128,rDNA-NONSAT-HSat3-bSat-HSat3-HSat1B-NONSAT-HSat3-aSat-NONSAT-UNK-NONSAT-HSat3-aSat-NONSAT-aSat-HSat3-NONSAT-HSat3-aSat-HSat3-aSat-NONSAT-aSat-NONSAT
HG01167_h1_chr13,HG01167,1,chr13,censat,9.761969,43,2,0.13173,HSat3-HSat1A-HSat3-NONSAT-UNK-NONSAT-UNK-NONSAT-rDNA-NONSAT-bSat-HSat3-NONSAT-HSat1B-HSat3-NONSAT-HSat3-NONSAT-HSat3-aSat-NONSAT-aSat-HSat3-NONSAT-aSat-HSat3-aSat-HSat3-NONSAT-HSat1A
HG01167_h1_chr14,HG01167,1,chr14,censat,9.956376,58,2,0.22162,UNK-NONSAT-bSat-HSat3-HSat1A-HSat3-NONSAT-UNK-NONSAT-rDNA-NONSAT-bSat-NONSAT-HSat1B-HSat3-bSat-NONSAT-HSat3-bSat-HSat3-NONSAT-HSat3-aSat-HSat3-aSat-NONSAT-HSat3-aSat-NONSAT-aSat-HSat3-NONSAT-HSat3-aSat-HSat3-aSat-NONSAT-aSat-NONSAT
HG01167_h1_chr22,HG01167,1,chr22,censat,7.900233,41,0,0.0,rDNA-NONSAT-bSat-HSat3-NONSAT-HSat1B-HSat3-NONSAT-HSat3-bSat-HSat3-aSat-HSat3-NONSAT-bSat-NONSAT-aSat-HSat3-NONSAT-HSat3-NONSAT-HSat3-aSat-HSat3-aSat-NONSAT-aSat-NONSAT-aSat-NONSAT
HG01167_h1_chr15,HG01167,1,chr15,censat,7.846407,35,0,0.0,rDNA-NONSAT-bSat-NONSAT-HSat1B-HSat3-aSat-HSat3-aSat-NONSAT-aSat-HSat3-aSat-HSat3-aSat-NONSAT-aSat-NONSAT-aSat-HSat3-aSat-NONSAT
HG01167_h1_chr21,HG01167,1,chr21,censat,6.270499,39,2,0.122045,rDNA-NONSAT-bSat-HSat3-NONSAT-HSat1B-HSat3-NONSAT-UNK-NONSAT-aSat-HSat3-NONSAT-HSat3-NONSAT-HSat3-aSat-NONSAT-aSat-HSat3-NONSAT-UNK-NONSAT-aSat-HSat3-aSat-HSat3-NONSAT-HSat1A
HG01167_h2_chr14,HG01167,2,chr14,censat,2.150068,14,1,0.060949,NONSAT-UNK-NONSAT-HSat3-aSat-HSat3-aSat-NONSAT-aSat-NONSAT
HG01167_h2_chr15,HG01167,2,chr15,censat,4.442481,16,0,0.0,aSat-HSat3-aSat-NONSAT-aSat-NONSAT-aSat-HSat3-aSat-NONSAT
HG01167_h2_chr22,HG01167,2,chr22,censat,6.816709,43,1,0.069261,rDNA-NONSAT-rDNA-NONSAT-bSat-NONSAT-HSat1B-HSat3-UNK-NONSAT-HSat3-bSat-HSat3-NONSAT-bSat-NONSAT-aSat-HSat3-NONSAT-HSat3-NONSAT-HSat3-aSat-HSat3-aSat-NONSAT-aSat-NONSAT-aSat-NONSAT
HG01167_h2_chr13,HG01167,2,chr13,censat,6.542524,38,1,0.083641,rDNA-NONSAT-bSat-HSat3-NONSAT-HSat3-rDNA-NONSAT-bSat-HSat3-NONSAT-HSat1B-HSat3-NONSAT-HSat3-NONSAT-HSat3-aSat-NONSAT-aSat-HSat3-NONSAT-UNK-NONSAT-aSat-HSat3-aSat-HSat3-NONSAT-HSat1A
HG01530_h1_chr21,HG01530,1,chr21,censat,4.982256,24,1,0.066716,rDNA-NONSAT-HSat3-NONSAT-HSat3-aSat-NONSAT-aSat-HSat3-NONSAT-UNK-NONSAT-aSat-HSat3-aSat-HSat3-NONSAT
HG01530_h1_chr13,HG01530,1,chr13,censat,6.510431,32,1,0.295666,NONSAT-bSat-HSat3-NONSAT-HSat1B-HSat3-NONSAT-HSat3-NONSAT-HSat3-aSat-NONSAT-aSat-HSat3-NONSAT-UNK-NONSAT-aSat-HSat3-aSat-HSat3-NONSAT-HSat1A
HG01530_h1_chr15,HG01530,1,chr15,censat,9.54554,26,0,0.0,rDNA-NONSAT-bSat-NONSAT-HSat1B-HSat3-aSat-HSat3-aSat-NONSAT-aSat-NONSAT-aSat-HSat3-aSat-NONSAT
HG01530_h1_chr22,HG01530,1,chr22,censat,6.831157,42,0,0.0,rDNA-NONSAT-bSat-HSat3-NONSAT-HSat1B-HSat3-NONSAT-HSat3-bSat-HSat3-aSat-HSat3-NONSAT-bSat-NONSAT-aSat-HSat3-NONSAT-HSat3-HSat1A-NONSAT-HSat3-aSat-HSat3-aSat-NONSAT-aSat-NONSAT-aSat-NONSAT
HG01530_h2_chr22,HG01530,2,chr22,censat,9.290962,49,3,0.442566,UNK-NONSAT-bSat-HSat3-HSat1A-HSat3-NONSAT-UNK-NONSAT-rDNA-NONSAT-bSat-HSat3-NONSAT-HSat1B-HSat3-UNK-NONSAT-HSat3-bSat-HSat3-NONSAT-bSat-NONSAT-aSat-HSat3-NONSAT-HSat3-NONSAT-HSat3-aSat-HSat3-aSat-NONSAT-aSat-NONSAT-aSat-NONSAT
HG01530_h2_chr21,HG01530,2,chr21,censat,4.872176,32,1,0.062472,rDNA-NONSAT-bSat-HSat3-NONSAT-HSat1B-HSat3-NONSAT-HSat3-NONSAT-HSat3-aSat-NONSAT-aSat-HSat3-NONSAT-UNK-NONSAT-aSat-HSat3-aSat-HSat3-NONSAT-HSat1A
HG01784_h1_chr15,HG01784,1,chr15,censat,12.415135,42,2,0.234068,NONSAT-bSat-HSat3-HSat1A-HSat3-NONSAT-UNK-NONSAT-UNK-NONSAT-rDNA-NONSAT-HSat3-bSat-NONSAT-HSat1B-HSat3-aSat-HSat3-aSat-NONSAT-aSat-NONSAT-aSat-HSat3-aSat-HSat3-aSat-NONSAT
HG01784_h1_chr22,HG01784,1,chr22,censat,11.669591,53,3,0.826634,NONSAT-UNK-NONSAT-bSat-HSat3-HSat1A-HSat3-NONSAT-UNK-NONSAT-rDNA-NONSAT-bSat-HSat3-NONSAT-HSat1B-HSat3-NONSAT-HSat3-bSat-HSat3-aSat-HSat3-NONSAT-bSat-NONSAT-aSat-HSat3-NONSAT-HSat3-NONSAT-HSat3-aSat-HSat3-aSat-NONSAT-aSat-NONSAT-aSat-NONSAT
HG01784_h1_chr13,HG01784,1,chr13,censat,6.607641,29,1,0.240231,rDNA-NONSAT-HSat3-bSat-HSat3-HSat1B-NONSAT-HSat3-aSat-NONSAT-aSat-HSat3-NONSAT-UNK-NONSAT-aSat-HSat3-aSat-HSat3-NONSAT-HSat1A
HG01784_h1_chr14,HG01784,1,chr14,censat,6.928676,28,0,0.0,rDNA-NONSAT-bSat-HSat3-NONSAT-HSat3-bSat-NONSAT-HSat3-bSat-HSat3-NONSAT-HSat3-NONSAT-HSat3-aSat-HSat3-aSat-NONSAT-aSat-NONSAT
HG01784_h1_chr21,HG01784,1,chr21,censat,4.836556,31,1,0.066678,rDNA-NONSAT-bSat-HSat3-NONSAT-HSat1B-HSat3-NONSAT-HSat3-NONSAT-HSat3-aSat-NONSAT-aSat-HSat3-NONSAT-UNK-NONSAT-aSat-HSat3-aSat-HSat3-NONSAT-HSat1A
HG01784_h2_chr22,HG01784,2,chr22,censat,12.473152,68,3,0.212445,UNK-NONSAT-bSat-HSat3-HSat1A-HSat3-NONSAT-UNK-NONSAT-UNK-NONSAT-rDNA-NONSAT-bSat-HSat3-NONSAT-HSat1B-HSat3-NONSAT-HSat3-bSat-HSat3-aSat-HSat3-NONSAT-bSat-NONSAT-aSat-HSat3-NONSAT-HSat3-NONSAT-HSat3-NONSAT-bSat-NONSAT-aSat-HSat3-NONSAT-HSat3-NONSAT-HSat3-aSat-HSat3-aSat-NONSAT-aSat-NONSAT
HG01784_h2_chr15,HG01784,2,chr15,censat,9.356441,24,0,0.0,NONSAT-bSat-HSat3-NONSAT-HSat1B-HSat3-HSat1B-HSat3-aSat-HSat3-aSat-NONSAT-aSat-NONSAT-aSat-HSat3-aSat-NONSAT
HG01784_h2_chr13,HG01784,2,chr13,censat,8.21245,35,1,0.151288,rDNA-NONSAT-HSat3-bSat-HSat3-NONSAT-HSat3-NONSAT-HSat3-aSat-NONSAT-aSat-HSat3-NONSAT-UNK-NONSAT-aSat-HSat3-aSat-HSat3-NONSAT-HSat1A
HG01784_h2_chr21,HG01784,2,chr21,censat,4.954808,31,1,0.062467,NONSAT-bSat-HSat3-NONSAT-HSat1B-HSat3-NONSAT-HSat3-NONSAT-HSat3-aSat-NONSAT-aSat-HSat3-NONSAT-UNK-NONSAT-aSat-HSat3-aSat-HSat3-NONSAT-HSat1A
HG01784_h2_chr14,HG01784,2,chr14,censat,8.827245,48,0,0.0,rDNA-NONSAT-bSat-NONSAT-HSat1B-HSat3-bSat-NONSAT-HSat3-bSat-HSat3-NONSAT-HSat3-aSat-HSat3-aSat-NONSAT-HSat3-aSat-NONSAT-aSat-HSat3-NONSAT-HSat3-aSat-HSat3-aSat-NONSAT-aSat-NONSAT
HG01786_h1_chr22,HG01786,1,chr22,censat,6.06285,37,0,0.0,rDNA-NONSAT-bSat-HSat3-NONSAT-HSat1B-HSat3-NONSAT-HSat3-bSat-HSat3-NONSAT-bSat-NONSAT-aSat-HSat3-NONSAT-HSat3-NONSAT-HSat3-aSat-HSat3-aSat-NONSAT-aSat-NONSAT-aSat-NONSAT
HG01786_h1_chr13,HG01786,1,chr13,censat,2.73579,19,1,0.077958,NONSAT-aSat-HSat3-NONSAT-UNK-NONSAT-aSat-HSat3-aSat-HSat3-NONSAT-HSat1A
HG01786_h1_chr15,HG01786,1,chr15,censat,8.937907,26,0,0.0,rDNA-bSat-NONSAT-HSat1B-HSat3-aSat-HSat3-aSat-NONSAT-aSat-NONSAT-aSat-HSat3-aSat-NONSAT
HG01786_h1_chr14,HG01786,1,chr14,censat,7.817422,46,0,0.0,rDNA-NONSAT-bSat-NONSAT-HSat3-bSat-NONSAT-HSat3-bSat-HSat3-NONSAT-HSat3-aSat-HSat3-aSat-NONSAT-HSat3-aSat-NONSAT-aSat-HSat3-NONSAT-HSat3-aSat-HSat3-aSat-NONSAT-aSat-NONSAT
HG01786_h2_chr15,HG01786,2,chr15,censat,9.243383,27,0,0.0,NONSAT-bSat-NONSAT-HSat1B-HSat3-HSat1B-HSat3-aSat-HSat3-aSat-NONSAT-aSat-NONSAT-aSat-HSat3-aSat-NONSAT
HG01786_h2_chr14,HG01786,2,chr14,censat,6.067711,29,0,0.0,NONSAT-bSat-NONSAT-HSat3-bSat-NONSAT-HSat3-bSat-HSat3-NONSAT-HSat3-NONSAT-HSat3-aSat-HSat3-aSat-NONSAT-aSat-NONSAT
HG01786_h2_chr13,HG01786,2,chr13,censat,5.724119,32,0,0.0,rDNA-NONSAT-bSat-HSat3-NONSAT-HSat1B-HSat3-NONSAT-HSat3-NONSAT-HSat3-aSat-NONSAT-aSat-HSat3-NONSAT-aSat-HSat3-aSat-HSat3-NONSAT-HSat1A
HG01786_h2_chr22,HG01786,2,chr22,censat,7.548826,40,0,0.0,rDNA-NONSAT-bSat-HSat3-NONSAT-HSat1B-HSat3-NONSAT-HSat3-bSat-HSat3-aSat-HSat3-NONSAT-bSat-NONSAT-aSat-HSat3-NONSAT-HSat3-NONSAT-HSat3-aSat-HSat3-aSat-NONSAT-aSat-NONSAT-aSat-NONSAT
HG02040_h1_chr22,HG02040,1,chr22,censat,10.402708,51,1,0.073737,NONSAT-bSat-HSat3-HSat1A-HSat3-NONSAT-UNK-NONSAT-rDNA-NONSAT-bSat-HSat3-NONSAT-HSat1B-HSat3-NONSAT-HSat3-bSat-HSat3-aSat-HSat3-NONSAT-bSat-NONSAT-aSat-HSat3-NONSAT-HSat3-NONSAT-HSat3-aSat-HSat3-aSat-NONSAT-aSat-NONSAT-aSat-NONSAT
HG02040_h1_chr13,HG02040,1,chr13,censat,6.297338,32,1,0.054029,NONSAT-bSat-HSat3-NONSAT-HSat1B-HSat3-NONSAT-HSat3-NONSAT-HSat3-aSat-NONSAT-aSat-HSat3-NONSAT-UNK-NONSAT-aSat-HSat3-aSat-HSat3-NONSAT-HSat1A
HG02040_h1_chr21,HG02040,1,chr21,censat,5.247132,31,1,0.058224,rDNA-NONSAT-bSat-HSat3-NONSAT-HSat3-NONSAT-HSat3-NONSAT-HSat3-aSat-NONSAT-aSat-HSat3-NONSAT-UNK-NONSAT-aSat-HSat3-aSat-HSat3-NONSAT-HSat1A
HG02040_h1_chr15,HG02040,1,chr15,censat,11.130982,36,0,0.0,rDNA-NONSAT-HSat3-bSat-NONSAT-HSat1B-HSat3-aSat-HSat3-aSat-NONSAT-aSat-HSat3-aSat-HSat3-aSat-NONSAT-aSat-NONSAT-aSat-HSat3-aSat-NONSAT
HG02040_h1_chr14,HG02040,1,chr14,censat,5.925271,36,1,0.072279,rDNA-HSat3-HSat1B-NONSAT-HSat3-NONSAT-HSat3-aSat-HSat3-aSat-NONSAT-UNK-NONSAT-HSat3-aSat-NONSAT-aSat-HSat3-NONSAT-HSat3-aSat-HSat3-aSat-NONSAT-aSat-NONSAT
HG02040_h2_chr14,HG02040,2,chr14,censat,9.557762,47,4,0.489221,UNK-NONSAT-bSat-NONSAT-UNK-NONSAT-bSat-HSat3-HSat1A-HSat3-NONSAT-UNK-NONSAT-UNK-NONSAT-rDNA-NONSAT-bSat-NONSAT-HSat1B-HSat3-NONSAT-HSat3-aSat-NONSAT-HSat3-aSat-HSat3-aSat-NONSAT-aSat-NONSAT
HG02040_h2_chr13,HG02040,2,chr13,censat,5.512783,32,1,0.065293,rDNA-NONSAT-bSat-HSat3-NONSAT-HSat3-NONSAT-HSat3-NONSAT-HSat3-aSat-NONSAT-aSat-HSat3-NONSAT-UNK-NONSAT-aSat-HSat3-aSat-HSat3-NONSAT-HSat1A
HG02040_h2_chr22,HG02040,2,chr22,censat,6.482685,35,1,0.239746,NONSAT-bSat-HSat3-NONSAT-HSat1B-HSat3-UNK-NONSAT-HSat3-bSat-HSat3-NONSAT-bSat-NONSAT-aSat-HSat3-NONSAT-HSat3-NONSAT-HSat3-aSat-HSat3-aSat-NONSAT
HG02040_h2_chr21,HG02040,2,chr21,censat,6.403528,33,1,0.077953,rDNA-NONSAT-HSat3-bSat-HSat3-NONSAT-HSat3-NONSAT-HSat3-aSat-NONSAT-aSat-HSat3-NONSAT-UNK-NONSAT-aSat-HSat3-aSat-HSat3-NONSAT
HG02040_h2_chr15,HG02040,2,chr15,censat,8.038798,29,0,0.0,rDNA-NONSAT-HSat3-bSat-NONSAT-HSat1B-HSat3-HSat1B-HSat3-aSat-HSat3-aSat-NONSAT-aSat-NONSAT-aSat-HSat3-aSat-NONSAT
HG02155_h1_chr15,HG02155,1,chr15,censat,11.465919,37,2,0.379908,UNK-NONSAT-HSat3-HSat1A-HSat3-bSat-NONSAT-UNK-NONSAT-rDNA-NONSAT-bSat-NONSAT-HSat1B-HSat3-aSat-HSat3-aSat-NONSAT-aSat-NONSAT-aSat-HSat3-aSat-NONSAT
HG02155_h1_chr21,HG02155,1,chr21,censat,4.609845,31,1,0.117418,rDNA-NONSAT-bSat-HSat3-NONSAT-HSat3-NONSAT-HSat3-NONSAT-HSat3-aSat-NONSAT-aSat-HSat3-NONSAT-UNK-NONSAT-aSat-HSat3-aSat-HSat3-NONSAT-HSat1A
HG02155_h1_chr14,HG02155,1,chr14,censat,6.243189,40,1,0.066649,rDNA-NONSAT-bSat-NONSAT-HSat1B-HSat3-bSat-NONSAT-HSat3-bSat-HSat3-NONSAT-HSat3-aSat-HSat3-aSat-NONSAT-UNK-NONSAT-HSat3-aSat-HSat3-aSat-NONSAT-aSat-NONSAT
HG02155_h1_chr22,HG02155,1,chr22,censat,8.426342,50,2,0.148844,HSat1A-HSat3-NONSAT-UNK-NONSAT-UNK-NONSAT-rDNA-NONSAT-bSat-HSat3-NONSAT-HSat1B-HSat3-NONSAT-HSat3-bSat-HSat3-aSat-HSat3-NONSAT-bSat-NONSAT-aSat-HSat3-NONSAT-HSat3-NONSAT-HSat3-aSat-HSat3-aSat-NONSAT-aSat-NONSAT-aSat-NONSAT
HG02155_h2_chr14,HG02155,2,chr14,censat,8.123865,43,2,0.198135,NONSAT-UNK-NONSAT-bSat-HSat3-HSat1A-HSat3-NONSAT-UNK-NONSAT-rDNA-NONSAT-bSat-NONSAT-HSat1B-HSat3-bSat-NONSAT-HSat3-bSat-HSat3-NONSAT-HSat3-NONSAT-HSat3-aSat-HSat3-aSat-NONSAT-aSat-NONSAT
HG02155_h2_chr22,HG02155,2,chr22,censat,7.877223,45,0,0.0,rDNA-NONSAT-HSat3-bSat-NONSAT-HSat1B-HSat3-NONSAT-HSat3-bSat-HSat3-aSat-HSat3-NONSAT-bSat-NONSAT-aSat-HSat3-NONSAT-HSat3-NONSAT-HSat3-aSat-HSat3-aSat-NONSAT-aSat-NONSAT-aSat-NONSAT
HG02155_h2_chr15,HG02155,2,chr15,censat,8.006897,18,0,0.0,HSat1B-HSat3-aSat-HSat3-aSat-NONSAT-aSat-NONSAT-aSat-HSat3-aSat-NONSAT
HG02165_h1_chr15,HG02165,1,chr15,censat,12.328528,34,2,0.466932,UNK-NONSAT-bSat-HSat3-HSat1A-HSat3-NONSAT-UNK-NONSAT-rDNA-NONSAT-HSat1B-HSat3-aSat-HSat3-aSat-NONSAT-aSat-NONSAT-aSat-HSat3-aSat-NONSAT
HG02165_h1_chr22,HG02165,1,chr22,censat,9.747374,48,3,0.635328,UNK-NONSAT-bSat-HSat3-HSat1A-HSat3-NONSAT-UNK-NONSAT-rDNA-NONSAT-bSat-HSat3-NONSAT-HSat1B-HSat3-UNK-NONSAT-HSat3-bSat-HSat3-NONSAT-bSat-NONSAT-aSat-HSat3-NONSAT-HSat3-NONSAT-HSat3-aSat-HSat3-aSat-NONSAT
HG02165_h1_chr14,HG02165,1,chr14,censat,5.881519,28,0,0.0,rDNA-NONSAT-bSat-HSat3-NONSAT-HSat3-bSat-NONSAT-HSat3-bSat-HSat3-NONSAT-HSat3-NONSAT-HSat3-aSat-HSat3-aSat-NONSAT-aSat-NONSAT
HG02165_h1_chr21,HG02165,1,chr21,censat,4.854086,32,1,0.079377,rDNA-NONSAT-bSat-HSat3-NONSAT-HSat1B-HSat3-NONSAT-HSat3-NONSAT-HSat3-aSat-NONSAT-aSat-HSat3-NONSAT-UNK-NONSAT-aSat-HSat3-aSat-HSat3-NONSAT-HSat1A
HG02165_h2_chr14,HG02165,2,chr14,censat,8.266734,38,2,0.488908,UNK-NONSAT-bSat-HSat3-HSat1A-HSat3-NONSAT-UNK-NONSAT-rDNA-NONSAT-bSat-HSat3-NONSAT-HSat3-bSat-NONSAT-HSat3-bSat-HSat3-NONSAT-HSat3-NONSAT-HSat3-aSat-HSat3-aSat-NONSAT-aSat-NONSAT
HG02165_h2_chr21,HG02165,2,chr21,censat,4.72942,31,1,0.086412,rDNA-NONSAT-bSat-HSat3-NONSAT-HSat3-NONSAT-HSat3-NONSAT-HSat3-aSat-NONSAT-aSat-HSat3-NONSAT-UNK-NONSAT-aSat-HSat3-aSat-HSat3-NONSAT-HSat1A
HG02165_h2_chr15,HG02165,2,chr15,censat,7.906485,28,0,0.0,rDNA-NONSAT-bSat-NONSAT-HSat1B-HSat3-HSat1B-HSat3-aSat-HSat3-aSat-NONSAT-aSat-NONSAT-aSat-HSat3-aSat-NONSAT
HG02165_h2_chr22,HG02165,2,chr22,censat,6.97604,41,0,0.0,rDNA-NONSAT-bSat-HSat3-NONSAT-HSat1B-HSat3-NONSAT-HSat3-bSat-HSat3-aSat-HSat3-NONSAT-bSat-NONSAT-aSat-HSat3-NONSAT-HSat3-NONSAT-HSat3-aSat-HSat3-aSat-NONSAT-aSat-NONSAT-aSat-NONSAT
HG02178_h1_chr13,HG02178,1,chr13,censat,8.472835,41,2,0.34286,bSat-HSat3-HSat1A-HSat3-NONSAT-UNK-NONSAT-rDNA-NONSAT-bSat-HSat3-NONSAT-HSat3-NONSAT-HSat3-NONSAT-HSat3-aSat-NONSAT-aSat-HSat3-NONSAT-UNK-NONSAT-aSat-HSat3-aSat-HSat3-NONSAT-HSat1A
HG02178_h1_chr14,HG02178,1,chr14,censat,5.288285,34,1,0.065262,HSat1B-NONSAT-HSat3-NONSAT-HSat3-aSat-HSat3-aSat-NONSAT-UNK-NONSAT-HSat3-aSat-NONSAT-aSat-HSat3-NONSAT-HSat3-aSat-HSat3-aSat-NONSAT-aSat-NONSAT
HG02178_h1_chr22,HG02178,1,chr22,censat,6.441636,37,2,0.310976,rDNA-NONSAT-bSat-HSat3-NONSAT-HSat1B-HSat3-UNK-NONSAT-HSat3-bSat-HSat3-NONSAT-bSat-NONSAT-UNK-NONSAT-aSat-HSat3-NONSAT-HSat3-NONSAT-HSat3-aSat-HSat3-aSat-NONSAT
HG02178_h1_chr15,HG02178,1,chr15,censat,4.670668,16,0,0.0,aSat-HSat3-aSat-NONSAT-aSat-NONSAT-aSat-HSat3-aSat-NONSAT
HG02178_h2_chr13,HG02178,2,chr13,censat,8.538812,40,2,0.188461,NONSAT-bSat-HSat3-HSat1A-HSat3-NONSAT-UNK-NONSAT-rDNA-NONSAT-HSat3-bSat-HSat3-NONSAT-HSat3-aSat-NONSAT-aSat-HSat3-NONSAT-UNK-NONSAT-aSat-HSat3-aSat-HSat3-NONSAT-HSat1A
HG02178_h2_chr22,HG02178,2,chr22,censat,6.292426,38,1,0.119777,rDNA-NONSAT-bSat-HSat3-NONSAT-HSat1B-HSat3-UNK-NONSAT-HSat3-bSat-HSat3-NONSAT-bSat-NONSAT-aSat-HSat3-NONSAT-HSat3-NONSAT-HSat3-aSat-HSat3-aSat-NONSAT-aSat-NONSAT-aSat-NONSAT
HG02178_h2_chr15,HG02178,2,chr15,censat,2.960638,18,0,0.0,aSat-HSat3-aSat-NONSAT-aSat-NONSAT-aSat-HSat3-aSat-HSat3-aSat-NONSAT
HG02178_h2_chr14,HG02178,2,chr14,censat,6.354174,34,0,0.0,rDNA-NONSAT-bSat-HSat3-NONSAT-HSat1B-HSat3-NONSAT-HSat3-aSat-NONSAT-HSat3-aSat-NONSAT-aSat-HSat3-NONSAT-HSat3-aSat-HSat3-aSat-NONSAT-aSat-NONSAT
HG02178_h2_chr21,HG02178,2,chr21,censat,7.631556,44,3,0.199757,UNK-NONSAT-bSat-HSat3-HSat1A-HSat3-NONSAT-UNK-NONSAT-bSat-HSat3-NONSAT-HSat1B-HSat3-NONSAT-HSat3-NONSAT-HSat3-aSat-NONSAT-aSat-HSat3-NONSAT-UNK-NONSAT-aSat-HSat3-aSat-HSat3-NONSAT-HSat1A
HG02273_h1_chr14,HG02273,1,chr14,censat,7.54207,47,1,0.118689,NONSAT-bSat-NONSAT-HSat1B-HSat3-bSat-NONSAT-HSat3-bSat-HSat3-NONSAT-HSat3-aSat-HSat3-aSat-NONSAT-UNK-NONSAT-HSat3-aSat-NONSAT-aSat-HSat3-NONSAT-HSat3-aSat-HSat3-aSat-NONSAT-aSat-NONSAT
HG02273_h1_chr13,HG02273,1,chr13,censat,5.632637,32,0,0.0,rDNA-NONSAT-bSat-HSat3-NONSAT-HSat1B-HSat3-NONSAT-HSat3-NONSAT-HSat3-aSat-NONSAT-aSat-HSat3-NONSAT-aSat-HSat3-aSat-HSat3-NONSAT-HSat1A
HG02273_h1_chr22,HG02273,1,chr22,censat,6.565295,40,1,0.176446,NONSAT-rDNA-NONSAT-bSat-HSat3-NONSAT-HSat1B-HSat3-UNK-NONSAT-HSat3-bSat-HSat3-NONSAT-bSat-NONSAT-aSat-HSat3-NONSAT-HSat3-NONSAT-HSat3-aSat-HSat3-aSat-NONSAT-aSat-NONSAT-aSat-NONSAT
HG02273_h1_chr15,HG02273,1,chr15,censat,1.100019,4,0,0.0,aSat-NONSAT
HG02273_h2_chr22,HG02273,2,chr22,censat,6.79624,40,1,0.056641,NONSAT-rDNA-NONSAT-bSat-HSat3-NONSAT-HSat1B-HSat3-UNK-NONSAT-HSat3-bSat-HSat3-NONSAT-bSat-NONSAT-aSat-HSat3-NONSAT-HSat3-NONSAT-HSat3-aSat-HSat3-aSat-NONSAT-aSat-NONSAT-aSat-NONSAT
HG02273_h2_chr13,HG02273,2,chr13,censat,5.881542,30,0,0.0,rDNA-NONSAT-HSat3-bSat-HSat3-HSat1B-NONSAT-HSat3-aSat-NONSAT-aSat-HSat3-NONSAT-aSat-HSat3-aSat-HSat3-NONSAT-HSat1A
HG02273_h2_chr14,HG02273,2,chr14,censat,8.412427,48,1,0.118689,rDNA-NONSAT-bSat-NONSAT-HSat1B-HSat3-bSat-NONSAT-HSat3-bSat-HSat3-NONSAT-HSat3-aSat-HSat3-aSat-NONSAT-UNK-NONSAT-HSat3-aSat-NONSAT-aSat-HSat3-NONSAT-HSat3-aSat-HSat3-aSat-NONSAT-aSat-NONSAT
HG02391_h1_chr22,HG02391,1,chr22,censat,9.754355,50,1,0.056649,NONSAT-bSat-HSat3-HSat1A-HSat3-NONSAT-rDNA-NONSAT-bSat-HSat3-NONSAT-HSat1B-HSat3-UNK-NONSAT-HSat3-bSat-HSat3-NONSAT-bSat-NONSAT-aSat-HSat3-NONSAT-HSat3-NONSAT-HSat3-aSat-HSat3-aSat-NONSAT-aSat-NONSAT-aSat-NONSAT
HG02391_h1_chr15,HG02391,1,chr15,censat,10.770502,29,0,0.0,rDNA-NONSAT-HSat3-bSat-NONSAT-HSat1B-HSat3-HSat1B-HSat3-aSat-HSat3-aSat-NONSAT-aSat-NONSAT-aSat-HSat3-aSat-NONSAT
HG02391_h1_chr13,HG02391,1,chr13,censat,5.678858,30,1,0.059642,rDNA-NONSAT-HSat3-bSat-HSat3-HSat1B-NONSAT-HSat3-aSat-NONSAT-aSat-HSat3-NONSAT-UNK-NONSAT-aSat-HSat3-aSat-HSat3-NONSAT-HSat1A
HG02391_h1_chr14,HG02391,1,chr14,censat,7.792519,45,1,0.062424,rDNA-NONSAT-bSat-HSat3-NONSAT-HSat1B-HSat3-bSat-NONSAT-HSat3-bSat-HSat3-NONSAT-HSat3-aSat-HSat3-aSat-NONSAT-UNK-NONSAT-HSat3-aSat-NONSAT-aSat-HSat3-NONSAT-HSat3-aSat-HSat3-aSat-NONSAT-aSat-NONSAT
HG02391_h1_chr21,HG02391,1,chr21,censat,4.968474,29,1,0.075132,rDNA-NONSAT-bSat-HSat3-NONSAT-HSat1B-HSat3-NONSAT-HSat3-aSat-NONSAT-aSat-HSat3-NONSAT-UNK-NONSAT-aSat-HSat3-aSat-HSat3-NONSAT
HG02391_h2_chr15,HG02391,2,chr15,censat,9.594394,26,0,0.0,rDNA-NONSAT-bSat-NONSAT-HSat1B-HSat3-aSat-HSat3-aSat-NONSAT-aSat-NONSAT-aSat-HSat3-aSat-NONSAT
HG02391_h2_chr13,HG02391,2,chr13,censat,6.151344,30,1,0.111893,rDNA-NONSAT-HSat3-bSat-HSat3-HSat1B-NONSAT-HSat3-aSat-NONSAT-aSat-HSat3-NONSAT-UNK-NONSAT-aSat-HSat3-aSat-HSat3-NONSAT-HSat1A
HG02391_h2_chr21,HG02391,2,chr21,censat,5.18337,32,1,0.073762,rDNA-NONSAT-HSat3-bSat-HSat3-NONSAT-HSat3-HSat1B-NONSAT-HSat3-aSat-NONSAT-aSat-HSat3-NONSAT-UNK-NONSAT-aSat-HSat3-aSat-HSat3-NONSAT-HSat1A
HG02391_h2_chr22,HG02391,2,chr22,censat,6.937369,39,0,0.0,rDNA-NONSAT-bSat-HSat3-NONSAT-HSat1B-HSat3-NONSAT-HSat3-bSat-HSat3-aSat-HSat3-NONSAT-bSat-NONSAT-aSat-HSat3-NONSAT-HSat3-NONSAT-HSat3-aSat-HSat3-aSat-NONSAT-aSat-NONSAT-aSat-NONSAT
HG02392_h1_chr14,HG02392,1,chr14,censat,9.796865,50,3,0.484546,UNK-NONSAT-bSat-HSat3-HSat1A-HSat3-NONSAT-UNK-NONSAT-rDNA-HSat3-HSat1B-NONSAT-HSat3-NONSAT-HSat3-NONSAT-HSat3-aSat-HSat3-aSat-NONSAT-UNK-NONSAT-HSat3-aSat-NONSAT-aSat-HSat3-NONSAT-HSat3-aSat-HSat3-aSat-NONSAT-aSat-NONSAT
HG02392_h1_chr22,HG02392,1,chr22,censat,9.493988,52,4,0.522479,NONSAT-UNK-NONSAT-bSat-HSat3-HSat1A-HSat3-NONSAT-UNK-NONSAT-rDNA-NONSAT-bSat-HSat3-NONSAT-HSat1B-HSat3-UNK-NONSAT-HSat3-bSat-HSat3-NONSAT-bSat-NONSAT-aSat-HSat3-NONSAT-HSat3-NONSAT-HSat3-aSat-HSat3-aSat-NONSAT-aSat-NONSAT-aSat-NONSAT
HG02392_h1_chr13,HG02392,1,chr13,censat,5.186313,30,1,0.075168,rDNA-NONSAT-bSat-HSat3-NONSAT-HSat1B-HSat3-NONSAT-HSat3-aSat-NONSAT-aSat-HSat3-NONSAT-UNK-NONSAT-aSat-HSat3-aSat-HSat3-NONSAT-HSat1A
HG02392_h1_chr15,HG02392,1,chr15,censat,5.273009,18,0,0.0,rDNA-HSat3-aSat-HSat3-aSat-NONSAT-aSat-NONSAT-aSat-HSat3-aSat-NONSAT
HG02392_h2_chr14,HG02392,2,chr14,censat,8.993225,48,3,0.50234,UNK-NONSAT-bSat-HSat3-HSat1A-HSat3-NONSAT-UNK-NONSAT-rDNA-HSat3-HSat1B-NONSAT-HSat3-NONSAT-HSat3-aSat-HSat3-aSat-NONSAT-UNK-NONSAT-HSat3-aSat-NONSAT-aSat-HSat3-NONSAT-HSat3-aSat-HSat3-aSat-NONSAT-aSat-NONSAT
HG02392_h2_chr22,HG02392,2,chr22,censat,9.555896,49,3,0.288221,UNK-NONSAT-bSat-HSat3-HSat1A-HSat3-NONSAT-UNK-NONSAT-rDNA-NONSAT-bSat-HSat3-NONSAT-HSat1B-HSat3-UNK-NONSAT-HSat3-bSat-HSat3-NONSAT-bSat-NONSAT-aSat-HSat3-NONSAT-HSat3-NONSAT-HSat3-aSat-HSat3-aSat-NONSAT-aSat-NONSAT-aSat-NONSAT
HG02392_h2_chr13,HG02392,2,chr13,censat,6.681044,28,1,0.078032,NONSAT-HSat3-bSat-HSat3-NONSAT-HSat3-aSat-NONSAT-aSat-HSat3-NONSAT-UNK-NONSAT-aSat-HSat3-aSat-HSat3-NONSAT-HSat1A
HG02392_h2_chr15,HG02392,2,chr15,censat,2.92998,16,0,0.0,aSat-HSat3-aSat-NONSAT-aSat-NONSAT-aSat-HSat3-aSat-NONSAT
HG02583_h1_chr15,HG02583,1,chr15,censat,12.756467,33,1,0.195039,UNK-NONSAT-bSat-HSat3-HSat1A-HSat3-NONSAT-rDNA-NONSAT-bSat-HSat3-NONSAT-HSat1B-HSat3-aSat-HSat3-aSat-NONSAT-aSat-NONSAT-aSat-HSat3-aSat-NONSAT
HG02583_h1_chr22,HG02583,1,chr22,censat,7.737105,41,2,0.52769,UNK-NONSAT-bSat-HSat3-HSat1A-HSat3-NONSAT-UNK-NONSAT-rDNA-NONSAT-bSat-NONSAT-HSat1B-HSat3-NONSAT-aSat-HSat3-NONSAT-HSat3-NONSAT-HSat3-aSat-HSat3-aSat-NONSAT-aSat-NONSAT-aSat-NONSAT
HG02583_h1_chr14,HG02583,1,chr14,censat,9.569528,54,3,0.437204,NONSAT-HSat1B-HSat3-UNK-NONSAT-HSat3-bSat-HSat3-aSat-HSat3-NONSAT-bSat-NONSAT-UNK-NONSAT-aSat-HSat3-NONSAT-HSat3-NONSAT-HSat3-aSat-NONSAT-UNK-NONSAT-HSat3-aSat-NONSAT-aSat-HSat3-NONSAT-HSat3-aSat-HSat3-aSat-NONSAT-aSat-NONSAT
HG02583_h1_chr21,HG02583,1,chr21,censat,7.302757,33,1,0.052476,rDNA-NONSAT-bSat-HSat3-NONSAT-HSat1B-HSat3-NONSAT-HSat3-NONSAT-HSat3-aSat-NONSAT-aSat-HSat3-NONSAT-UNK-NONSAT-aSat-HSat3-aSat-HSat3-NONSAT-HSat1A
HG02583_h2_chr22,HG02583,2,chr22,censat,8.127897,40,3,0.571458,UNK-NONSAT-bSat-HSat3-HSat1A-HSat3-NONSAT-UNK-NONSAT-rDNA-NONSAT-bSat-NONSAT-HSat1B-HSat3-NONSAT-HSat3-NONSAT-HSat3-NONSAT-HSat3-aSat-HSat3-aSat-NONSAT-aSat-NONSAT
HG02583_h2_chr13,HG02583,2,chr13,censat,6.3469,32,1,0.094894,NONSAT-bSat-HSat3-NONSAT-HSat1B-HSat3-NONSAT-HSat3-NONSAT-HSat3-aSat-NONSAT-aSat-HSat3-NONSAT-UNK-NONSAT-aSat-HSat3-aSat-HSat3-NONSAT-HSat1A
HG02583_h2_chr14,HG02583,2,chr14,censat,8.09088,44,3,0.403842,rDNA-NONSAT-bSat-NONSAT-HSat1B-HSat3-UNK-HSat3-NONSAT-HSat3-NONSAT-HSat3-aSat-NONSAT-UNK-NONSAT-HSat3-aSat-NONSAT-aSat-HSat3-NONSAT-HSat3-aSat-UNK-aSat-NONSAT-aSat-NONSAT
HG02922_h1_chr15,HG02922,1,chr15,censat,12.826135,39,3,0.369006,UNK-NONSAT-bSat-HSat3-HSat1A-HSat3-NONSAT-UNK-NONSAT-rDNA-NONSAT-HSat3-bSat-NONSAT-HSat1B-HSat3-aSat-HSat3-aSat-NONSAT-aSat-NONSAT-aSat-HSat3-aSat-NONSAT
HG02922_h1_chr13,HG02922,1,chr13,censat,7.186679,31,1,0.059737,rDNA-NONSAT-HSat3-bSat-HSat3-NONSAT-HSat3-aSat-NONSAT-aSat-HSat3-NONSAT-UNK-NONSAT-aSat-HSat3-aSat-HSat3-NONSAT-HSat1A
HG02922_h1_chr21,HG02922,1,chr21,censat,5.135365,29,0,0.0,rDNA-NONSAT-bSat-HSat3-NONSAT-HSat1B-HSat3-NONSAT-HSat3-NONSAT-HSat3-aSat-NONSAT-aSat-HSat3-NONSAT-aSat-HSat3-NONSAT
HG02922_h1_chr22,HG02922,1,chr22,censat,7.183214,45,3,0.268994,UNK-NONSAT-bSat-HSat3-HSat1A-HSat3-NONSAT-UNK-NONSAT-UNK-NONSAT-rDNA-NONSAT-HSat3-bSat-HSat3-NONSAT-bSat-NONSAT-aSat-HSat3-NONSAT-HSat3-NONSAT-HSat3-aSat-HSat3-aSat-NONSAT-aSat-NONSAT-aSat-NONSAT
HG02922_h1_chr14,HG02922,1,chr14,censat,5.579381,27,0,0.0,rDNA-NONSAT-bSat-HSat3-NONSAT-HSat3-bSat-NONSAT-HSat3-bSat-HSat3-NONSAT-HSat3-NONSAT-HSat3-aSat-HSat3-aSat-NONSAT-aSat-NONSAT
HG02922_h2_chr13,HG02922,2,chr13,censat,6.37053,31,1,0.059741,rDNA-NONSAT-HSat3-bSat-HSat3-NONSAT-HSat3-aSat-NONSAT-aSat-HSat3-NONSAT-UNK-NONSAT-aSat-HSat3-aSat-HSat3-NONSAT-HSat1A
HG02922_h2_chr15,HG02922,2,chr15,censat,12.355518,35,0,0.0,rDNA-NONSAT-bSat-NONSAT-HSat1B-HSat3-aSat-HSat3-aSat-NONSAT-aSat-HSat3-aSat-HSat3-aSat-NONSAT-aSat-NONSAT-aSat-HSat3-aSat-NONSAT
HG02922_h2_chr21,HG02922,2,chr21,censat,6.10695,34,1,0.066696,rDNA-NONSAT-HSat3-bSat-HSat3-NONSAT-HSat3-NONSAT-HSat1A-NONSAT-HSat3-aSat-NONSAT-aSat-HSat3-NONSAT-UNK-NONSAT-aSat-HSat3-aSat-HSat3-NONSAT-HSat1A
HG02922_h2_chr22,HG02922,2,chr22,censat,8.505218,54,1,0.107209,rDNA-NONSAT-bSat-NONSAT-HSat1B-HSat3-UNK-NONSAT-HSat3-bSat-HSat3-NONSAT-bSat-NONSAT-aSat-HSat3-aSat-NONSAT-aSat-HSat3-aSat-HSat3-NONSAT-HSat3-NONSAT-HSat3-aSat-HSat3-bSat-HSat3-NONSAT-bSat-NONSAT-HSat3-NONSAT-aSat-NONSAT
HG02922_h2_chr14,HG02922,2,chr14,censat,7.245451,41,1,0.077848,rDNA-NONSAT-HSat3-bSat-HSat3-HSat1B-NONSAT-HSat3-NONSAT-HSat3-aSat-HSat3-aSat-NONSAT-UNK-NONSAT-HSat3-aSat-NONSAT-aSat-HSat3-NONSAT-HSat3-aSat-HSat3-aSat-NONSAT-aSat-NONSAT
HG02965_h1_chr14,HG02965,1,chr14,censat,11.386996,57,3,0.308196,NONSAT-UNK-NONSAT-bSat-HSat3-HSat1A-HSat3-NONSAT-UNK-NONSAT-rDNA-NONSAT-bSat-HSat3-NONSAT-HSat3-bSat-NONSAT-HSat3-bSat-HSat3-NONSAT-HSat3-NONSAT-HSat3-aSat-NONSAT-UNK-NONSAT-HSat3-aSat-NONSAT-aSat-HSat3-NONSAT-HSat3-aSat-HSat3-aSat-NONSAT-aSat-NONSAT
HG02965_h1_chr15,HG02965,1,chr15,censat,8.933787,22,0,0.0,NONSAT-bSat-HSat3-NONSAT-HSat1B-HSat3-aSat-HSat3-aSat-NONSAT-aSat-NONSAT-aSat-HSat3-aSat-NONSAT
HG02965_h1_chr13,HG02965,1,chr13,censat,6.411756,28,1,0.055329,rDNA-NONSAT-HSat3-bSat-HSat3-NONSAT-HSat3-aSat-NONSAT-aSat-HSat3-NONSAT-UNK-NONSAT-aSat-HSat3-aSat-HSat3-NONSAT-HSat1A
HG02965_h1_chr21,HG02965,1,chr21,censat,5.409641,31,1,0.101916,rDNA-NONSAT-bSat-HSat3-NONSAT-HSat1B-HSat3-NONSAT-HSat3-NONSAT-HSat3-aSat-NONSAT-aSat-HSat3-NONSAT-UNK-NONSAT-aSat-HSat3-aSat-HSat3-NONSAT-HSat1A
HG02965_h2_chr13,HG02965,2,chr13,censat,11.273627,43,1,0.190642,NONSAT-bSat-HSat3-HSat1A-HSat3-NONSAT-UNK-NONSAT-rDNA-NONSAT-bSat-NONSAT-HSat3-NONSAT-HSat3-aSat-NONSAT-aSat-HSat3-NONSAT-aSat-HSat3-aSat-HSat3-NONSAT-HSat1A
HG02965_h2_chr15,HG02965,2,chr15,censat,11.240403,36,3,0.290176,UNK-NONSAT-bSat-HSat3-NONSAT-UNK-NONSAT-rDNA-NONSAT-bSat-HSat3-NONSAT-HSat1B-HSat3-HSat1B-HSat3-aSat-HSat3-aSat-NONSAT-aSat-NONSAT-aSat-HSat3-aSat-NONSAT
HG02965_h2_chr22,HG02965,2,chr22,censat,9.255814,46,3,0.480125,UNK-NONSAT-bSat-HSat3-HSat1A-HSat3-NONSAT-UNK-NONSAT-UNK-NONSAT-rDNA-NONSAT-bSat-NONSAT-HSat3-bSat-NONSAT-HSat3-bSat-HSat3-NONSAT-HSat3-NONSAT-HSat3-aSat-HSat3-aSat-NONSAT-aSat-NONSAT-aSat-NONSAT
HG02965_h2_chr21,HG02965,2,chr21,censat,7.925748,46,0,0.0,rDNA-NONSAT-bSat-HSat3-NONSAT-HSat1B-HSat3-NONSAT-HSat3-bSat-HSat3-NONSAT-bSat-NONSAT-aSat-HSat3-NONSAT-HSat3-HSat1A-NONSAT-HSat3-aSat-NONSAT-aSat-HSat3-NONSAT-aSat-HSat3-aSat-HSat3-NONSAT
HG02965_h2_chr14,HG02965,2,chr14,censat,6.013031,37,1,0.069465,rDNA-HSat3-HSat1B-NONSAT-HSat3-NONSAT-HSat3-NONSAT-HSat3-aSat-HSat3-aSat-NONSAT-UNK-NONSAT-HSat3-aSat-NONSAT-aSat-HSat3-NONSAT-HSat3-aSat-HSat3-aSat-NONSAT-aSat-NONSAT
HG02976_h1_chr13,HG02976,1,chr13,censat,5.343948,33,1,0.076613,rDNA-NONSAT-bSat-HSat3-NONSAT-HSat1B-HSat3-NONSAT-HSat3-NONSAT-HSat3-aSat-NONSAT-aSat-HSat3-NONSAT-UNK-NONSAT-aSat-HSat3-aSat-HSat3-NONSAT-HSat1A
HG02976_h1_chr22,HG02976,1,chr22,censat,8.488376,43,1,0.285544,HSat1A-HSat3-NONSAT-UNK-NONSAT-rDNA-NONSAT-bSat-HSat3-NONSAT-HSat1B-HSat3-NONSAT-HSat3-bSat-HSat3-NONSAT-bSat-NONSAT-aSat-HSat3-NONSAT-HSat3-NONSAT-HSat3-aSat-HSat3-aSat-NONSAT-aSat-NONSAT
HG02976_h1_chr14,HG02976,1,chr14,censat,6.116912,29,0,0.0,rDNA-NONSAT-bSat-NONSAT-HSat3-bSat-NONSAT-HSat3-bSat-HSat3-NONSAT-HSat3-aSat-HSat3-aSat-NONSAT-aSat-NONSAT
HG02976_h1_chr21,HG02976,1,chr21,censat,5.310802,28,1,0.093467,rDNA-NONSAT-HSat3-bSat-HSat3-NONSAT-HSat3-aSat-NONSAT-aSat-NONSAT-UNK-NONSAT-aSat-HSat3-aSat-HSat3-NONSAT
HG02976_h1_chr15,HG02976,1,chr15,censat,8.833939,31,0,0.0,rDNA-NONSAT-bSat-HSat3-NONSAT-HSat1B-HSat3-aSat-HSat3-aSat-NONSAT-aSat-HSat3-aSat-HSat3-aSat-NONSAT-aSat-NONSAT-aSat-HSat3-aSat-NONSAT
HG02976_h2_chr15,HG02976,2,chr15,censat,7.386848,22,0,0.0,NONSAT-bSat-HSat3-NONSAT-HSat1B-HSat3-aSat-HSat3-aSat-NONSAT-aSat-NONSAT-aSat-HSat3-aSat-NONSAT
HG02976_h2_chr13,HG02976,2,chr13,censat,7.277974,34,1,0.08508,rDNA-NONSAT-bSat-NONSAT-HSat1B-HSat3-NONSAT-HSat3-aSat-NONSAT-aSat-HSat3-NONSAT-UNK-NONSAT-aSat-HSat3-aSat-HSat3-NONSAT-HSat1A
HG02976_h2_chr22,HG02976,2,chr22,censat,5.560215,30,0,0.0,NONSAT-bSat-HSat3-NONSAT-HSat1B-HSat3-NONSAT-HSat3-bSat-HSat3-aSat-HSat3-NONSAT-HSat3-NONSAT-HSat3-aSat-HSat3-aSat-NONSAT-aSat-NONSAT-aSat-NONSAT
HG02976_h2_chr14,HG02976,2,chr14,censat,7.666738,45,1,0.076485,rDNA-NONSAT-bSat-HSat3-NONSAT-HSat3-bSat-NONSAT-HSat3-bSat-HSat3-NONSAT-HSat3-NONSAT-HSat3-aSat-HSat3-aSat-NONSAT-UNK-NONSAT-HSat3-aSat-NONSAT-aSat-HSat3-NONSAT-HSat3-aSat-HSat3-aSat-NONSAT-aSat-NONSAT
HG03130_h1_chr13,HG03130,1,chr13,censat,9.687,42,3,0.326531,UNK-NONSAT-bSat-HSat3-HSat1A-HSat3-NONSAT-UNK-NONSAT-rDNA-NONSAT-HSat3-bSat-HSat3-HSat1B-NONSAT-HSat3-aSat-NONSAT-aSat-HSat3-NONSAT-aSat-HSat3-aSat-HSat3-NONSAT-HSat1A
HG03130_h1_chr22,HG03130,1,chr22,censat,13.939687,71,3,0.388562,NONSAT-UNK-NONSAT-bSat-HSat3-HSat1A-HSat3-NONSAT-UNK-NONSAT-rDNA-NONSAT-bSat-HSat3-NONSAT-HSat1B-HSat3-NONSAT-HSat3-bSat-HSat3-NONSAT-bSat-NONSAT-aSat-HSat3-NONSAT-aSat-NONSAT-bSat-NONSAT-HSat1B-HSat3-NONSAT-UNK-NONSAT-aSat-HSat3-NONSAT-HSat3-NONSAT-HSat3-aSat-HSat3-aSat-NONSAT-aSat-NONSAT-aSat-NONSAT
HG03130_h1_chr21,HG03130,1,chr21,censat,6.661588,41,1,0.068072,rDNA-NONSAT-bSat-HSat3-NONSAT-HSat1B-HSat3-bSat-NONSAT-HSat3-bSat-HSat3-NONSAT-HSat3-NONSAT-HSat3-aSat-NONSAT-aSat-HSat3-NONSAT-UNK-NONSAT-aSat-HSat3-aSat-HSat3-NONSAT-HSat1A
HG03130_h1_chr14,HG03130,1,chr14,censat,7.453455,42,0,0.0,NONSAT-bSat-HSat3-NONSAT-HSat3-bSat-NONSAT-HSat3-bSat-HSat3-NONSAT-HSat3-aSat-HSat3-aSat-NONSAT-HSat3-aSat-NONSAT-aSat-HSat3-NONSAT-HSat3-aSat-HSat3-aSat-NONSAT-aSat-NONSAT
HG03130_h1_chr15,HG03130,1,chr15,censat,8.21212,16,0,0.0,aSat-HSat3-aSat-NONSAT-aSat-NONSAT-aSat-HSat3-aSat-NONSAT
HG03130_h2_chr14,HG03130,2,chr14,censat,13.389977,54,5,0.743016,UNK-NONSAT-bSat-HSat3-HSat1A-HSat3-NONSAT-UNK-NONSAT-UNK-NONSAT-rDNA-NONSAT-HSat3-bSat-NONSAT-HSat3-bSat-UNK-NONSAT-HSat3-aSat-HSat3-aSat-NONSAT-UNK-NONSAT-HSat3-aSat-NONSAT-aSat-HSat3-NONSAT-HSat3-aSat-HSat3-aSat-NONSAT-aSat-NONSAT
HG03130_h2_chr15,HG03130,2,chr15,censat,10.400785,23,0,0.0,rDNA-NONSAT-bSat-HSat3-NONSAT-HSat1B-HSat3-aSat-HSat3-aSat-NONSAT-aSat-NONSAT-aSat-HSat3-aSat-NONSAT
HG03130_h2_chr22,HG03130,2,chr22,censat,8.175534,46,1,0.052365,NONSAT-rDNA-NONSAT-bSat-NONSAT-HSat1B-HSat3-NONSAT-UNK-NONSAT-aSat-HSat3-aSat-NONSAT-aSat-HSat3-aSat-HSat3-NONSAT-HSat3-NONSAT-HSat3-aSat-HSat3-bSat-HSat3-NONSAT-bSat-NONSAT-HSat3-NONSAT-aSat-NONSAT
HG03130_h2_chr21,HG03130,2,chr21,censat,4.65403,31,1,0.059646,rDNA-NONSAT-bSat-HSat3-NONSAT-HSat1B-HSat3-NONSAT-HSat3-NONSAT-HSat3-aSat-NONSAT-aSat-HSat3-NONSAT-UNK-NONSAT-aSat-HSat3-aSat-HSat3-NONSAT
HG03139_h1_chr13,HG03139,1,chr13,censat,8.390064,42,3,0.876508,UNK-NONSAT-bSat-HSat3-HSat1A-HSat3-NONSAT-UNK-NONSAT-rDNA-NONSAT-HSat3-bSat-HSat3-HSat1B-NONSAT-HSat3-aSat-NONSAT-aSat-HSat3-NONSAT-aSat-HSat3-aSat-HSat3-NONSAT-HSat1A
HG03139_h1_chr21,HG03139,1,chr21,censat,9.395804,42,4,0.437121,UNK-NONSAT-bSat-HSat3-HSat1A-HSat3-NONSAT-UNK-NONSAT-rDNA-NONSAT-HSat3-bSat-HSat3-NONSAT-HSat3-aSat-NONSAT-aSat-HSat3-NONSAT-UNK-NONSAT-aSat-HSat3-aSat-HSat3-NONSAT
HG03139_h1_chr22,HG03139,1,chr22,censat,10.865138,48,2,0.233634,UNK-NONSAT-bSat-HSat3-HSat1A-HSat3-NONSAT-UNK-NONSAT-rDNA-NONSAT-bSat-HSat3-NONSAT-HSat1B-HSat3-NONSAT-HSat3-bSat-HSat3-NONSAT-bSat-NONSAT-aSat-HSat3-NONSAT-HSat3-NONSAT-HSat3-aSat-HSat3-aSat-NONSAT-aSat-NONSAT-aSat-NONSAT
HG03139_h1_chr14,HG03139,1,chr14,censat,7.689015,47,2,0.128333,rDNA-NONSAT-bSat-NONSAT-HSat1B-HSat3-UNK-HSat3-NONSAT-HSat3-NONSAT-HSat3-NONSAT-HSat3-aSat-HSat3-aSat-NONSAT-UNK-NONSAT-HSat3-aSat-NONSAT-aSat-HSat3-aSat-HSat3-NONSAT-HSat3-aSat-HSat3-aSat-NONSAT-aSat-NONSAT
HG03139_h1_chr15,HG03139,1,chr15,censat,8.872507,26,0,0.0,rDNA-NONSAT-bSat-NONSAT-HSat1B-HSat3-aSat-HSat3-aSat-NONSAT-aSat-NONSAT-aSat-HSat3-aSat-NONSAT
HG03139_h2_chr13,HG03139,2,chr13,censat,10.153529,39,3,0.894182,NONSAT-UNK-NONSAT-bSat-HSat3-HSat1A-HSat3-NONSAT-UNK-NONSAT-rDNA-HSat3-HSat1B-NONSAT-HSat3-aSat-NONSAT-aSat-HSat3-NONSAT-UNK-NONSAT-aSat-HSat3-aSat-HSat3-NONSAT-HSat1A
HG03139_h2_chr14,HG03139,2,chr14,censat,12.378561,57,4,0.510509,UNK-NONSAT-bSat-HSat3-HSat1A-HSat3-NONSAT-UNK-NONSAT-rDNA-NONSAT-bSat-HSat3-NONSAT-HSat3-bSat-NONSAT-HSat3-bSat-HSat3-NONSAT-HSat3-NONSAT-HSat3-aSat-HSat3-aSat-NONSAT-UNK-NONSAT-HSat3-aSat-NONSAT-aSat-HSat3-NONSAT-HSat3-aSat-HSat3-aSat-NONSAT-aSat-NONSAT
HG03139_h2_chr21,HG03139,2,chr21,censat,6.960081,41,1,0.063885,rDNA-NONSAT-HSat3-bSat-HSat3-NONSAT-HSat1B-HSat3-bSat-NONSAT-HSat3-bSat-HSat3-NONSAT-HSat3-NONSAT-HSat3-aSat-NONSAT-aSat-HSat3-NONSAT-UNK-NONSAT-aSat-HSat3-aSat-HSat3-NONSAT
HG03139_h2_chr15,HG03139,2,chr15,censat,8.206183,22,0,0.0,rDNA-NONSAT-bSat-HSat3-NONSAT-HSat3-aSat-HSat3-aSat-NONSAT-aSat-NONSAT-aSat-HSat3-aSat-NONSAT
HG03139_h2_chr22,HG03139,2,chr22,censat,7.016241,43,1,0.050356,rDNA-NONSAT-bSat-NONSAT-HSat1B-HSat3-UNK-NONSAT-HSat3-bSat-HSat3-NONSAT-bSat-NONSAT-HSat3-bSat-HSat3-aSat-HSat3-NONSAT-HSat3-NONSAT-HSat3-aSat-HSat3-aSat-NONSAT-aSat-NONSAT-aSat-NONSAT
HG03195_h1_chr15,HG03195,1,chr15,censat,12.496158,40,4,0.775812,NONSAT-UNK-NONSAT-HSat3-HSat1A-HSat3-bSat-NONSAT-UNK-NONSAT-UNK-NONSAT-UNK-NONSAT-bSat-HSat3-NONSAT-HSat1B-HSat3-aSat-HSat3-aSat-NONSAT-aSat-NONSAT-aSat-HSat3-aSat-NONSAT
HG03195_h1_chr22,HG03195,1,chr22,censat,9.959723,48,2,0.648302,NONSAT-UNK-NONSAT-bSat-HSat3-HSat1A-HSat3-NONSAT-UNK-NONSAT-rDNA-NONSAT-bSat-HSat3-NONSAT-HSat1B-HSat3-NONSAT-HSat3-bSat-HSat3-NONSAT-bSat-NONSAT-aSat-HSat3-NONSAT-HSat3-NONSAT-HSat3-aSat-HSat3-aSat-NONSAT-aSat-NONSAT
HG03195_h1_chr13,HG03195,1,chr13,censat,5.745338,32,1,0.089243,rDNA-NONSAT-HSat3-bSat-HSat3-NONSAT-HSat3-aSat-NONSAT-aSat-HSat3-NONSAT-UNK-NONSAT-aSat-HSat3-aSat-HSat3-NONSAT-HSat1A
HG03195_h1_chr21,HG03195,1,chr21,censat,4.594451,28,0,0.0,rDNA-NONSAT-HSat3-bSat-HSat3-HSat1B-NONSAT-HSat3-aSat-NONSAT-aSat-HSat3-NONSAT-aSat-HSat3-aSat-HSat3-NONSAT-HSat1A
HG03195_h1_chr14,HG03195,1,chr14,censat,1.948988,12,0,0.0,aSat-HSat3-NONSAT-HSat3-aSat-HSat3-aSat-NONSAT-aSat-NONSAT
HG03195_h2_chr15,HG03195,2,chr15,censat,12.29678,38,4,0.436019,UNK-NONSAT-bSat-HSat3-HSat1A-HSat3-NONSAT-UNK-NONSAT-UNK-NONSAT-UNK-NONSAT-bSat-HSat3-NONSAT-HSat1B-HSat3-aSat-HSat3-aSat-NONSAT-aSat-NONSAT-aSat-HSat3-aSat-NONSAT
HG03195_h2_chr22,HG03195,2,chr22,censat,12.094002,64,2,0.490183,NONSAT-UNK-NONSAT-bSat-HSat3-HSat1A-HSat3-NONSAT-UNK-NONSAT-rDNA-NONSAT-bSat-NONSAT-HSat1B-HSat3-NONSAT-HSat3-bSat-HSat3-NONSAT-bSat-NONSAT-aSat-HSat3-aSat-NONSAT-aSat-HSat3-aSat-HSat3-NONSAT-HSat3-NONSAT-HSat3-aSat-HSat3-bSat-HSat3-NONSAT-bSat-NONSAT-HSat3-NONSAT-aSat-NONSAT
HG03195_h2_chr13,HG03195,2,chr13,censat,7.220328,31,1,0.112042,rDNA-NONSAT-HSat3-bSat-HSat3-HSat1B-NONSAT-HSat3-aSat-NONSAT-aSat-HSat3-NONSAT-UNK-NONSAT-aSat-HSat3-aSat-HSat3-NONSAT-HSat1A
HG03195_h2_chr21,HG03195,2,chr21,censat,4.985933,30,0,0.0,rDNA-NONSAT-bSat-HSat3-NONSAT-HSat1B-HSat3-NONSAT-HSat3-NONSAT-HSat3-aSat-NONSAT-aSat-HSat3-NONSAT-aSat-HSat3-aSat-HSat3-NONSAT-HSat1A
HG03195_h2_chr14,HG03195,2,chr14,censat,7.66839,45,1,0.063812,rDNA-NONSAT-bSat-HSat3-NONSAT-HSat3-bSat-NONSAT-HSat3-bSat-HSat3-NONSAT-HSat3-NONSAT-HSat3-aSat-HSat3-aSat-NONSAT-UNK-NONSAT-HSat3-aSat-NONSAT-aSat-HSat3-NONSAT-HSat3-aSat-HSat3-aSat-NONSAT-aSat-NONSAT
HG03209_h1_chr15,HG03209,1,chr15,censat,17.892574,42,3,0.547508,UNK-NONSAT-bSat-HSat3-HSat1A-HSat3-NONSAT-UNK-NONSAT-UNK-NONSAT-rDNA-NONSAT-HSat3-bSat-NONSAT-HSat1B-HSat3-aSat-HSat3-aSat-NONSAT-aSat-NONSAT-aSat-HSat3-aSat-NONSAT
HG03209_h1_chr21,HG03209,1,chr21,censat,13.212639,58,3,0.270557,NONSAT-UNK-NONSAT-bSat-HSat3-HSat1A-HSat3-NONSAT-bSat-HSat3-HSat1A-HSat3-NONSAT-UNK-NONSAT-rDNA-NONSAT-bSat-HSat3-NONSAT-HSat1B-HSat3-bSat-NONSAT-HSat3-bSat-HSat3-NONSAT-HSat3-NONSAT-HSat3-aSat-NONSAT-aSat-HSat3-NONSAT-UNK-NONSAT-aSat-HSat3-aSat-HSat3-NONSAT
HG03209_h1_chr13,HG03209,1,chr13,censat,9.229016,37,1,0.052594,rDNA-NONSAT-HSat3-bSat-NONSAT-HSat3-NONSAT-HSat3-NONSAT-HSat3-aSat-NONSAT-aSat-HSat3-NONSAT-UNK-NONSAT-aSat-HSat3-aSat-HSat3-NONSAT-HSat1A
HG03209_h1_chr14,HG03209,1,chr14,censat,5.577645,31,0,0.0,rDNA-NONSAT-bSat-NONSAT-HSat3-bSat-NONSAT-HSat3-bSat-HSat3-NONSAT-HSat3-HSat1A-NONSAT-HSat3-aSat-HSat3-aSat-NONSAT-aSat-NONSAT
HG03209_h1_chr22,HG03209,1,chr22,censat,7.544407,42,0,0.0,rDNA-NONSAT-bSat-HSat3-NONSAT-HSat1B-HSat3-NONSAT-HSat3-bSat-HSat3-aSat-HSat3-NONSAT-bSat-NONSAT-aSat-HSat3-NONSAT-HSat3-NONSAT-HSat3-aSat-HSat3-aSat-NONSAT-aSat-NONSAT-aSat-NONSAT
HG03209_h2_chr15,HG03209,2,chr15,censat,10.972178,31,0,0.0,rDNA-NONSAT-bSat-HSat3-NONSAT-HSat1B-HSat3-aSat-HSat3-aSat-NONSAT-aSat-HSat3-aSat-HSat3-aSat-NONSAT-aSat-NONSAT-aSat-HSat3-aSat-NONSAT
HG03209_h2_chr14,HG03209,2,chr14,censat,9.053467,47,1,0.051138,NONSAT-bSat-NONSAT-HSat3-bSat-NONSAT-HSat3-bSat-HSat3-NONSAT-HSat3-NONSAT-HSat3-aSat-NONSAT-UNK-NONSAT-HSat3-aSat-NONSAT-aSat-HSat3-NONSAT-HSat3-aSat-HSat3-aSat-NONSAT-aSat-NONSAT
HG03225_h1_chr13,HG03225,1,chr13,censat,7.434395,29,0,0.0,rDNA-NONSAT-HSat3-bSat-HSat3-HSat1B-NONSAT-HSat3-aSat-NONSAT-aSat-HSat3-NONSAT-aSat-HSat3-aSat-HSat3-NONSAT-HSat1A
HG03225_h1_chr15,HG03225,1,chr15,censat,4.97099,26,0,0.0,rDNA-NONSAT-bSat-NONSAT-HSat1B-HSat3-aSat-HSat3-aSat-NONSAT-aSat-NONSAT-aSat-HSat3-aSat-NONSAT
HG03225_h1_chr14,HG03225,1,chr14,censat,5.583227,31,1,0.058178,rDNA-NONSAT-HSat3-aSat-HSat3-aSat-NONSAT-UNK-NONSAT-HSat3-aSat-NONSAT-aSat-HSat3-NONSAT-HSat3-aSat-HSat3-aSat-NONSAT-aSat-NONSAT
HG03225_h2_chr13,HG03225,2,chr13,censat,8.639825,31,1,0.13575,rDNA-NONSAT-bSat-HSat3-NONSAT-HSat1B-HSat3-NONSAT-HSat3-aSat-NONSAT-aSat-HSat3-NONSAT-UNK-NONSAT-aSat-HSat3-aSat-HSat3-NONSAT-HSat1A
HG03225_h2_chr21,HG03225,2,chr21,censat,4.621341,31,1,0.052602,rDNA-NONSAT-bSat-HSat3-NONSAT-HSat1B-HSat3-NONSAT-HSat3-NONSAT-HSat3-aSat-NONSAT-aSat-HSat3-NONSAT-UNK-NONSAT-aSat-HSat3-aSat-HSat3-NONSAT
HG03225_h2_chr14,HG03225,2,chr14,censat,5.60453,31,0,0.0,rDNA-NONSAT-bSat-NONSAT-HSat3-bSat-NONSAT-HSat3-bSat-HSat3-NONSAT-HSat3-NONSAT-HSat3-aSat-HSat3-aSat-NONSAT-aSat-NONSAT
HG03225_h2_chr22,HG03225,2,chr22,censat,8.162167,47,1,0.075587,rDNA-NONSAT-bSat-HSat3-NONSAT-HSat1B-HSat3-UNK-NONSAT-HSat3-bSat-HSat3-NONSAT-bSat-NONSAT-HSat3-bSat-HSat3-aSat-HSat3-NONSAT-bSat-NONSAT-aSat-HSat3-NONSAT-HSat3-NONSAT-HSat3-aSat-HSat3-aSat-NONSAT
HG03270_h1_chr22,HG03270,1,chr22,censat,6.536988,38,1,0.107164,rDNA-NONSAT-bSat-HSat3-NONSAT-HSat1B-HSat3-UNK-NONSAT-HSat3-bSat-HSat3-NONSAT-bSat-NONSAT-aSat-HSat3-NONSAT-HSat3-NONSAT-HSat3-aSat-HSat3-aSat-NONSAT-aSat-NONSAT-aSat-NONSAT
HG03270_h1_chr21,HG03270,1,chr21,censat,5.218544,32,1,0.076523,rDNA-NONSAT-bSat-HSat3-NONSAT-HSat1B-HSat3-NONSAT-HSat3-NONSAT-HSat3-aSat-NONSAT-aSat-HSat3-NONSAT-UNK-NONSAT-aSat-HSat3-aSat-HSat3-NONSAT-HSat1A
HG03270_h1_chr15,HG03270,1,chr15,censat,10.611701,26,0,0.0,rDNA-NONSAT-bSat-NONSAT-HSat1B-HSat3-aSat-HSat3-aSat-NONSAT-aSat-NONSAT-aSat-HSat3-aSat-NONSAT
HG03270_h2_chr15,HG03270,2,chr15,censat,13.722502,45,3,0.293328,NONSAT-UNK-NONSAT-bSat-HSat3-HSat1A-HSat3-NONSAT-UNK-NONSAT-bSat-HSat3-NONSAT-HSat1B-HSat3-aSat-HSat3-aSat-NONSAT-aSat-HSat3-aSat-HSat3-aSat-NONSAT-aSat-NONSAT-aSat-HSat3-aSat-NONSAT
HG03270_h2_chr21,HG03270,2,chr21,censat,4.906361,31,0,0.0,rDNA-NONSAT-bSat-HSat3-NONSAT-HSat1B-HSat3-NONSAT-HSat3-NONSAT-HSat3-aSat-NONSAT-aSat-HSat3-NONSAT-aSat-HSat3-aSat-HSat3-NONSAT-HSat1A
HG03270_h2_chr14,HG03270,2,chr14,censat,5.971358,30,0,0.0,rDNA-NONSAT-bSat-NONSAT-HSat3-bSat-NONSAT-HSat3-bSat-HSat3-NONSAT-HSat3-NONSAT-HSat3-aSat-HSat3-aSat-NONSAT-aSat-NONSAT
HG03270_h2_chr13,HG03270,2,chr13,censat,3.840996,14,0,0.0,rDNA-NONSAT-HSat3-bSat-NONSAT-HSat3-NONSAT-HSat3-NONSAT-HSat1A
HG03270_h2_chr22,HG03270,2,chr22,censat,6.924371,42,2,0.174883,NONSAT-UNK-NONSAT-rDNA-NONSAT-bSat-HSat3-NONSAT-HSat1B-HSat3-NONSAT-HSat3-bSat-HSat3-NONSAT-bSat-NONSAT-aSat-HSat3-NONSAT-HSat3-NONSAT-HSat3-aSat-HSat3-aSat-NONSAT-aSat-NONSAT-aSat-NONSAT
HG03369_h1_chr21,HG03369,1,chr21,censat,7.581755,41,1,0.063885,rDNA-NONSAT-bSat-HSat3-NONSAT-HSat1B-HSat3-bSat-NONSAT-HSat3-bSat-HSat3-NONSAT-HSat3-NONSAT-HSat3-aSat-NONSAT-aSat-HSat3-NONSAT-UNK-NONSAT-aSat-HSat3-aSat-HSat3-NONSAT-HSat1A
HG03369_h1_chr22,HG03369,1,chr22,censat,6.807551,40,0,0.0,rDNA-NONSAT-bSat-NONSAT-HSat1B-HSat3-NONSAT-HSat3-bSat-HSat3-NONSAT-bSat-NONSAT-aSat-HSat3-NONSAT-HSat3-NONSAT-HSat3-aSat-HSat3-aSat-NONSAT-aSat-NONSAT-aSat-NONSAT
HG03369_h1_chr14,HG03369,1,chr14,censat,8.173795,43,2,0.377553,rDNA-NONSAT-bSat-NONSAT-HSat3-UNK-HSat3-NONSAT-HSat3-NONSAT-HSat3-aSat-NONSAT-UNK-NONSAT-HSat3-aSat-NONSAT-aSat-HSat3-NONSAT-HSat3-aSat-HSat3-aSat-NONSAT-aSat-NONSAT
HG03369_h1_chr15,HG03369,1,chr15,censat,8.830983,27,0,0.0,rDNA-NONSAT-HSat3-bSat-NONSAT-HSat1B-HSat3-aSat-HSat3-aSat-NONSAT-aSat-NONSAT-aSat-HSat3-aSat-NONSAT
HG03369_h1_chr13,HG03369,1,chr13,censat,9.71048,30,1,0.063777,rDNA-NONSAT-HSat3-bSat-HSat3-HSat1B-NONSAT-HSat3-aSat-NONSAT-aSat-HSat3-NONSAT-UNK-NONSAT-aSat-HSat3-aSat-HSat3-NONSAT-HSat1A
HG03369_h2_chr13,HG03369,2,chr13,censat,6.831141,33,0,0.0,NONSAT-bSat-NONSAT-HSat3-NONSAT-HSat3-NONSAT-HSat3-aSat-NONSAT-aSat-HSat3-NONSAT-aSat-HSat3-aSat-HSat3-NONSAT-HSat1A
HG03369_h2_chr14,HG03369,2,chr14,censat,6.018197,34,1,0.056763,HSat3-NONSAT-HSat3-NONSAT-HSat3-NONSAT-HSat3-aSat-HSat3-aSat-NONSAT-UNK-NONSAT-HSat3-aSat-NONSAT-aSat-HSat3-NONSAT-HSat3-aSat-HSat3-aSat-NONSAT-aSat-NONSAT
HG03369_h2_chr15,HG03369,2,chr15,censat,8.061184,28,0,0.0,rDNA-NONSAT-rDNA-NONSAT-bSat-NONSAT-HSat1B-HSat3-aSat-HSat3-aSat-NONSAT-aSat-NONSAT-aSat-HSat3-aSat-NONSAT
HG03369_h2_chr22,HG03369,2,chr22,censat,5.547853,31,0,0.0,rDNA-NONSAT-bSat-HSat3-NONSAT-HSat1B-HSat3-NONSAT-HSat3-bSat-HSat3-aSat-HSat3-NONSAT-HSat3-NONSAT-HSat3-aSat-HSat3-aSat-NONSAT-aSat-NONSAT-aSat-NONSAT
HG03369_h2_chr21,HG03369,2,chr21,censat,5.056744,30,1,0.140012,rDNA-NONSAT-bSat-NONSAT-HSat3-NONSAT-HSat3-aSat-NONSAT-aSat-HSat3-NONSAT-UNK-NONSAT-aSat-HSat3-aSat-HSat3-NONSAT
HG03470_h1_chr22,HG03470,1,chr22,censat,11.142128,48,2,0.368531,UNK-NONSAT-bSat-HSat3-HSat1A-HSat3-NONSAT-UNK-NONSAT-rDNA-NONSAT-bSat-HSat3-NONSAT-HSat1B-HSat3-NONSAT-HSat3-bSat-HSat3-NONSAT-bSat-NONSAT-aSat-HSat3-NONSAT-HSat3-NONSAT-HSat3-aSat-HSat3-aSat-NONSAT-aSat-NONSAT-aSat-NONSAT
HG03470_h1_chr15,HG03470,1,chr15,censat,10.687659,23,0,0.0,rDNA-NONSAT-bSat-HSat3-NONSAT-HSat1B-HSat3-aSat-HSat3-aSat-NONSAT-aSat-NONSAT-aSat-HSat3-aSat-NONSAT
HG03470_h1_chr14,HG03470,1,chr14,censat,7.623402,44,1,0.062421,rDNA-NONSAT-bSat-NONSAT-HSat1B-HSat3-NONSAT-HSat3-NONSAT-HSat3-aSat-NONSAT-UNK-NONSAT-HSat3-aSat-NONSAT-aSat-HSat3-NONSAT-HSat3-aSat-HSat3-aSat-NONSAT-aSat-NONSAT-aSat-NONSAT
HG03470_h1_chr21,HG03470,1,chr21,censat,5.434886,32,1,0.062472,rDNA-NONSAT-bSat-HSat3-NONSAT-HSat1B-HSat3-NONSAT-HSat3-NONSAT-HSat3-aSat-NONSAT-aSat-HSat3-NONSAT-UNK-NONSAT-aSat-HSat3-aSat-HSat3-NONSAT
HG03470_h2_chr22,HG03470,2,chr22,censat,8.682411,46,4,0.455111,NONSAT-UNK-NONSAT-bSat-HSat3-HSat1A-HSat3-NONSAT-UNK-NONSAT-UNK-NONSAT-UNK-NONSAT-rDNA-NONSAT-bSat-HSat3-NONSAT-HSat1B-HSat3-NONSAT-HSat3-bSat-HSat3-aSat-HSat3-NONSAT-HSat3-NONSAT-HSat3-aSat-HSat3-aSat-NONSAT-aSat-NONSAT
HG03470_h2_chr15,HG03470,2,chr15,censat,8.708185,32,0,0.0,NONSAT-bSat-HSat3-NONSAT-HSat1B-HSat3-aSat-HSat3-aSat-NONSAT-aSat-HSat3-aSat-HSat3-aSat-NONSAT-aSat-NONSAT-aSat-HSat3-aSat-NONSAT
HG03470_h2_chr14,HG03470,2,chr14,censat,7.826424,44,1,0.096414,rDNA-NONSAT-bSat-HSat3-NONSAT-HSat3-bSat-NONSAT-HSat3-bSat-HSat3-NONSAT-HSat3-aSat-HSat3-aSat-NONSAT-UNK-NONSAT-HSat3-aSat-NONSAT-aSat-HSat3-NONSAT-HSat3-aSat-HSat3-aSat-NONSAT-aSat-NONSAT
HG03470_h2_chr21,HG03470,2,chr21,censat,6.612862,40,1,0.11894,NONSAT-bSat-HSat3-NONSAT-HSat1B-HSat3-bSat-NONSAT-HSat3-bSat-HSat3-NONSAT-HSat3-NONSAT-HSat3-aSat-NONSAT-aSat-HSat3-NONSAT-UNK-NONSAT-aSat-HSat3-aSat-HSat3-NONSAT-HSat1A
HG03471_h1_chr22,HG03471,1,chr22,censat,6.564829,40,1,0.069232,rDNA-NONSAT-bSat-NONSAT-HSat1B-HSat3-UNK-NONSAT-HSat3-bSat-HSat3-NONSAT-bSat-NONSAT-aSat-HSat3-NONSAT-HSat3-NONSAT-HSat3-aSat-HSat3-aSat-NONSAT
HG03471_h1_chr21,HG03471,1,chr21,censat,4.364312,29,0,0.0,bSat-HSat3-NONSAT-HSat1B-HSat3-NONSAT-HSat3-NONSAT-HSat3-aSat-NONSAT-aSat-HSat3-NONSAT-aSat-HSat3-aSat-HSat3-NONSAT-HSat1A
HG03471_h1_chr14,HG03471,1,chr14,censat,8.462065,44,1,0.058119,NONSAT-bSat-HSat3-NONSAT-HSat3-bSat-NONSAT-HSat3-bSat-HSat3-NONSAT-HSat3-NONSAT-HSat3-aSat-NONSAT-UNK-NONSAT-HSat3-aSat-NONSAT-aSat-HSat3-NONSAT-HSat3-aSat-HSat3-aSat-NONSAT-aSat-NONSAT
HG03471_h1_chr15,HG03471,1,chr15,censat,1.228504,9,0,0.0,aSat-NONSAT-aSat-HSat3-aSat-NONSAT
HG03471_h2_chr14,HG03471,2,chr14,censat,5.522643,36,1,0.069463,HSat3-HSat1B-NONSAT-HSat3-NONSAT-HSat3-NONSAT-HSat3-aSat-HSat3-aSat-NONSAT-UNK-NONSAT-HSat3-aSat-NONSAT-aSat-HSat3-NONSAT-HSat3-aSat-HSat3-aSat-NONSAT-aSat-NONSAT
HG03471_h2_chr22,HG03471,2,chr22,censat,6.634051,41,1,0.050344,rDNA-NONSAT-bSat-NONSAT-HSat1B-HSat3-UNK-NONSAT-HSat3-bSat-HSat3-NONSAT-bSat-NONSAT-aSat-HSat3-NONSAT-HSat3-NONSAT-HSat3-aSat-HSat3-aSat-NONSAT-aSat-NONSAT-aSat-NONSAT
HG03521_h1_chr13,HG03521,1,chr13,censat,7.426995,30,1,0.067982,rDNA-NONSAT-HSat3-bSat-HSat3-NONSAT-HSat3-aSat-NONSAT-aSat-HSat3-NONSAT-UNK-NONSAT-aSat-HSat3-aSat-HSat3-NONSAT-HSat1A
HG03521_h1_chr14,HG03521,1,chr14,censat,5.298805,28,0,0.0,rDNA-NONSAT-bSat-HSat3-NONSAT-HSat3-bSat-NONSAT-HSat3-bSat-HSat3-NONSAT-HSat3-NONSAT-HSat3-aSat-HSat3-aSat-NONSAT-aSat-NONSAT
HG03521_h1_chr22,HG03521,1,chr22,censat,5.954682,37,1,0.062949,rDNA-NONSAT-bSat-HSat3-NONSAT-HSat1B-HSat3-UNK-NONSAT-HSat3-bSat-HSat3-NONSAT-bSat-NONSAT-aSat-HSat3-NONSAT-HSat3-NONSAT-HSat3-aSat-HSat3-aSat-NONSAT-aSat-NONSAT
HG03521_h1_chr21,HG03521,1,chr21,censat,5.33932,32,1,0.063885,rDNA-NONSAT-bSat-HSat3-NONSAT-HSat1B-HSat3-NONSAT-HSat3-NONSAT-HSat3-aSat-NONSAT-aSat-HSat3-NONSAT-UNK-NONSAT-aSat-HSat3-aSat-HSat3-NONSAT-HSat1A
HG03521_h1_chr15,HG03521,1,chr15,censat,10.268078,24,0,0.0,rDNA-NONSAT-bSat-HSat3-NONSAT-HSat1B-HSat3-aSat-HSat3-aSat-NONSAT-aSat-NONSAT-aSat-HSat3-aSat-NONSAT
HG03521_h2_chr21,HG03521,2,chr21,censat,9.541056,43,2,0.120157,NONSAT-UNK-NONSAT-bSat-HSat3-HSat1A-HSat3-NONSAT-UNK-NONSAT-rDNA-NONSAT-bSat-HSat3-NONSAT-HSat1B-HSat3-NONSAT-HSat3-NONSAT-HSat3-aSat-NONSAT-aSat-HSat3-NONSAT-aSat-HSat3-aSat-HSat3-NONSAT-HSat1A
HG03521_h2_chr13,HG03521,2,chr13,censat,6.913153,28,1,0.051078,rDNA-NONSAT-HSat3-bSat-HSat3-HSat1B-NONSAT-HSat3-aSat-NONSAT-aSat-HSat3-NONSAT-UNK-NONSAT-aSat-HSat3-aSat-HSat3-NONSAT-HSat1A
HG03521_h2_chr15,HG03521,2,chr15,censat,6.933734,28,0,0.0,rDNA-NONSAT-bSat-HSat3-aSat-HSat3-aSat-NONSAT-aSat-HSat3-aSat-HSat3-aSat-NONSAT-aSat-NONSAT-aSat-HSat3-aSat-NONSAT
HG03521_h2_chr14,HG03521,2,chr14,censat,5.981453,35,0,0.0,rDNA-HSat3-HSat1B-NONSAT-HSat3-NONSAT-HSat3-NONSAT-HSat3-aSat-HSat3-aSat-NONSAT-HSat3-aSat-NONSAT-aSat-HSat3-NONSAT-HSat3-aSat-HSat3-aSat-NONSAT-aSat-NONSAT
HG03521_h2_chr22,HG03521,2,chr22,censat,6.903188,39,0,0.0,NONSAT-bSat-HSat3-NONSAT-HSat1B-HSat3-NONSAT-HSat3-bSat-HSat3-aSat-HSat3-NONSAT-bSat-NONSAT-aSat-HSat3-NONSAT-HSat3-NONSAT-HSat3-aSat-HSat3-aSat-NONSAT-aSat-NONSAT-aSat-NONSAT
HG03583_h1_chr22,HG03583,1,chr22,censat,8.718178,51,4,0.372789,NONSAT-UNK-NONSAT-bSat-HSat3-HSat1A-HSat3-NONSAT-UNK-NONSAT-rDNA-NONSAT-bSat-HSat3-NONSAT-HSat1B-HSat3-UNK-NONSAT-HSat3-bSat-HSat3-NONSAT-bSat-NONSAT-aSat-HSat3-NONSAT-HSat3-NONSAT-HSat3-aSat-HSat3-aSat-NONSAT-aSat-NONSAT
HG03583_h1_chr21,HG03583,1,chr21,censat,5.040237,26,2,0.218546,UNK-NONSAT-HSat3-NONSAT-HSat3-aSat-NONSAT-aSat-HSat3-NONSAT-UNK-NONSAT-aSat-HSat3-aSat-HSat3-NONSAT-HSat1A
HG03583_h1_chr13,HG03583,1,chr13,censat,7.224408,33,1,0.056852,rDNA-NONSAT-bSat-HSat3-NONSAT-HSat1B-HSat3-NONSAT-HSat3-NONSAT-HSat3-aSat-NONSAT-aSat-HSat3-NONSAT-UNK-NONSAT-aSat-HSat3-aSat-HSat3-NONSAT-HSat1A
HG03583_h1_chr15,HG03583,1,chr15,censat,2.372379,14,0,0.0,aSat-HSat3-aSat-NONSAT-aSat-HSat3-aSat-NONSAT
HG03583_h2_chr21,HG03583,2,chr21,censat,5.059687,32,1,0.051192,rDNA-NONSAT-bSat-HSat3-NONSAT-HSat1B-HSat3-NONSAT-HSat3-NONSAT-HSat3-aSat-NONSAT-aSat-HSat3-NONSAT-UNK-NONSAT-aSat-HSat3-aSat-HSat3-NONSAT-HSat1A
HG03583_h2_chr13,HG03583,2,chr13,censat,7.690811,26,2,0.523312,rDNA-UNK-NONSAT-HSat3-aSat-NONSAT-aSat-HSat3-NONSAT-UNK-NONSAT-aSat-HSat3-aSat-HSat3-NONSAT-HSat1A
HG03583_h2_chr22,HG03583,2,chr22,censat,6.164845,37,1,0.17029,rDNA-NONSAT-bSat-HSat3-NONSAT-HSat1B-HSat3-UNK-NONSAT-HSat3-bSat-HSat3-NONSAT-bSat-NONSAT-aSat-HSat3-NONSAT-HSat3-NONSAT-HSat3-aSat-HSat3-aSat-NONSAT-aSat-NONSAT
HG03583_h2_chr15,HG03583,2,chr15,censat,2.337591,17,0,0.0,aSat-HSat3-aSat-NONSAT-aSat-NONSAT-aSat-HSat3-aSat-HSat3-aSat-NONSAT
HG03583_h2_chr14,HG03583,2,chr14,censat,3.764829,23,1,0.055364,NONSAT-UNK-NONSAT-HSat3-aSat-NONSAT-aSat-HSat3-NONSAT-HSat3-aSat-HSat3-aSat-NONSAT-aSat-NONSAT
HG03742_h1_chr14,HG03742,1,chr14,censat,12.568646,48,3,0.351152,UNK-NONSAT-bSat-HSat3-HSat1A-HSat3-NONSAT-UNK-NONSAT-rDNA-NONSAT-bSat-NONSAT-HSat1B-HSat3-aSat-NONSAT-UNK-NONSAT-HSat3-aSat-NONSAT-aSat-HSat3-NONSAT-HSat3-aSat-HSat3-aSat-NONSAT-aSat-NONSAT
HG03742_h1_chr22,HG03742,1,chr22,censat,10.110702,52,1,0.100439,UNK-NONSAT-bSat-HSat3-HSat1A-HSat3-NONSAT-rDNA-NONSAT-bSat-HSat3-NONSAT-HSat1B-HSat3-NONSAT-HSat3-bSat-HSat3-aSat-HSat3-NONSAT-bSat-NONSAT-aSat-HSat3-NONSAT-HSat3-HSat1A-NONSAT-HSat3-aSat-HSat3-aSat-NONSAT-aSat-NONSAT-aSat-NONSAT
HG03742_h1_chr15,HG03742,1,chr15,censat,8.145529,27,0,0.0,rDNA-NONSAT-HSat3-bSat-NONSAT-HSat1B-HSat3-aSat-HSat3-aSat-NONSAT-aSat-NONSAT-aSat-HSat3-aSat-NONSAT
HG03742_h1_chr13,HG03742,1,chr13,censat,7.361208,34,0,0.0,NONSAT-aSat-HSat3-aSat-HSat3-NONSAT-HSat3-NONSAT-HSat3-aSat-NONSAT-aSat-HSat3-NONSAT-aSat-HSat3-aSat-HSat3-NONSAT-HSat1A
HG03742_h2_chr13,HG03742,2,chr13,censat,10.797654,44,3,0.245513,UNK-NONSAT-bSat-HSat3-HSat1A-HSat3-NONSAT-UNK-NONSAT-rDNA-NONSAT-bSat-HSat3-NONSAT-HSat1B-HSat3-NONSAT-HSat3-NONSAT-HSat3-aSat-NONSAT-aSat-HSat3-NONSAT-UNK-NONSAT-aSat-HSat3-aSat-HSat3-NONSAT-HSat1A
HG03742_h2_chr14,HG03742,2,chr14,censat,7.763632,45,1,0.060979,rDNA-NONSAT-bSat-HSat3-NONSAT-HSat1B-HSat3-bSat-NONSAT-HSat3-bSat-HSat3-NONSAT-HSat3-aSat-HSat3-aSat-NONSAT-UNK-NONSAT-HSat3-aSat-NONSAT-aSat-HSat3-NONSAT-HSat3-aSat-HSat3-aSat-NONSAT-aSat-NONSAT
HG03742_h2_chr22,HG03742,2,chr22,censat,7.006459,33,0,0.0,rDNA-NONSAT-bSat-HSat3-NONSAT-HSat1B-HSat3-NONSAT-HSat3-bSat-HSat3-aSat-HSat3-NONSAT-bSat-NONSAT-aSat-HSat3-NONSAT-HSat3-NONSAT-HSat3-aSat-NONSAT
HG03742_h2_chr15,HG03742,2,chr15,censat,13.951614,48,2,0.207933,NONSAT-bSat-HSat3-HSat1A-HSat3-NONSAT-UNK-NONSAT-UNK-NONSAT-rDNA-NONSAT-bSat-NONSAT-HSat1B-HSat3-aSat-HSat3-aSat-NONSAT-aSat-HSat3-aSat-HSat3-aSat-NONSAT-aSat-NONSAT-aSat-HSat3-aSat-NONSAT
HG03742_h2_chr21,HG03742,2,chr21,censat,5.960108,33,1,0.05259,rDNA-NONSAT-HSat3-bSat-HSat3-NONSAT-HSat3-NONSAT-HSat3-aSat-NONSAT-aSat-HSat3-NONSAT-UNK-NONSAT-aSat-HSat3-aSat-HSat3-NONSAT-HSat1A
HG03784_h1_chr21,HG03784,1,chr21,censat,4.688448,29,1,0.075184,rDNA-NONSAT-HSat3-bSat-HSat3-HSat1B-NONSAT-HSat3-aSat-NONSAT-aSat-HSat3-NONSAT-UNK-NONSAT-aSat-HSat3-aSat-HSat3-NONSAT-HSat1A
HG03784_h1_chr22,HG03784,1,chr22,censat,7.518422,40,0,0.0,rDNA-NONSAT-bSat-HSat3-NONSAT-HSat1B-HSat3-NONSAT-HSat3-bSat-HSat3-aSat-HSat3-NONSAT-bSat-NONSAT-aSat-HSat3-NONSAT-HSat3-NONSAT-HSat3-aSat-HSat3-aSat-NONSAT-aSat-NONSAT-aSat-NONSAT
HG03784_h2_chr21,HG03784,2,chr21,censat,4.370825,29,1,0.08362,rDNA-NONSAT-bSat-HSat3-NONSAT-HSat3-NONSAT-HSat3-aSat-NONSAT-aSat-HSat3-NONSAT-UNK-NONSAT-aSat-HSat3-aSat-HSat3-NONSAT-HSat1A
HG03784_h2_chr22,HG03784,2,chr22,censat,6.477855,38,1,0.062945,rDNA-NONSAT-bSat-HSat3-NONSAT-HSat1B-HSat3-UNK-NONSAT-HSat3-bSat-HSat3-NONSAT-bSat-NONSAT-aSat-HSat3-NONSAT-HSat3-NONSAT-HSat3-aSat-HSat3-aSat-NONSAT-aSat-NONSAT-aSat-NONSAT
HG03874_h1_chr21,HG03874,1,chr21,censat,7.811719,43,3,0.211726,UNK-NONSAT-bSat-HSat3-HSat1A-HSat3-NONSAT-UNK-NONSAT-rDNA-NONSAT-HSat3-bSat-HSat3-NONSAT-HSat3-HSat1B-NONSAT-HSat3-aSat-NONSAT-aSat-HSat3-NONSAT-UNK-NONSAT-aSat-HSat3-aSat-HSat3-NONSAT-HSat1A
HG03874_h1_chr22,HG03874,1,chr22,censat,8.576829,50,4,0.40316,UNK-NONSAT-bSat-HSat3-HSat1A-HSat3-NONSAT-UNK-NONSAT-rDNA-NONSAT-bSat-HSat3-NONSAT-HSat1B-HSat3-UNK-NONSAT-HSat3-bSat-HSat3-NONSAT-bSat-NONSAT-aSat-HSat3-NONSAT-HSat3-NONSAT-HSat3-aSat-HSat3-aSat-NONSAT-aSat-NONSAT-aSat-NONSAT
HG03874_h1_chr13,HG03874,1,chr13,censat,5.275533,32,1,0.086448,rDNA-NONSAT-bSat-HSat3-NONSAT-HSat1B-HSat3-NONSAT-HSat3-NONSAT-HSat3-aSat-NONSAT-aSat-HSat3-NONSAT-UNK-NONSAT-aSat-HSat3-aSat-HSat3-NONSAT-HSat1A
HG03874_h1_chr14,HG03874,1,chr14,censat,5.238759,33,1,0.077921,NONSAT-HSat3-NONSAT-HSat3-aSat-HSat3-aSat-NONSAT-UNK-NONSAT-HSat3-aSat-NONSAT-aSat-HSat3-NONSAT-HSat3-aSat-HSat3-aSat-NONSAT-aSat-NONSAT
HG03874_h1_chr15,HG03874,1,chr15,censat,3.101711,16,0,0.0,aSat-HSat3-aSat-NONSAT-aSat-NONSAT-aSat-HSat3-aSat-NONSAT
HG03874_h2_chr13,HG03874,2,chr13,censat,8.85715,42,3,0.423297,UNK-NONSAT-bSat-HSat3-HSat1A-HSat3-NONSAT-UNK-NONSAT-rDNA-NONSAT-bSat-NONSAT-HSat1B-HSat3-NONSAT-HSat3-aSat-NONSAT-aSat-HSat3-NONSAT-UNK-NONSAT-aSat-HSat3-aSat-HSat3-NONSAT-HSat1A
HG03874_h2_chr15,HG03874,2,chr15,censat,11.102997,35,0,0.0,rDNA-NONSAT-bSat-NONSAT-HSat1B-HSat3-aSat-HSat3-aSat-NONSAT-aSat-HSat3-aSat-HSat3-aSat-NONSAT-aSat-NONSAT-aSat-HSat3-aSat-NONSAT
HG03874_h2_chr22,HG03874,2,chr22,censat,9.229733,50,2,0.127349,HSat3-NONSAT-UNK-NONSAT-UNK-NONSAT-rDNA-NONSAT-bSat-HSat3-NONSAT-HSat1B-HSat3-NONSAT-HSat3-bSat-HSat3-aSat-HSat3-NONSAT-bSat-NONSAT-aSat-HSat3-NONSAT-HSat3-HSat1A-NONSAT-HSat3-aSat-HSat3-aSat-NONSAT-aSat-NONSAT-aSat-NONSAT
HG03874_h2_chr14,HG03874,2,chr14,censat,6.092184,35,1,0.06097,rDNA-NONSAT-bSat-HSat3-NONSAT-HSat1B-HSat3-NONSAT-HSat3-aSat-NONSAT-UNK-NONSAT-HSat3-aSat-NONSAT-aSat-HSat3-NONSAT-HSat3-aSat-HSat3-aSat-NONSAT-aSat-NONSAT
HG03874_h2_chr21,HG03874,2,chr21,censat,5.654022,33,1,0.054011,rDNA-NONSAT-HSat3-bSat-HSat3-NONSAT-HSat3-NONSAT-HSat3-aSat-NONSAT-aSat-HSat3-NONSAT-UNK-NONSAT-aSat-HSat3-aSat-HSat3-NONSAT
NA18505_h1_chr15,NA18505,1,chr15,censat,11.290518,43,3,0.431135,UNK-NONSAT-bSat-HSat3-HSat1A-HSat3-NONSAT-UNK-NONSAT-rDNA-NONSAT-bSat-HSat3-NONSAT-HSat1B-HSat3-aSat-HSat3-aSat-NONSAT-aSat-HSat3-aSat-HSat3-aSat-NONSAT-aSat-NONSAT-aSat-HSat3-aSat-NONSAT
NA18505_h1_chr21,NA18505,1,chr21,censat,5.81949,32,1,0.089307,rDNA-NONSAT-bSat-HSat3-NONSAT-HSat1B-HSat3-NONSAT-HSat3-NONSAT-HSat3-aSat-NONSAT-aSat-HSat3-NONSAT-UNK-NONSAT-aSat-HSat3-aSat-HSat3-NONSAT-HSat1A
NA18505_h1_chr14,NA18505,1,chr14,censat,6.003478,29,0,0.0,rDNA-NONSAT-bSat-NONSAT-HSat3-bSat-NONSAT-HSat3-bSat-HSat3-NONSAT-HSat3-aSat-HSat3-aSat-NONSAT-aSat-NONSAT
NA18505_h1_chr13,NA18505,1,chr13,censat,6.544428,29,1,0.088697,NONSAT-HSat3-bSat-HSat3-HSat1B-NONSAT-HSat3-aSat-NONSAT-aSat-HSat3-NONSAT-UNK-NONSAT-aSat-HSat3-aSat-HSat3-NONSAT-HSat1A
NA18505_h1_chr22,NA18505,1,chr22,censat,6.283008,37,1,0.201847,rDNA-NONSAT-bSat-HSat3-NONSAT-HSat1B-HSat3-UNK-NONSAT-HSat3-bSat-HSat3-NONSAT-bSat-NONSAT-aSat-HSat3-NONSAT-HSat3-NONSAT-HSat3-aSat-HSat3-aSat-NONSAT-aSat-NONSAT
NA18505_h2_chr14,NA18505,2,chr14,censat,8.374676,44,1,0.121804,rDNA-NONSAT-bSat-HSat3-NONSAT-HSat3-bSat-NONSAT-HSat3-bSat-HSat3-NONSAT-HSat3-aSat-HSat3-aSat-NONSAT-UNK-NONSAT-HSat3-aSat-NONSAT-aSat-HSat3-NONSAT-HSat3-aSat-HSat3-aSat-NONSAT-aSat-NONSAT
NA18505_h2_chr13,NA18505,2,chr13,censat,7.49101,34,0,0.0,rDNA-NONSAT-HSat3-bSat-HSat3-HSat1B-NONSAT-HSat3-NONSAT-HSat3-aSat-NONSAT-aSat-HSat3-NONSAT-aSat-HSat3-aSat-HSat3-NONSAT-HSat1A
NA18505_h2_chr21,NA18505,2,chr21,censat,4.914092,31,1,0.083655,rDNA-NONSAT-bSat-HSat3-NONSAT-HSat1B-HSat3-NONSAT-HSat3-NONSAT-HSat3-aSat-NONSAT-aSat-HSat3-NONSAT-UNK-NONSAT-aSat-HSat3-aSat-HSat3-NONSAT
NA18508_h1_chr13,NA18508,1,chr13,censat,8.767169,44,3,0.270213,NONSAT-UNK-NONSAT-bSat-HSat3-HSat1A-HSat3-NONSAT-UNK-NONSAT-rDNA-NONSAT-bSat-HSat3-NONSAT-HSat3-NONSAT-HSat3-NONSAT-HSat3-aSat-NONSAT-aSat-HSat3-NONSAT-aSat-HSat3-aSat-HSat3-NONSAT-HSat1A
NA18508_h1_chr14,NA18508,1,chr14,censat,5.753875,27,0,0.0,rDNA-NONSAT-bSat-HSat3-NONSAT-HSat3-bSat-NONSAT-HSat3-bSat-HSat3-NONSAT-HSat3-NONSAT-HSat3-aSat-HSat3-aSat-NONSAT-aSat-NONSAT
NA18508_h1_chr21,NA18508,1,chr21,censat,4.840542,30,0,0.0,rDNA-NONSAT-bSat-HSat3-NONSAT-HSat1B-HSat3-NONSAT-HSat3-NONSAT-HSat3-aSat-NONSAT-aSat-HSat3-NONSAT-aSat-HSat3-aSat-HSat3-NONSAT-HSat1A
NA18508_h2_chr13,NA18508,2,chr13,censat,6.262829,27,0,0.0,NONSAT-bSat-HSat3-NONSAT-HSat3-NONSAT-HSat3-aSat-NONSAT-aSat-HSat3-NONSAT-aSat-HSat3-aSat-HSat3-NONSAT-HSat1A
NA18508_h2_chr14,NA18508,2,chr14,censat,7.241355,41,2,0.120582,NONSAT-bSat-HSat3-NONSAT-HSat1B-HSat3-UNK-HSat3-NONSAT-HSat3-NONSAT-HSat3-aSat-HSat3-aSat-NONSAT-UNK-NONSAT-HSat3-aSat-NONSAT-aSat-HSat3-NONSAT-HSat3-aSat-HSat3-aSat-NONSAT-aSat-NONSAT
NA18522_h1_chr13,NA18522,1,chr13,censat,6.634701,29,1,0.052483,rDNA-NONSAT-HSat3-bSat-HSat3-NONSAT-HSat3-aSat-NONSAT-aSat-HSat3-NONSAT-UNK-NONSAT-aSat-HSat3-aSat-HSat3-NONSAT-HSat1A
NA18522_h1_chr15,NA18522,1,chr15,censat,12.158745,36,2,5.761792,rDNA-NONSAT-bSat-NONSAT-HSat1B-UNK-aSat-HSat3-aSat-NONSAT-aSat-HSat3-aSat-HSat3-aSat-NONSAT-aSat-NONSAT-aSat-HSat3-aSat-NONSAT
NA18522_h1_chr14,NA18522,1,chr14,censat,5.209427,28,0,0.0,rDNA-NONSAT-bSat-HSat3-NONSAT-HSat3-bSat-NONSAT-HSat3-bSat-HSat3-NONSAT-HSat3-NONSAT-HSat3-aSat-HSat3-aSat-NONSAT-aSat-NONSAT
NA18522_h1_chr22,NA18522,1,chr22,censat,8.463007,53,1,0.050348,rDNA-NONSAT-bSat-NONSAT-HSat1B-HSat3-UNK-NONSAT-HSat3-bSat-HSat3-NONSAT-bSat-NONSAT-aSat-HSat3-aSat-NONSAT-aSat-HSat3-aSat-HSat3-NONSAT-HSat3-NONSAT-HSat3-aSat-HSat3-bSat-HSat3-NONSAT-bSat-NONSAT-HSat3-NONSAT-aSat-NONSAT
NA18522_h2_chr13,NA18522,2,chr13,censat,13.907667,46,5,0.616293,UNK-NONSAT-bSat-HSat3-HSat1A-HSat3-NONSAT-UNK-NONSAT-UNK-NONSAT-UNK-NONSAT-rDNA-NONSAT-HSat3-bSat-HSat3-HSat1B-NONSAT-HSat3-aSat-NONSAT-aSat-HSat3-NONSAT-UNK-NONSAT-aSat-HSat3-aSat-HSat3-NONSAT-HSat1A
NA18522_h2_chr21,NA18522,2,chr21,censat,5.146387,32,1,0.08506,rDNA-NONSAT-bSat-HSat3-NONSAT-HSat1B-HSat3-NONSAT-HSat3-NONSAT-HSat3-aSat-NONSAT-aSat-HSat3-NONSAT-UNK-NONSAT-aSat-HSat3-aSat-HSat3-NONSAT-HSat1A
NA18522_h2_chr15,NA18522,2,chr15,censat,12.973915,22,0,0.0,NONSAT-bSat-HSat3-NONSAT-HSat1B-HSat3-aSat-HSat3-aSat-NONSAT-aSat-NONSAT-aSat-HSat3-aSat-NONSAT
NA18565_h1_chr22,NA18565,1,chr22,censat,10.556551,53,2,0.203051,NONSAT-UNK-NONSAT-bSat-HSat3-HSat1A-HSat3-NONSAT-bSat-NONSAT-HSat1B-HSat3-UNK-NONSAT-HSat3-bSat-HSat3-NONSAT-bSat-NONSAT-aSat-HSat3-NONSAT-HSat3-NONSAT-HSat3-aSat-HSat3-aSat-NONSAT-aSat-NONSAT-aSat-NONSAT
NA18565_h1_chr13,NA18565,1,chr13,censat,6.481794,34,3,0.391796,UNK-NONSAT-rDNA-NONSAT-HSat3-bSat-HSat3-HSat1B-NONSAT-HSat3-aSat-NONSAT-aSat-HSat3-NONSAT-UNK-NONSAT-aSat-HSat3-aSat-HSat3-NONSAT-HSat1A
NA18565_h1_chr21,NA18565,1,chr21,censat,4.684532,30,1,0.092046,NONSAT-bSat-HSat3-NONSAT-HSat3-NONSAT-HSat3-NONSAT-HSat3-aSat-NONSAT-aSat-HSat3-NONSAT-UNK-NONSAT-aSat-HSat3-aSat-HSat3-NONSAT-HSat1A
NA18565_h1_chr15,NA18565,1,chr15,censat,8.728572,26,0,0.0,rDNA-NONSAT-bSat-NONSAT-HSat1B-HSat3-aSat-HSat3-aSat-NONSAT-aSat-NONSAT-aSat-HSat3-aSat-NONSAT
NA18565_h1_chr14,NA18565,1,chr14,censat,7.699986,48,1,0.077912,rDNA-NONSAT-bSat-NONSAT-HSat1B-HSat3-bSat-NONSAT-HSat3-bSat-HSat3-NONSAT-HSat3-aSat-HSat3-aSat-NONSAT-UNK-NONSAT-HSat3-aSat-NONSAT-aSat-HSat3-NONSAT-HSat3-aSat-HSat3-aSat-NONSAT-aSat-NONSAT
NA18565_h2_chr15,NA18565,2,chr15,censat,8.153806,26,0,0.0,rDNA-NONSAT-bSat-NONSAT-HSat1B-HSat3-aSat-HSat3-aSat-NONSAT-aSat-NONSAT-aSat-HSat3-aSat-NONSAT
NA18565_h2_chr13,NA18565,2,chr13,censat,6.396659,30,1,0.09067,rDNA-NONSAT-HSat3-bSat-HSat3-NONSAT-HSat3-aSat-NONSAT-aSat-HSat3-NONSAT-UNK-NONSAT-aSat-HSat3-aSat-HSat3-NONSAT-HSat1A
NA18565_h2_chr21,NA18565,2,chr21,censat,4.688195,32,1,0.055431,rDNA-NONSAT-bSat-HSat3-NONSAT-HSat1B-HSat3-NONSAT-HSat3-NONSAT-HSat3-aSat-NONSAT-aSat-HSat3-NONSAT-UNK-NONSAT-aSat-HSat3-aSat-HSat3-NONSAT-HSat1A
NA18565_h2_chr22,NA18565,2,chr22,censat,6.014009,38,1,0.069272,rDNA-NONSAT-bSat-HSat3-NONSAT-HSat1B-HSat3-UNK-NONSAT-HSat3-bSat-HSat3-NONSAT-bSat-NONSAT-aSat-HSat3-NONSAT-HSat3-NONSAT-HSat3-aSat-HSat3-aSat-NONSAT-aSat-NONSAT-aSat-NONSAT
NA18570_h1_chr13,NA18570,1,chr13,censat,8.220123,41,3,0.438241,UNK-NONSAT-bSat-HSat3-HSat1A-HSat3-NONSAT-UNK-NONSAT-rDNA-NONSAT-HSat3-bSat-HSat3-HSat1B-NONSAT-HSat3-aSat-NONSAT-aSat-HSat3-NONSAT-UNK-NONSAT-aSat-HSat3-aSat-HSat3-NONSAT-HSat1A
NA18570_h1_chr15,NA18570,1,chr15,censat,9.879099,41,3,0.480715,UNK-NONSAT-bSat-HSat3-HSat1A-HSat3-NONSAT-UNK-NONSAT-rDNA-NONSAT-HSat3-bSat-NONSAT-HSat1B-HSat3-aSat-HSat3-aSat-NONSAT-aSat-NONSAT-aSat-HSat3-aSat-HSat3-aSat-NONSAT
NA18570_h1_chr22,NA18570,1,chr22,censat,9.043145,49,1,0.11626,UNK-NONSAT-bSat-HSat3-HSat1A-HSat3-NONSAT-rDNA-NONSAT-bSat-HSat3-NONSAT-HSat1B-HSat3-NONSAT-HSat3-bSat-HSat3-aSat-HSat3-NONSAT-bSat-NONSAT-aSat-HSat3-NONSAT-HSat3-NONSAT-HSat3-aSat-HSat3-aSat-NONSAT-aSat-NONSAT-aSat-NONSAT
NA18570_h1_chr14,NA18570,1,chr14,censat,6.175982,37,1,0.056749,rDNA-HSat3-HSat1B-NONSAT-HSat3-NONSAT-HSat3-aSat-HSat3-aSat-NONSAT-UNK-NONSAT-HSat3-aSat-NONSAT-aSat-HSat3-NONSAT-HSat3-aSat-HSat3-aSat-NONSAT-aSat-NONSAT
NA18570_h1_chr21,NA18570,1,chr21,censat,4.903745,32,1,0.062484,rDNA-NONSAT-bSat-HSat3-NONSAT-HSat1B-HSat3-NONSAT-HSat3-NONSAT-HSat3-aSat-NONSAT-aSat-HSat3-NONSAT-UNK-NONSAT-aSat-HSat3-aSat-HSat3-NONSAT-HSat1A
NA18570_h2_chr14,NA18570,2,chr14,censat,9.500141,49,2,0.350549,UNK-NONSAT-bSat-HSat3-HSat1A-HSat3-NONSAT-UNK-NONSAT-rDNA-NONSAT-HSat3-bSat-NONSAT-HSat1B-HSat3-NONSAT-HSat3-aSat-NONSAT-HSat3-aSat-NONSAT-aSat-HSat3-NONSAT-HSat3-aSat-HSat3-aSat-NONSAT-aSat-NONSAT
NA18570_h2_chr15,NA18570,2,chr15,censat,11.418605,50,4,0.529434,UNK-NONSAT-bSat-HSat3-HSat1A-HSat3-NONSAT-UNK-NONSAT-UNK-NONSAT-UNK-NONSAT-rDNA-NONSAT-bSat-NONSAT-HSat1B-HSat3-aSat-HSat3-aSat-NONSAT-aSat-HSat3-aSat-HSat3-aSat-NONSAT-aSat-NONSAT-aSat-HSat3-aSat-NONSAT
NA18570_h2_chr22,NA18570,2,chr22,censat,9.72364,48,1,0.119782,NONSAT-bSat-HSat3-HSat1A-HSat3-NONSAT-rDNA-NONSAT-bSat-HSat3-NONSAT-HSat1B-HSat3-UNK-NONSAT-HSat3-bSat-HSat3-NONSAT-bSat-NONSAT-aSat-HSat3-NONSAT-HSat3-NONSAT-HSat3-aSat-HSat3-aSat-NONSAT-aSat-NONSAT-aSat-NONSAT
NA18570_h2_chr13,NA18570,2,chr13,censat,6.403453,32,0,0.0,rDNA-NONSAT-HSat3-bSat-HSat3-NONSAT-HSat3-HSat1B-NONSAT-HSat3-aSat-NONSAT-aSat-HSat3-NONSAT-aSat-HSat3-aSat-HSat3-NONSAT-HSat1A
NA18608_h1_chr13,NA18608,1,chr13,censat,6.174838,31,1,0.10054,rDNA-NONSAT-HSat3-bSat-HSat3-HSat1B-NONSAT-HSat3-aSat-NONSAT-aSat-HSat3-NONSAT-UNK-NONSAT-aSat-HSat3-aSat-HSat3-NONSAT-HSat1A
NA18608_h1_chr14,NA18608,1,chr14,censat,10.348613,57,1,0.072279,bSat-HSat3-HSat1A-HSat3-NONSAT-rDNA-NONSAT-bSat-NONSAT-HSat1B-HSat3-bSat-NONSAT-HSat3-bSat-HSat3-NONSAT-HSat3-aSat-HSat3-aSat-NONSAT-UNK-NONSAT-HSat3-aSat-NONSAT-aSat-HSat3-NONSAT-HSat3-aSat-HSat3-aSat-NONSAT-aSat-NONSAT
NA18608_h1_chr21,NA18608,1,chr21,censat,5.313818,32,0,0.0,rDNA-NONSAT-bSat-NONSAT-HSat1B-HSat3-NONSAT-HSat3-aSat-NONSAT-aSat-HSat3-NONSAT-aSat-HSat3-aSat-HSat3-NONSAT
NA18608_h1_chr22,NA18608,1,chr22,censat,6.396776,36,1,0.0693,rDNA-NONSAT-bSat-HSat3-NONSAT-HSat1B-HSat3-UNK-NONSAT-HSat3-bSat-HSat3-NONSAT-bSat-NONSAT-aSat-HSat3-NONSAT-HSat3-NONSAT-HSat3-aSat-HSat3-aSat-NONSAT
NA18608_h1_chr15,NA18608,1,chr15,censat,7.734449,34,0,0.0,NONSAT-bSat-NONSAT-HSat1B-HSat3-aSat-HSat3-aSat-NONSAT-aSat-HSat3-aSat-HSat3-aSat-NONSAT-aSat-NONSAT-aSat-HSat3-aSat-NONSAT
NA18608_h2_chr14,NA18608,2,chr14,censat,9.757433,50,4,0.284397,bSat-HSat3-HSat1A-HSat3-NONSAT-UNK-NONSAT-UNK-NONSAT-UNK-NONSAT-rDNA-NONSAT-bSat-NONSAT-HSat1B-HSat3-NONSAT-HSat3-aSat-NONSAT-UNK-NONSAT-HSat3-aSat-NONSAT-aSat-HSat3-NONSAT-HSat3-aSat-HSat3-aSat-NONSAT-aSat-NONSAT
NA18608_h2_chr21,NA18608,2,chr21,censat,5.065889,32,1,0.058224,rDNA-NONSAT-bSat-HSat3-NONSAT-HSat1B-HSat3-NONSAT-HSat3-NONSAT-HSat3-aSat-NONSAT-aSat-HSat3-NONSAT-UNK-NONSAT-aSat-HSat3-aSat-HSat3-NONSAT-HSat1A
NA18608_h2_chr13,NA18608,2,chr13,censat,5.845765,30,1,0.065297,rDNA-NONSAT-bSat-HSat3-NONSAT-HSat1B-HSat3-NONSAT-HSat3-aSat-NONSAT-aSat-HSat3-NONSAT-UNK-NONSAT-aSat-HSat3-aSat-HSat3-NONSAT-HSat1A
NA18608_h2_chr15,NA18608,2,chr15,censat,11.335462,29,0,0.0,rDNA-NONSAT-HSat3-bSat-NONSAT-HSat1B-HSat3-HSat1B-HSat3-aSat-HSat3-aSat-NONSAT-aSat-NONSAT-aSat-HSat3-aSat-NONSAT
NA18608_h2_chr22,NA18608,2,chr22,censat,6.841264,37,1,0.227087,rDNA-NONSAT-bSat-HSat3-NONSAT-HSat1B-HSat3-UNK-NONSAT-HSat3-bSat-HSat3-NONSAT-bSat-NONSAT-aSat-HSat3-NONSAT-HSat3-NONSAT-HSat3-aSat-HSat3-aSat-NONSAT-aSat-NONSAT
NA18620_h1_chr22,NA18620,1,chr22,censat,7.291861,39,1,0.201828,rDNA-NONSAT-bSat-HSat3-NONSAT-HSat1B-HSat3-UNK-NONSAT-HSat3-bSat-HSat3-NONSAT-bSat-NONSAT-aSat-HSat3-NONSAT-HSat3-NONSAT-HSat3-aSat-HSat3-aSat-NONSAT-aSat-NONSAT-aSat-NONSAT
NA18620_h1_chr14,NA18620,1,chr14,censat,8.45813,35,0,0.0,rDNA-NONSAT-bSat-HSat3-NONSAT-HSat1B-HSat3-NONSAT-HSat3-aSat-NONSAT-HSat3-aSat-NONSAT-aSat-HSat3-NONSAT-HSat3-aSat-HSat3-aSat-NONSAT-aSat-NONSAT
NA18620_h2_chr14,NA18620,2,chr14,censat,8.495658,48,1,0.058212,rDNA-NONSAT-bSat-NONSAT-HSat1B-HSat3-bSat-NONSAT-HSat3-bSat-HSat3-NONSAT-HSat3-aSat-HSat3-aSat-NONSAT-UNK-NONSAT-HSat3-aSat-NONSAT-aSat-HSat3-NONSAT-HSat3-aSat-HSat3-aSat-NONSAT-aSat-NONSAT
NA18620_h2_chr22,NA18620,2,chr22,censat,7.219286,39,0,0.0,rDNA-NONSAT-bSat-HSat3-NONSAT-HSat1B-HSat3-NONSAT-HSat3-bSat-HSat3-aSat-HSat3-NONSAT-bSat-NONSAT-aSat-HSat3-NONSAT-HSat3-NONSAT-HSat3-aSat-HSat3-aSat-NONSAT-aSat-NONSAT-aSat-NONSAT
NA18620_h2_chr15,NA18620,2,chr15,censat,2.658973,16,0,0.0,aSat-HSat3-aSat-NONSAT-aSat-NONSAT-aSat-HSat3-aSat-NONSAT
NA18747_h1_chr15,NA18747,1,chr15,censat,11.287767,32,0,0.0,rDNA-NONSAT-bSat-HSat3-NONSAT-HSat1B-HSat3-aSat-HSat3-aSat-NONSAT-aSat-HSat3-aSat-HSat3-aSat-NONSAT-aSat-NONSAT-aSat-HSat3-aSat-NONSAT
NA18747_h1_chr13,NA18747,1,chr13,censat,6.586614,29,0,0.0,rDNA-NONSAT-HSat3-bSat-HSat3-HSat1B-NONSAT-HSat3-aSat-NONSAT-aSat-HSat3-NONSAT-aSat-HSat3-aSat-HSat3-NONSAT-HSat1A
NA18747_h1_chr14,NA18747,1,chr14,censat,5.683117,27,0,0.0,rDNA-NONSAT-bSat-HSat3-NONSAT-HSat3-bSat-NONSAT-HSat3-bSat-HSat3-NONSAT-HSat3-NONSAT-HSat3-aSat-HSat3-aSat-NONSAT-aSat-NONSAT
NA18747_h1_chr21,NA18747,1,chr21,censat,4.555598,30,1,0.104716,rDNA-NONSAT-bSat-HSat3-NONSAT-HSat3-NONSAT-HSat3-NONSAT-HSat3-aSat-NONSAT-aSat-HSat3-NONSAT-UNK-NONSAT-aSat-HSat3-aSat-HSat3-NONSAT
NA18747_h2_chr14,NA18747,2,chr14,censat,8.003723,47,0,0.0,rDNA-NONSAT-bSat-NONSAT-HSat1B-HSat3-bSat-NONSAT-HSat3-bSat-HSat3-NONSAT-HSat3-aSat-HSat3-aSat-NONSAT-HSat3-aSat-NONSAT-aSat-HSat3-NONSAT-HSat3-aSat-HSat3-aSat-NONSAT-aSat-NONSAT
NA18747_h2_chr13,NA18747,2,chr13,censat,6.484876,34,1,0.110469,rDNA-NONSAT-bSat-HSat3-NONSAT-HSat1B-HSat3-NONSAT-HSat3-NONSAT-HSat3-aSat-NONSAT-aSat-HSat3-NONSAT-UNK-NONSAT-aSat-HSat3-aSat-HSat3-NONSAT-HSat1A
NA18747_h2_chr21,NA18747,2,chr21,censat,4.887037,34,1,0.063886,rDNA-NONSAT-bSat-NONSAT-HSat1B-HSat3-NONSAT-HSat3-NONSAT-HSat3-aSat-NONSAT-aSat-HSat3-NONSAT-UNK-NONSAT-aSat-HSat3-aSat-HSat3-NONSAT-HSat1A
NA18747_h2_chr15,NA18747,2,chr15,censat,4.844011,16,0,0.0,aSat-HSat3-aSat-NONSAT-aSat-NONSAT-aSat-HSat3-aSat-NONSAT
NA18747_h2_chr22,NA18747,2,chr22,censat,7.501307,40,0,0.0,rDNA-NONSAT-bSat-HSat3-NONSAT-HSat1B-HSat3-NONSAT-HSat3-bSat-HSat3-aSat-HSat3-NONSAT-bSat-NONSAT-aSat-HSat3-NONSAT-HSat3-NONSAT-HSat3-aSat-HSat3-aSat-NONSAT-aSat-NONSAT-aSat-NONSAT
NA18879_h1_chr14,NA18879,1,chr14,censat,11.054038,57,4,0.430476,UNK-NONSAT-bSat-HSat3-HSat1A-HSat3-NONSAT-UNK-NONSAT-rDNA-NONSAT-bSat-HSat3-NONSAT-HSat3-bSat-NONSAT-HSat3-bSat-HSat3-NONSAT-HSat3-NONSAT-HSat3-aSat-HSat3-aSat-NONSAT-UNK-NONSAT-HSat3-aSat-NONSAT-aSat-HSat3-NONSAT-HSat3-aSat-HSat3-aSat-NONSAT-aSat-NONSAT
NA18879_h1_chr15,NA18879,1,chr15,censat,16.187181,39,3,0.339443,UNK-NONSAT-bSat-HSat3-HSat1A-HSat3-NONSAT-UNK-NONSAT-rDNA-NONSAT-HSat3-bSat-NONSAT-HSat1B-HSat3-aSat-HSat3-aSat-NONSAT-aSat-NONSAT-aSat-HSat3-aSat-NONSAT
NA18879_h1_chr22,NA18879,1,chr22,censat,6.163124,39,0,0.0,HSat3-NONSAT-bSat-NONSAT-aSat-HSat3-aSat-NONSAT-aSat-HSat3-aSat-HSat3-NONSAT-HSat3-NONSAT-HSat3-aSat-HSat3-bSat-HSat3-NONSAT-bSat-NONSAT-HSat3-NONSAT-aSat-NONSAT
NA18879_h1_chr13,NA18879,1,chr13,censat,7.079522,32,0,0.0,rDNA-NONSAT-bSat-HSat3-NONSAT-HSat1B-HSat3-NONSAT-HSat3-NONSAT-HSat3-aSat-NONSAT-aSat-HSat3-NONSAT-aSat-HSat3-aSat-HSat3-NONSAT-HSat1A
NA18879_h1_chr21,NA18879,1,chr21,censat,7.355192,39,1,0.076594,rDNA-NONSAT-bSat-HSat3-NONSAT-HSat1B-HSat3-bSat-NONSAT-HSat3-bSat-HSat3-NONSAT-HSat3-NONSAT-HSat3-aSat-NONSAT-aSat-HSat3-NONSAT-UNK-NONSAT-aSat-HSat3-aSat-HSat3-NONSAT
NA18879_h2_chr22,NA18879,2,chr22,censat,9.450128,50,3,0.250976,NONSAT-UNK-NONSAT-bSat-HSat3-HSat1A-HSat3-NONSAT-UNK-NONSAT-rDNA-NONSAT-bSat-HSat3-NONSAT-HSat1B-HSat3-NONSAT-HSat3-bSat-HSat3-NONSAT-bSat-NONSAT-aSat-HSat3-NONSAT-HSat3-NONSAT-HSat3-aSat-HSat3-aSat-NONSAT-aSat-NONSAT-aSat-NONSAT
NA18879_h2_chr13,NA18879,2,chr13,censat,6.184837,29,1,0.127365,rDNA-NONSAT-HSat3-bSat-HSat3-HSat1B-NONSAT-HSat3-aSat-NONSAT-aSat-NONSAT-UNK-NONSAT-aSat-HSat3-aSat-HSat3-NONSAT-HSat1A
NA18879_h2_chr21,NA18879,2,chr21,censat,4.332683,28,0,0.0,HSat3-NONSAT-HSat1B-HSat3-NONSAT-HSat3-NONSAT-HSat3-aSat-NONSAT-aSat-HSat3-NONSAT-aSat-HSat3-aSat-HSat3-NONSAT-HSat1A
NA18879_h2_chr15,NA18879,2,chr15,censat,18.154447,36,1,3.114089,NONSAT-bSat-NONSAT-HSat1B-UNK-rDNA-NONSAT-HSat3-bSat-NONSAT-HSat1B-HSat3-aSat-HSat3-aSat-NONSAT-aSat-NONSAT-aSat-HSat3-aSat-NONSAT
NA18879_h2_chr14,NA18879,2,chr14,censat,4.658463,27,1,0.06382,NONSAT-HSat3-aSat-NONSAT-UNK-NONSAT-HSat3-aSat-NONSAT-aSat-HSat3-NONSAT-HSat3-aSat-HSat3-aSat-NONSAT-aSat-NONSAT
NA18952_h1_chr15,NA18952,1,chr15,censat,8.515507,26,0,0.0,rDNA-NONSAT-bSat-NONSAT-HSat1B-HSat3-aSat-HSat3-aSat-NONSAT-aSat-NONSAT-aSat-HSat3-aSat-NONSAT
NA18952_h1_chr14,NA18952,1,chr14,censat,6.649714,37,1,0.07792,rDNA-NONSAT-HSat3-bSat-HSat3-NONSAT-HSat3-HSat1B-NONSAT-HSat3-aSat-NONSAT-UNK-NONSAT-HSat3-aSat-NONSAT-aSat-HSat3-NONSAT-HSat3-aSat-HSat3-aSat-NONSAT-aSat-NONSAT
NA18952_h1_chr13,NA18952,1,chr13,censat,6.351906,28,0,0.0,rDNA-NONSAT-HSat3-bSat-HSat3-HSat1B-NONSAT-HSat3-aSat-NONSAT-aSat-HSat3-NONSAT-aSat-HSat3-aSat-HSat3-NONSAT-HSat1A
NA18952_h1_chr22,NA18952,1,chr22,censat,6.417434,38,1,0.145046,rDNA-NONSAT-bSat-HSat3-NONSAT-HSat1B-HSat3-UNK-NONSAT-HSat3-bSat-HSat3-NONSAT-bSat-NONSAT-aSat-HSat3-NONSAT-HSat3-NONSAT-HSat3-aSat-HSat3-aSat-NONSAT-aSat-NONSAT-aSat-NONSAT
NA18952_h2_chr14,NA18952,2,chr14,censat,5.861611,37,1,0.080668,rDNA-HSat3-HSat1B-NONSAT-HSat3-NONSAT-HSat3-NONSAT-HSat3-aSat-HSat3-aSat-NONSAT-UNK-NONSAT-HSat3-aSat-NONSAT-aSat-HSat3-NONSAT-HSat3-aSat-HSat3-aSat-NONSAT-aSat-NONSAT
NA18952_h2_chr22,NA18952,2,chr22,censat,6.746066,44,0,0.0,rDNA-NONSAT-bSat-NONSAT-HSat1B-HSat3-NONSAT-HSat3-bSat-HSat3-aSat-HSat3-NONSAT-bSat-NONSAT-aSat-HSat3-NONSAT-HSat3-NONSAT-HSat3-aSat-HSat3-aSat-NONSAT-aSat-NONSAT-aSat-NONSAT
NA18952_h2_chr21,NA18952,2,chr21,censat,4.846285,32,1,0.054023,rDNA-NONSAT-bSat-HSat3-NONSAT-HSat1B-HSat3-NONSAT-HSat3-NONSAT-HSat3-aSat-NONSAT-aSat-HSat3-NONSAT-UNK-NONSAT-aSat-HSat3-aSat-HSat3-NONSAT-HSat1A
NA18952_h2_chr15,NA18952,2,chr15,censat,7.540636,26,0,0.0,NONSAT-HSat3-bSat-NONSAT-HSat1B-HSat3-aSat-HSat3-aSat-NONSAT-aSat-NONSAT-aSat-HSat3-aSat-NONSAT
NA18971_h1_chr22,NA18971,1,chr22,censat,9.564913,49,3,0.570231,UNK-NONSAT-bSat-HSat3-HSat1A-HSat3-NONSAT-UNK-NONSAT-rDNA-NONSAT-bSat-HSat3-NONSAT-HSat1B-HSat3-UNK-NONSAT-HSat3-bSat-HSat3-NONSAT-bSat-NONSAT-aSat-HSat3-NONSAT-HSat3-NONSAT-HSat3-aSat-HSat3-aSat-NONSAT-aSat-NONSAT-aSat-NONSAT
NA18971_h1_chr13,NA18971,1,chr13,censat,5.757631,32,1,0.06389,rDNA-NONSAT-bSat-HSat3-NONSAT-HSat3-NONSAT-HSat3-NONSAT-HSat3-aSat-NONSAT-aSat-HSat3-NONSAT-UNK-NONSAT-aSat-HSat3-aSat-HSat3-NONSAT-HSat1A
NA18971_h1_chr15,NA18971,1,chr15,censat,5.278017,26,0,0.0,rDNA-NONSAT-bSat-NONSAT-HSat1B-HSat3-aSat-HSat3-aSat-NONSAT-aSat-NONSAT-aSat-HSat3-aSat-NONSAT
NA18971_h1_chr21,NA18971,1,chr21,censat,4.894898,32,1,0.075157,rDNA-NONSAT-bSat-HSat3-NONSAT-HSat1B-HSat3-NONSAT-HSat3-NONSAT-HSat3-aSat-NONSAT-aSat-HSat3-NONSAT-UNK-NONSAT-aSat-HSat3-aSat-HSat3-NONSAT-HSat1A
NA18971_h2_chr21,NA18971,2,chr21,censat,10.969012,44,2,0.363476,NONSAT-bSat-HSat3-HSat1A-HSat3-NONSAT-UNK-NONSAT-rDNA-NONSAT-bSat-HSat3-NONSAT-HSat3-NONSAT-HSat3-NONSAT-HSat3-aSat-NONSAT-aSat-HSat3-NONSAT-UNK-NONSAT-aSat-HSat3-aSat-HSat3-NONSAT-HSat1A
NA18971_h2_chr22,NA18971,2,chr22,censat,9.087934,38,2,0.238583,UNK-NONSAT-rDNA-NONSAT-bSat-HSat3-NONSAT-HSat1B-HSat3-UNK-NONSAT-HSat3-bSat-HSat3-NONSAT-bSat-NONSAT-aSat-HSat3-NONSAT-HSat3-NONSAT-HSat3-aSat-HSat3-aSat-NONSAT
NA18971_h2_chr13,NA18971,2,chr13,censat,5.649718,23,2,0.169825,rDNA-UNK-aSat-NONSAT-aSat-HSat3-NONSAT-UNK-NONSAT-aSat-HSat3-aSat-HSat3-NONSAT-HSat1A
NA18971_h2_chr15,NA18971,2,chr15,censat,2.77618,16,0,0.0,aSat-HSat3-aSat-NONSAT-aSat-NONSAT-aSat-HSat3-aSat-NONSAT
NA18974_h1_chr22,NA18974,1,chr22,censat,11.067421,50,3,0.323151,UNK-NONSAT-bSat-HSat3-HSat1A-HSat3-NONSAT-UNK-NONSAT-rDNA-NONSAT-bSat-HSat3-NONSAT-HSat1B-HSat3-UNK-NONSAT-HSat3-bSat-HSat3-NONSAT-bSat-NONSAT-aSat-HSat3-NONSAT-HSat3-NONSAT-HSat3-aSat-HSat3-aSat-NONSAT-aSat-NONSAT
NA18974_h1_chr13,NA18974,1,chr13,censat,5.909053,32,1,0.113279,NONSAT-HSat3-bSat-NONSAT-HSat1B-HSat3-NONSAT-HSat3-aSat-NONSAT-aSat-HSat3-NONSAT-UNK-NONSAT-aSat-HSat3-aSat-HSat3-NONSAT-HSat1A
NA18974_h1_chr14,NA18974,1,chr14,censat,6.553929,37,1,0.072211,rDNA-HSat3-HSat1B-NONSAT-HSat3-NONSAT-HSat3-NONSAT-HSat3-aSat-HSat3-aSat-NONSAT-UNK-NONSAT-HSat3-aSat-NONSAT-aSat-HSat3-NONSAT-HSat3-aSat-HSat3-aSat-NONSAT-aSat-NONSAT
NA18974_h1_chr15,NA18974,1,chr15,censat,7.775207,26,0,0.0,NONSAT-bSat-NONSAT-HSat1B-HSat3-aSat-HSat3-aSat-NONSAT-aSat-NONSAT-aSat-HSat3-aSat-HSat3-aSat-NONSAT
NA18974_h1_chr21,NA18974,1,chr21,censat,4.898186,31,0,0.0,NONSAT-bSat-HSat3-NONSAT-HSat1B-HSat3-NONSAT-HSat3-NONSAT-HSat3-aSat-NONSAT-aSat-HSat3-NONSAT-aSat-HSat3-aSat-HSat3-NONSAT-HSat1A
NA18974_h2_chr13,NA18974,2,chr13,censat,8.889532,46,3,0.206788,UNK-NONSAT-bSat-HSat3-HSat1A-HSat3-NONSAT-UNK-NONSAT-UNK-NONSAT-rDNA-NONSAT-bSat-HSat3-NONSAT-HSat1B-HSat3-NONSAT-HSat3-NONSAT-HSat3-aSat-NONSAT-aSat-HSat3-NONSAT-aSat-HSat3-aSat-HSat3-NONSAT-HSat1A
NA18974_h2_chr14,NA18974,2,chr14,censat,5.97862,36,0,0.0,rDNA-HSat3-HSat1B-NONSAT-HSat3-NONSAT-HSat3-NONSAT-HSat3-aSat-HSat3-aSat-NONSAT-HSat3-aSat-NONSAT-aSat-HSat3-NONSAT-HSat3-aSat-HSat3-aSat-NONSAT-aSat-NONSAT
NA18976_h1_chr22,NA18976,1,chr22,censat,9.030126,50,3,0.70102,UNK-NONSAT-bSat-HSat3-HSat1A-HSat3-NONSAT-UNK-NONSAT-rDNA-NONSAT-bSat-HSat3-NONSAT-HSat1B-HSat3-UNK-NONSAT-HSat3-bSat-HSat3-NONSAT-bSat-NONSAT-aSat-HSat3-NONSAT-HSat3-NONSAT-HSat3-aSat-HSat3-aSat-NONSAT-aSat-NONSAT-aSat-NONSAT
NA18976_h1_chr15,NA18976,1,chr15,censat,7.980018,24,0,0.0,rDNA-NONSAT-bSat-HSat3-NONSAT-HSat1B-HSat3-aSat-HSat3-aSat-NONSAT-aSat-NONSAT-aSat-HSat3-aSat-HSat3-aSat-NONSAT
NA18976_h1_chr13,NA18976,1,chr13,censat,7.864263,34,1,0.062479,rDNA-NONSAT-bSat-HSat3-NONSAT-HSat3-NONSAT-HSat3-HSat1B-NONSAT-HSat3-aSat-NONSAT-aSat-HSat3-NONSAT-UNK-NONSAT-aSat-HSat3-aSat-HSat3-NONSAT-HSat1A
NA18976_h1_chr14,NA18976,1,chr14,censat,5.844702,34,0,0.0,rDNA-HSat3-NONSAT-HSat3-NONSAT-HSat3-aSat-HSat3-aSat-NONSAT-HSat3-aSat-NONSAT-aSat-HSat3-NONSAT-HSat3-aSat-HSat3-aSat-NONSAT-aSat-NONSAT
NA18976_h2_chr15,NA18976,2,chr15,censat,13.589496,40,2,0.34807,UNK-NONSAT-bSat-HSat3-HSat1A-HSat3-NONSAT-UNK-NONSAT-rDNA-NONSAT-HSat3-bSat-NONSAT-HSat1B-HSat3-aSat-HSat3-aSat-NONSAT-aSat-NONSAT-aSat-HSat3-aSat-NONSAT
NA18976_h2_chr22,NA18976,2,chr22,censat,9.162919,48,3,0.62018,UNK-NONSAT-bSat-HSat3-HSat1A-HSat3-NONSAT-UNK-NONSAT-rDNA-NONSAT-bSat-HSat3-NONSAT-HSat1B-HSat3-UNK-NONSAT-HSat3-bSat-HSat3-NONSAT-bSat-NONSAT-aSat-HSat3-NONSAT-HSat3-NONSAT-HSat3-aSat-HSat3-aSat-NONSAT-aSat-NONSAT-aSat-NONSAT
NA18976_h2_chr13,NA18976,2,chr13,censat,5.089643,28,0,0.0,NONSAT-HSat3-bSat-HSat3-HSat1B-NONSAT-HSat3-aSat-NONSAT-aSat-HSat3-NONSAT-aSat-HSat3-aSat-HSat3-NONSAT-HSat1A
NA18976_h2_chr14,NA18976,2,chr14,censat,6.167558,36,0,0.0,rDNA-NONSAT-bSat-NONSAT-HSat1B-HSat3-NONSAT-HSat3-aSat-NONSAT-HSat3-aSat-NONSAT-aSat-HSat3-NONSAT-HSat3-aSat-HSat3-aSat-NONSAT-aSat-NONSAT
NA18983_h1_chr14,NA18983,1,chr14,censat,7.190927,23,0,0.0,rDNA-NONSAT-HSat3-bSat-NONSAT-HSat1B-HSat3-aSat-HSat3-aSat-NONSAT-aSat-NONSAT-aSat-NONSAT
NA18983_h1_chr13,NA18983,1,chr13,censat,6.75106,33,1,0.05825,rDNA-NONSAT-bSat-NONSAT-HSat1B-HSat3-NONSAT-HSat3-aSat-NONSAT-aSat-HSat3-NONSAT-UNK-NONSAT-aSat-HSat3-aSat-HSat3-NONSAT-HSat1A
NA18983_h1_chr22,NA18983,1,chr22,censat,6.223923,39,1,0.056631,rDNA-NONSAT-bSat-HSat3-NONSAT-HSat1B-HSat3-UNK-NONSAT-HSat3-bSat-HSat3-NONSAT-bSat-NONSAT-aSat-HSat3-NONSAT-HSat3-NONSAT-HSat3-aSat-HSat3-aSat-NONSAT-aSat-NONSAT-aSat-NONSAT
NA18983_h1_chr15,NA18983,1,chr15,censat,8.564611,27,0,0.0,rDNA-NONSAT-HSat3-bSat-NONSAT-HSat1B-HSat3-aSat-HSat3-aSat-NONSAT-aSat-NONSAT-aSat-HSat3-aSat-NONSAT
NA18983_h2_chr22,NA18983,2,chr22,censat,6.299253,36,1,0.088213,rDNA-NONSAT-bSat-HSat3-NONSAT-HSat1B-HSat3-UNK-NONSAT-HSat3-bSat-HSat3-NONSAT-bSat-NONSAT-aSat-HSat3-NONSAT-HSat3-NONSAT-HSat3-aSat-HSat3-aSat-NONSAT
NA18983_h2_chr15,NA18983,2,chr15,censat,8.254013,29,0,0.0,rDNA-NONSAT-HSat3-bSat-NONSAT-HSat1B-HSat3-aSat-HSat3-aSat-NONSAT-aSat-NONSAT-aSat-NONSAT-aSat-HSat3-aSat-NONSAT
NA18983_h2_chr14,NA18983,2,chr14,censat,7.582723,48,1,0.091921,rDNA-NONSAT-bSat-NONSAT-HSat1B-HSat3-bSat-NONSAT-HSat3-bSat-HSat3-NONSAT-HSat3-aSat-HSat3-aSat-NONSAT-UNK-NONSAT-HSat3-aSat-NONSAT-aSat-HSat3-NONSAT-HSat3-aSat-HSat3-aSat-NONSAT-aSat-NONSAT
NA19036_h1_chr14,NA19036,1,chr14,censat,11.612956,57,4,0.781452,NONSAT-UNK-NONSAT-bSat-HSat3-HSat1A-HSat3-NONSAT-UNK-NONSAT-rDNA-NONSAT-bSat-HSat3-NONSAT-HSat3-bSat-NONSAT-HSat3-bSat-HSat3-NONSAT-HSat3-aSat-HSat3-aSat-NONSAT-UNK-NONSAT-HSat3-aSat-NONSAT-aSat-HSat3-NONSAT-HSat3-aSat-HSat3-aSat-NONSAT-aSat-NONSAT
NA19036_h1_chr22,NA19036,1,chr22,censat,9.847312,53,0,0.0,rDNA-NONSAT-HSat3-bSat-HSat3-NONSAT-bSat-NONSAT-aSat-HSat3-NONSAT-aSat-NONSAT-bSat-NONSAT-HSat1B-HSat3-NONSAT-HSat3-bSat-HSat3-aSat-HSat3-NONSAT-HSat3-NONSAT-HSat3-aSat-HSat3-aSat-NONSAT-aSat-NONSAT-aSat-NONSAT
NA19036_h1_chr21,NA19036,1,chr21,censat,6.176776,32,1,0.080655,NONSAT-HSat3-bSat-HSat3-HSat1B-NONSAT-HSat3-NONSAT-HSat3-aSat-NONSAT-aSat-NONSAT-UNK-NONSAT-aSat-HSat3-aSat-HSat3-NONSAT-HSat1A
NA19036_h2_chr14,NA19036,2,chr14,censat,8.139742,41,2,0.135591,rDNA-NONSAT-bSat-HSat3-NONSAT-HSat1B-HSat3-UNK-HSat3-NONSAT-HSat3-NONSAT-HSat3-aSat-NONSAT-UNK-NONSAT-HSat3-aSat-NONSAT-aSat-HSat3-NONSAT-HSat3-aSat-HSat3-aSat-NONSAT-aSat-NONSAT
NA19036_h2_chr21,NA19036,2,chr21,censat,5.316233,31,1,0.086476,rDNA-NONSAT-bSat-HSat3-NONSAT-HSat1B-HSat3-NONSAT-HSat3-NONSAT-HSat3-aSat-NONSAT-aSat-HSat3-NONSAT-UNK-NONSAT-aSat-HSat3-aSat-HSat3-NONSAT-HSat1A
NA19036_h2_chr22,NA19036,2,chr22,censat,8.933903,56,1,0.07098,rDNA-NONSAT-bSat-HSat3-NONSAT-HSat1B-HSat3-NONSAT-HSat3-bSat-HSat3-NONSAT-bSat-NONSAT-aSat-HSat3-NONSAT-aSat-NONSAT-bSat-NONSAT-HSat1B-HSat3-NONSAT-UNK-NONSAT-aSat-HSat3-NONSAT-HSat3-NONSAT-HSat3-aSat-HSat3-aSat-NONSAT-aSat-NONSAT-aSat-NONSAT
NA19043_h1_chr14,NA19043,1,chr14,censat,12.466589,56,3,0.333441,NONSAT-UNK-NONSAT-bSat-HSat3-HSat1A-HSat3-NONSAT-rDNA-NONSAT-bSat-NONSAT-HSat1B-HSat3-UNK-HSat3-NONSAT-HSat3-NONSAT-HSat3-aSat-HSat3-aSat-NONSAT-UNK-NONSAT-HSat3-aSat-NONSAT-aSat-HSat3-NONSAT-HSat3-aSat-HSat3-aSat-NONSAT-aSat-NONSAT
NA19043_h1_chr22,NA19043,1,chr22,censat,10.154338,53,2,0.274286,NONSAT-UNK-NONSAT-bSat-HSat3-HSat1A-HSat3-NONSAT-UNK-NONSAT-rDNA-NONSAT-bSat-HSat3-NONSAT-HSat1B-HSat3-NONSAT-HSat3-bSat-HSat3-aSat-HSat3-NONSAT-bSat-NONSAT-aSat-HSat3-NONSAT-HSat3-NONSAT-HSat3-aSat-HSat3-aSat-NONSAT-aSat-NONSAT
NA19043_h1_chr21,NA19043,1,chr21,censat,5.286544,30,0,0.0,rDNA-NONSAT-bSat-HSat3-NONSAT-HSat1B-HSat3-NONSAT-HSat3-NONSAT-HSat3-aSat-NONSAT-aSat-HSat3-NONSAT-aSat-HSat3-aSat-HSat3-NONSAT
NA19043_h1_chr13,NA19043,1,chr13,censat,5.715535,29,0,0.0,rDNA-NONSAT-HSat3-bSat-HSat3-HSat1B-NONSAT-HSat3-aSat-NONSAT-aSat-NONSAT-aSat-HSat3-aSat-HSat3-NONSAT-HSat1A
NA19043_h1_chr15,NA19043,1,chr15,censat,8.987221,32,0,0.0,rDNA-NONSAT-bSat-HSat3-NONSAT-HSat1B-HSat3-aSat-HSat3-aSat-NONSAT-aSat-HSat3-aSat-HSat3-aSat-NONSAT-aSat-NONSAT-aSat-HSat3-aSat-NONSAT
NA19043_h2_chr22,NA19043,2,chr22,censat,9.78268,55,4,0.389198,UNK-NONSAT-bSat-HSat3-HSat1A-HSat3-NONSAT-UNK-NONSAT-rDNA-NONSAT-bSat-HSat3-NONSAT-HSat1B-HSat3-UNK-NONSAT-HSat3-bSat-HSat3-aSat-HSat3-NONSAT-bSat-NONSAT-aSat-HSat3-NONSAT-HSat3-NONSAT-HSat3-aSat-HSat3-aSat-NONSAT-aSat-NONSAT
NA19043_h2_chr21,NA19043,2,chr21,censat,5.325252,32,1,0.07793,rDNA-NONSAT-bSat-HSat3-NONSAT-HSat3-NONSAT-HSat3-NONSAT-HSat3-aSat-NONSAT-aSat-HSat3-NONSAT-UNK-NONSAT-aSat-HSat3-aSat-HSat3-NONSAT-HSat1A
NA19043_h2_chr15,NA19043,2,chr15,censat,5.476406,27,0,0.0,NONSAT-bSat-HSat3-aSat-HSat3-aSat-NONSAT-aSat-HSat3-aSat-HSat3-aSat-NONSAT-aSat-NONSAT-aSat-HSat3-aSat-NONSAT
NA19043_h2_chr14,NA19043,2,chr14,censat,5.771461,27,0,0.0,rDNA-NONSAT-bSat-HSat3-NONSAT-HSat3-bSat-NONSAT-HSat3-bSat-HSat3-NONSAT-HSat3-NONSAT-HSat3-aSat-HSat3-aSat-NONSAT-aSat-NONSAT
NA19087_h1_chr21,NA19087,1,chr21,censat,4.927995,31,1,0.052614,rDNA-NONSAT-bSat-HSat3-NONSAT-HSat3-NONSAT-HSat3-NONSAT-HSat3-aSat-NONSAT-aSat-HSat3-NONSAT-UNK-NONSAT-aSat-HSat3-aSat-HSat3-NONSAT-HSat1A
NA19087_h1_chr14,NA19087,1,chr14,censat,7.507571,44,0,0.0,NONSAT-bSat-HSat3-NONSAT-HSat1B-HSat3-bSat-NONSAT-HSat3-bSat-HSat3-NONSAT-HSat3-aSat-HSat3-aSat-NONSAT-HSat3-aSat-NONSAT-aSat-HSat3-NONSAT-HSat3-aSat-HSat3-aSat-NONSAT-aSat-NONSAT
NA19087_h1_chr13,NA19087,1,chr13,censat,6.625091,33,1,0.090736,rDNA-NONSAT-bSat-HSat3-NONSAT-HSat1B-HSat3-NONSAT-HSat3-NONSAT-HSat3-aSat-NONSAT-aSat-HSat3-NONSAT-UNK-NONSAT-aSat-HSat3-aSat-HSat3-NONSAT-HSat1A
NA19087_h1_chr15,NA19087,1,chr15,censat,2.397485,16,0,0.0,aSat-HSat3-aSat-NONSAT-aSat-NONSAT-aSat-HSat3-aSat-NONSAT
NA19087_h1_chr22,NA19087,1,chr22,censat,6.945401,40,0,0.0,rDNA-NONSAT-bSat-HSat3-NONSAT-HSat1B-HSat3-NONSAT-HSat3-bSat-HSat3-aSat-HSat3-NONSAT-bSat-NONSAT-aSat-HSat3-NONSAT-HSat3-NONSAT-HSat3-aSat-HSat3-aSat-NONSAT-aSat-NONSAT-aSat-NONSAT
NA19087_h2_chr14,NA19087,2,chr14,censat,11.003958,59,3,0.427105,UNK-NONSAT-bSat-HSat3-HSat1A-HSat3-NONSAT-UNK-NONSAT-rDNA-NONSAT-bSat-NONSAT-HSat1B-HSat3-bSat-NONSAT-HSat3-bSat-HSat3-NONSAT-HSat3-aSat-HSat3-aSat-NONSAT-HSat3-aSat-NONSAT-aSat-HSat3-NONSAT-HSat3-aSat-HSat3-aSat-NONSAT-aSat-NONSAT
NA19087_h2_chr15,NA19087,2,chr15,censat,9.26547,41,3,0.307901,UNK-NONSAT-bSat-HSat3-HSat1A-HSat3-NONSAT-UNK-NONSAT-UNK-NONSAT-rDNA-NONSAT-bSat-NONSAT-HSat1B-HSat3-aSat-HSat3-aSat-NONSAT-aSat-NONSAT-aSat-HSat3-aSat-HSat3-aSat-NONSAT
NA19087_h2_chr22,NA19087,2,chr22,censat,8.883714,47,3,0.239116,HSat3-HSat1A-HSat3-NONSAT-UNK-NONSAT-rDNA-NONSAT-bSat-HSat3-NONSAT-HSat1B-HSat3-UNK-NONSAT-HSat3-bSat-HSat3-NONSAT-bSat-NONSAT-aSat-HSat3-NONSAT-HSat3-NONSAT-HSat3-aSat-HSat3-aSat-NONSAT-aSat-NONSAT-aSat-NONSAT
NA19087_h2_chr13,NA19087,2,chr13,censat,5.446204,30,1,0.111851,rDNA-NONSAT-HSat3-bSat-HSat3-HSat1B-NONSAT-HSat3-aSat-NONSAT-aSat-HSat3-NONSAT-UNK-NONSAT-aSat-HSat3-aSat-HSat3-NONSAT-HSat1A
NA19159_h1_chr14,NA19159,1,chr14,censat,9.917072,53,3,0.44539,UNK-NONSAT-bSat-HSat3-HSat1A-HSat3-NONSAT-rDNA-NONSAT-bSat-HSat3-NONSAT-HSat1B-HSat3-UNK-HSat3-NONSAT-HSat3-NONSAT-HSat3-aSat-HSat3-aSat-NONSAT-UNK-NONSAT-HSat3-aSat-NONSAT-aSat-HSat3-NONSAT-HSat3-aSat-HSat3-aSat-NONSAT-aSat-NONSAT
NA19159_h1_chr15,NA19159,1,chr15,censat,11.622896,35,3,0.212199,NONSAT-UNK-NONSAT-bSat-HSat3-HSat1A-HSat3-NONSAT-UNK-NONSAT-rDNA-NONSAT-bSat-HSat3-NONSAT-HSat1B-HSat3-aSat-HSat3-aSat-NONSAT-aSat-HSat3-aSat-HSat3-aSat-NONSAT
NA19159_h1_chr21,NA19159,1,chr21,censat,9.729364,52,2,0.322663,NONSAT-bSat-HSat3-HSat1A-HSat3-NONSAT-UNK-NONSAT-rDNA-NONSAT-bSat-HSat3-NONSAT-HSat1B-HSat3-bSat-NONSAT-HSat3-bSat-HSat3-NONSAT-HSat3-NONSAT-HSat3-NONSAT-HSat3-aSat-NONSAT-aSat-HSat3-NONSAT-UNK-NONSAT-aSat-HSat3-aSat-HSat3-NONSAT
NA19159_h1_chr22,NA19159,1,chr22,censat,4.998025,31,1,0.119678,rDNA-NONSAT-HSat3-bSat-HSat3-NONSAT-bSat-NONSAT-aSat-HSat3-NONSAT-aSat-NONSAT-bSat-NONSAT-HSat1B-NONSAT-UNK-NONSAT-aSat
NA19159_h1_chr13,NA19159,1,chr13,censat,6.918892,30,0,0.0,rDNA-NONSAT-HSat3-bSat-HSat3-HSat1B-NONSAT-HSat3-aSat-NONSAT-aSat-HSat3-NONSAT-aSat-HSat3-aSat-HSat3-NONSAT-HSat1A
NA19159_h2_chr14,NA19159,2,chr14,censat,1.801277,10,0,0.0,NONSAT-HSat3-aSat-HSat3-aSat-NONSAT-aSat-NONSAT
NA19159_h2_chr15,NA19159,2,chr15,censat,6.129893,21,0,0.0,rDNA-NONSAT-bSat-HSat3-NONSAT-HSat3-aSat-HSat3-aSat-NONSAT-aSat-NONSAT-aSat-NONSAT-aSat-HSat3-aSat
NA19159_h2_chr21,NA19159,2,chr21,censat,7.52606,43,1,0.068045,rDNA-NONSAT-HSat3-bSat-HSat3-NONSAT-HSat1B-HSat3-bSat-NONSAT-HSat3-bSat-HSat3-NONSAT-HSat3-NONSAT-HSat3-aSat-NONSAT-aSat-HSat3-NONSAT-UNK-NONSAT-aSat-HSat3-aSat-HSat3-NONSAT-HSat1A
NA19159_h2_chr13,NA19159,2,chr13,censat,5.28341,28,1,0.144205,rDNA-HSat3-HSat1B-NONSAT-HSat3-aSat-NONSAT-aSat-HSat3-NONSAT-UNK-NONSAT-aSat-HSat3-aSat-HSat3-NONSAT-HSat1A
NA19159_h2_chr22,NA19159,2,chr22,censat,5.845435,32,0,0.0,rDNA-NONSAT-bSat-NONSAT-HSat3-bSat-NONSAT-HSat3-bSat-HSat3-NONSAT-HSat3-NONSAT-HSat3-aSat-HSat3-aSat-NONSAT-aSat-NONSAT-aSat-NONSAT
NA19185_h1_chr13,NA19185,1,chr13,censat,8.690721,44,3,0.268994,UNK-NONSAT-bSat-HSat3-HSat1A-HSat3-NONSAT-UNK-NONSAT-UNK-NONSAT-rDNA-NONSAT-HSat3-bSat-HSat3-NONSAT-HSat3-aSat-NONSAT-aSat-HSat3-NONSAT-aSat-HSat3-aSat-HSat3-NONSAT-HSat1A
NA19185_h1_chr21,NA19185,1,chr21,censat,3.939443,25,1,0.059648,rDNA-NONSAT-HSat3-bSat-NONSAT-HSat3-aSat-NONSAT-aSat-HSat3-NONSAT-UNK-NONSAT-aSat-HSat3-aSat-HSat3-NONSAT
NA19185_h1_chr22,NA19185,1,chr22,censat,7.981443,48,1,0.075294,rDNA-NONSAT-bSat-HSat3-NONSAT-HSat1B-HSat3-NONSAT-bSat-NONSAT-HSat1B-HSat3-UNK-NONSAT-HSat3-bSat-HSat3-NONSAT-bSat-NONSAT-aSat-HSat3-NONSAT-HSat3-NONSAT-HSat3-aSat-HSat3-aSat-NONSAT-aSat-NONSAT
NA19185_h1_chr14,NA19185,1,chr14,censat,8.804801,45,1,0.110504,rDNA-NONSAT-bSat-HSat3-NONSAT-HSat3-bSat-NONSAT-HSat3-bSat-HSat3-NONSAT-HSat3-aSat-HSat3-aSat-NONSAT-UNK-NONSAT-HSat3-aSat-NONSAT-aSat-HSat3-NONSAT-HSat3-aSat-HSat3-aSat-NONSAT-aSat-NONSAT
NA19185_h2_chr13,NA19185,2,chr13,censat,8.876351,42,4,0.45278,UNK-NONSAT-bSat-HSat3-HSat1A-HSat3-NONSAT-UNK-NONSAT-rDNA-NONSAT-HSat3-bSat-HSat3-NONSAT-HSat3-aSat-NONSAT-aSat-HSat3-NONSAT-UNK-NONSAT-aSat-HSat3-aSat-HSat3-NONSAT-HSat1A
NA19185_h2_chr14,NA19185,2,chr14,censat,10.234331,46,1,0.073737,NONSAT-bSat-HSat3-HSat1A-HSat3-NONSAT-UNK-NONSAT-rDNA-HSat3-HSat1B-NONSAT-HSat3-NONSAT-HSat3-aSat-HSat3-aSat-NONSAT-HSat3-aSat-NONSAT-aSat-HSat3-NONSAT-HSat3-aSat-HSat3-aSat-NONSAT-aSat-NONSAT
NA19185_h2_chr21,NA19185,2,chr21,censat,4.758211,30,1,0.087882,NONSAT-bSat-HSat3-NONSAT-HSat1B-HSat3-NONSAT-HSat3-NONSAT-HSat3-aSat-NONSAT-aSat-HSat3-NONSAT-UNK-NONSAT-aSat-HSat3-aSat-HSat3-NONSAT
NA19185_h2_chr15,NA19185,2,chr15,censat,7.926682,22,0,0.0,NONSAT-bSat-HSat3-NONSAT-HSat1B-HSat3-aSat-HSat3-aSat-NONSAT-aSat-NONSAT-aSat-HSat3-aSat-NONSAT
NA19185_h2_chr22,NA19185,2,chr22,censat,9.007031,56,1,0.070976,rDNA-NONSAT-bSat-HSat3-NONSAT-HSat1B-HSat3-NONSAT-HSat3-bSat-HSat3-NONSAT-bSat-NONSAT-aSat-HSat3-NONSAT-aSat-NONSAT-bSat-NONSAT-HSat1B-HSat3-NONSAT-UNK-NONSAT-aSat-HSat3-NONSAT-HSat3-NONSAT-HSat3-aSat-HSat3-aSat-NONSAT-aSat-NONSAT-aSat-NONSAT
NA19338_h1_chr13,NA19338,1,chr13,censat,8.154279,46,5,0.354534,NONSAT-UNK-NONSAT-bSat-HSat3-HSat1A-HSat3-NONSAT-UNK-NONSAT-UNK-NONSAT-UNK-NONSAT-rDNA-NONSAT-HSat3-bSat-HSat3-HSat1B-NONSAT-HSat3-aSat-NONSAT-aSat-HSat3-NONSAT-UNK-NONSAT-aSat-HSat3-aSat-HSat3-NONSAT-HSat1A
NA19338_h1_chr14,NA19338,1,chr14,censat,12.975824,58,3,0.266212,NONSAT-UNK-NONSAT-bSat-HSat3-HSat1A-HSat3-NONSAT-UNK-NONSAT-UNK-NONSAT-rDNA-NONSAT-bSat-HSat3-NONSAT-HSat3-bSat-NONSAT-HSat3-bSat-HSat3-NONSAT-HSat3-NONSAT-HSat3-aSat-NONSAT-HSat3-aSat-NONSAT-aSat-HSat3-NONSAT-HSat3-aSat-HSat3-aSat-NONSAT-aSat-NONSAT
NA19338_h1_chr15,NA19338,1,chr15,censat,2.27333,16,0,0.0,aSat-HSat3-aSat-NONSAT-aSat-NONSAT-aSat-HSat3-aSat-NONSAT
NA19338_h1_chr22,NA19338,1,chr22,censat,6.916361,39,1,0.056642,rDNA-NONSAT-bSat-HSat3-NONSAT-HSat1B-HSat3-UNK-NONSAT-HSat3-bSat-HSat3-NONSAT-bSat-NONSAT-aSat-HSat3-NONSAT-HSat3-NONSAT-HSat3-aSat-HSat3-aSat-NONSAT-aSat-NONSAT-aSat-NONSAT
NA19338_h1_chr21,NA19338,1,chr21,censat,5.86105,30,0,0.0,rDNA-NONSAT-HSat3-bSat-HSat3-NONSAT-HSat3-HSat1B-NONSAT-HSat3-aSat-NONSAT-aSat-HSat3-NONSAT-aSat-HSat3-aSat-HSat3-NONSAT-HSat1A
NA19338_h2_chr21,NA19338,2,chr21,censat,9.85459,40,1,0.30156,UNK-NONSAT-bSat-HSat3-HSat1A-HSat3-NONSAT-rDNA-NONSAT-HSat3-bSat-HSat3-HSat1B-NONSAT-HSat3-NONSAT-HSat3-aSat-NONSAT-aSat-HSat3-NONSAT-aSat-HSat3-aSat-HSat3-NONSAT
NA19338_h2_chr13,NA19338,2,chr13,censat,7.106,31,0,0.0,rDNA-NONSAT-HSat3-bSat-HSat3-NONSAT-HSat3-HSat1B-NONSAT-HSat3-aSat-NONSAT-aSat-HSat3-NONSAT-aSat-HSat3-aSat-HSat3-NONSAT-HSat1A
NA19338_h2_chr15,NA19338,2,chr15,censat,7.832872,36,0,0.0,rDNA-NONSAT-bSat-NONSAT-HSat1B-HSat3-aSat-HSat3-aSat-NONSAT-aSat-HSat3-aSat-HSat3-aSat-NONSAT-aSat-NONSAT-aSat-HSat3-aSat-NONSAT
NA19338_h2_chr22,NA19338,2,chr22,censat,7.815591,49,0,0.0,rDNA-NONSAT-HSat3-bSat-HSat3-NONSAT-bSat-NONSAT-aSat-HSat3-NONSAT-aSat-NONSAT-bSat-NONSAT-HSat1B-HSat3-NONSAT-aSat-HSat3-NONSAT-HSat3-NONSAT-HSat3-aSat-HSat3-aSat-NONSAT-aSat-NONSAT-aSat-NONSAT
NA19338_h2_chr14,NA19338,2,chr14,censat,5.339817,32,0,0.0,rDNA-NONSAT-bSat-NONSAT-HSat1B-HSat3-bSat-NONSAT-HSat3-bSat-HSat3-NONSAT-HSat3-NONSAT-HSat3-aSat-HSat3-aSat-NONSAT-aSat-NONSAT
NA19391_h1_chr14,NA19391,1,chr14,censat,11.22523,56,4,0.570394,UNK-NONSAT-bSat-HSat3-HSat1A-HSat3-NONSAT-UNK-NONSAT-rDNA-NONSAT-bSat-HSat3-NONSAT-HSat3-bSat-NONSAT-HSat3-bSat-HSat3-NONSAT-HSat3-aSat-HSat3-aSat-NONSAT-UNK-NONSAT-HSat3-aSat-NONSAT-aSat-HSat3-NONSAT-HSat3-aSat-HSat3-aSat-NONSAT-aSat-NONSAT
NA19391_h1_chr13,NA19391,1,chr13,censat,7.690605,32,0,0.0,NONSAT-HSat3-bSat-HSat3-HSat1B-NONSAT-HSat3-NONSAT-HSat3-aSat-NONSAT-aSat-HSat3-NONSAT-aSat-HSat3-aSat-HSat3-NONSAT-HSat1A
NA19391_h1_chr22,NA19391,1,chr22,censat,9.077574,52,0,0.0,rDNA-NONSAT-HSat3-bSat-HSat3-NONSAT-bSat-NONSAT-aSat-HSat3-NONSAT-aSat-NONSAT-bSat-NONSAT-HSat1B-HSat3-NONSAT-HSat3-bSat-HSat3-aSat-HSat3-NONSAT-HSat3-NONSAT-HSat3-aSat-HSat3-aSat-NONSAT-aSat-NONSAT-aSat-NONSAT
NA19391_h1_chr21,NA19391,1,chr21,censat,5.272985,32,1,0.056813,rDNA-NONSAT-bSat-HSat3-NONSAT-HSat1B-HSat3-NONSAT-HSat3-NONSAT-HSat3-aSat-NONSAT-aSat-HSat3-NONSAT-UNK-NONSAT-aSat-HSat3-aSat-HSat3-NONSAT-HSat1A
NA19391_h1_chr15,NA19391,1,chr15,censat,10.337091,26,0,0.0,rDNA-NONSAT-bSat-NONSAT-HSat1B-HSat3-aSat-HSat3-aSat-NONSAT-aSat-NONSAT-aSat-HSat3-aSat-NONSAT
NA19391_h2_chr14,NA19391,2,chr14,censat,14.769245,59,4,0.369674,UNK-NONSAT-bSat-HSat3-HSat1A-HSat3-NONSAT-UNK-NONSAT-UNK-NONSAT-rDNA-NONSAT-bSat-NONSAT-HSat3-NONSAT-HSat3-NONSAT-HSat3-NONSAT-HSat3-aSat-HSat3-aSat-NONSAT-UNK-NONSAT-HSat3-aSat-NONSAT-aSat-HSat3-aSat-HSat3-NONSAT-HSat3-aSat-HSat3-aSat-NONSAT-aSat-NONSAT
NA19391_h2_chr22,NA19391,2,chr22,censat,8.968208,50,4,0.665125,NONSAT-UNK-NONSAT-bSat-HSat3-HSat1A-HSat3-NONSAT-UNK-NONSAT-rDNA-NONSAT-bSat-HSat3-NONSAT-HSat1B-HSat3-UNK-NONSAT-HSat3-bSat-HSat3-NONSAT-bSat-NONSAT-aSat-HSat3-NONSAT-HSat3-NONSAT-HSat3-aSat-HSat3-aSat-NONSAT-aSat-NONSAT
NA19391_h2_chr15,NA19391,2,chr15,censat,13.086226,26,0,0.0,rDNA-NONSAT-bSat-NONSAT-HSat1B-HSat3-aSat-HSat3-aSat-NONSAT-aSat-NONSAT-aSat-HSat3-aSat-NONSAT
NA19391_h2_chr21,NA19391,2,chr21,censat,5.526845,32,1,0.083668,rDNA-NONSAT-bSat-HSat3-NONSAT-HSat1B-HSat3-NONSAT-HSat3-NONSAT-HSat3-aSat-NONSAT-aSat-HSat3-NONSAT-UNK-NONSAT-aSat-HSat3-aSat-HSat3-NONSAT-HSat1A
NA19391_h2_chr13,NA19391,2,chr13,censat,6.452451,30,0,0.0,rDNA-NONSAT-bSat-HSat3-NONSAT-HSat3-NONSAT-HSat3-aSat-NONSAT-aSat-HSat3-NONSAT-aSat-HSat3-aSat-HSat3-NONSAT-HSat1A
NA19443_h1_chr13,NA19443,1,chr13,censat,10.147639,42,2,0.21047,NONSAT-UNK-NONSAT-bSat-HSat3-HSat1A-HSat3-NONSAT-UNK-NONSAT-rDNA-NONSAT-HSat3-bSat-HSat3-HSat1B-NONSAT-HSat3-aSat-NONSAT-aSat-HSat3-NONSAT-aSat-HSat3-aSat-HSat3-NONSAT-HSat1A
NA19443_h1_chr22,NA19443,1,chr22,censat,9.317184,55,1,0.056663,rDNA-NONSAT-HSat3-bSat-NONSAT-HSat1B-HSat3-UNK-NONSAT-HSat3-bSat-HSat3-NONSAT-bSat-NONSAT-aSat-HSat3-aSat-NONSAT-aSat-HSat3-aSat-HSat3-NONSAT-HSat3-NONSAT-HSat3-aSat-HSat3-bSat-HSat3-NONSAT-bSat-NONSAT-HSat3-NONSAT-aSat-NONSAT
NA19443_h1_chr21,NA19443,1,chr21,censat,6.965515,36,1,0.05399,rDNA-NONSAT-HSat3-bSat-HSat3-HSat1B-NONSAT-HSat3-NONSAT-HSat3-aSat-NONSAT-aSat-HSat3-NONSAT-UNK-NONSAT-aSat-HSat3-aSat-HSat3-NONSAT-HSat1A
NA19443_h1_chr14,NA19443,1,chr14,censat,7.522723,43,0,0.0,rDNA-NONSAT-bSat-HSat3-NONSAT-HSat3-bSat-NONSAT-HSat3-bSat-HSat3-NONSAT-HSat3-aSat-HSat3-aSat-NONSAT-HSat3-aSat-NONSAT-aSat-HSat3-NONSAT-HSat3-aSat-HSat3-aSat-NONSAT-aSat-NONSAT
NA19443_h1_chr15,NA19443,1,chr15,censat,14.143661,26,0,0.0,rDNA-NONSAT-bSat-NONSAT-HSat1B-HSat3-aSat-HSat3-aSat-NONSAT-aSat-NONSAT-aSat-HSat3-aSat-NONSAT
NA19443_h2_chr14,NA19443,2,chr14,censat,9.404531,53,4,0.400683,HSat1A-HSat3-NONSAT-UNK-NONSAT-UNK-NONSAT-UNK-NONSAT-rDNA-NONSAT-bSat-HSat3-NONSAT-HSat1B-HSat3-NONSAT-HSat3-NONSAT-HSat3-NONSAT-HSat3-aSat-HSat3-aSat-NONSAT-UNK-NONSAT-HSat3-aSat-NONSAT-aSat-HSat3-NONSAT-HSat3-aSat-HSat3-aSat-NONSAT-aSat-NONSAT
NA19443_h2_chr21,NA19443,2,chr21,censat,8.368733,44,4,0.434546,NONSAT-UNK-NONSAT-bSat-HSat3-HSat1A-HSat3-NONSAT-UNK-NONSAT-rDNA-NONSAT-bSat-HSat3-NONSAT-HSat3-NONSAT-HSat3-NONSAT-HSat3-aSat-NONSAT-aSat-HSat3-NONSAT-UNK-NONSAT-aSat-HSat3-aSat-HSat3-NONSAT-HSat1A
NA19443_h2_chr22,NA19443,2,chr22,censat,6.993972,38,1,0.233454,NONSAT-bSat-HSat3-NONSAT-HSat1B-HSat3-UNK-NONSAT-HSat3-bSat-HSat3-NONSAT-bSat-NONSAT-aSat-HSat3-NONSAT-HSat3-NONSAT-HSat3-aSat-HSat3-aSat-NONSAT-aSat-NONSAT-aSat-NONSAT
NA19443_h2_chr13,NA19443,2,chr13,censat,6.539194,27,1,0.120308,HSat3-NONSAT-HSat3-NONSAT-HSat3-aSat-NONSAT-aSat-HSat3-NONSAT-UNK-NONSAT-aSat-HSat3-aSat-HSat3-NONSAT-HSat1A
NA19443_h2_chr15,NA19443,2,chr15,censat,6.81467,25,0,0.0,aSat-HSat3-aSat-NONSAT-aSat-HSat3-aSat-HSat3-aSat-NONSAT-aSat-NONSAT-aSat-HSat3-aSat-NONSAT
NA19468_h1_chr21,NA19468,1,chr21,censat,10.009231,39,3,0.270908,UNK-NONSAT-bSat-HSat3-HSat1A-HSat3-NONSAT-UNK-NONSAT-rDNA-NONSAT-HSat3-bSat-HSat3-NONSAT-HSat3-aSat-NONSAT-aSat-HSat3-NONSAT-UNK-NONSAT-aSat-HSat3-aSat-HSat3-NONSAT
NA19468_h1_chr22,NA19468,1,chr22,censat,9.173851,47,1,0.063171,NONSAT-bSat-HSat3-bSat-HSat3-NONSAT-UNK-NONSAT-rDNA-NONSAT-bSat-HSat3-NONSAT-HSat3-NONSAT-HSat3-bSat-HSat3-NONSAT-bSat-NONSAT-aSat-HSat3-NONSAT-HSat3-NONSAT-HSat3-aSat-HSat3-aSat-NONSAT-aSat-NONSAT
NA19468_h1_chr15,NA19468,1,chr15,censat,6.755794,27,0,0.0,rDNA-NONSAT-HSat3-bSat-NONSAT-HSat1B-HSat3-aSat-HSat3-aSat-NONSAT-aSat-NONSAT-aSat-HSat3-aSat-NONSAT
NA19468_h1_chr13,NA19468,1,chr13,censat,6.702615,33,1,0.076554,NONSAT-bSat-NONSAT-HSat1B-HSat3-NONSAT-HSat3-aSat-NONSAT-aSat-HSat3-NONSAT-UNK-NONSAT-aSat-HSat3-aSat-HSat3-NONSAT-HSat1A
NA19468_h1_chr14,NA19468,1,chr14,censat,7.919192,46,0,0.0,rDNA-NONSAT-bSat-NONSAT-HSat3-bSat-NONSAT-HSat3-bSat-HSat3-NONSAT-HSat3-aSat-HSat3-aSat-NONSAT-HSat3-aSat-NONSAT-aSat-HSat3-NONSAT-HSat3-aSat-HSat3-aSat-NONSAT-aSat-NONSAT
NA19468_h2_chr14,NA19468,2,chr14,censat,10.885731,57,3,0.300482,UNK-NONSAT-bSat-HSat3-HSat1A-HSat3-NONSAT-UNK-NONSAT-rDNA-NONSAT-bSat-HSat3-NONSAT-HSat3-bSat-NONSAT-HSat3-bSat-HSat3-NONSAT-HSat3-aSat-HSat3-aSat-NONSAT-UNK-NONSAT-HSat3-aSat-NONSAT-aSat-HSat3-NONSAT-HSat3-aSat-HSat3-aSat-NONSAT-aSat-NONSAT
NA19468_h2_chr21,NA19468,2,chr21,censat,11.03416,52,3,0.405789,UNK-NONSAT-bSat-HSat3-HSat1A-HSat3-NONSAT-UNK-NONSAT-rDNA-NONSAT-bSat-HSat3-NONSAT-HSat1B-HSat3-bSat-NONSAT-HSat3-bSat-HSat3-NONSAT-HSat3-NONSAT-HSat3-aSat-NONSAT-aSat-HSat3-NONSAT-UNK-NONSAT-aSat-HSat3-aSat-HSat3-NONSAT-HSat1A
NA19468_h2_chr22,NA19468,2,chr22,censat,9.348621,47,3,0.275323,UNK-NONSAT-bSat-HSat3-HSat1A-NONSAT-UNK-NONSAT-rDNA-NONSAT-bSat-HSat3-NONSAT-HSat1B-HSat3-NONSAT-HSat3-bSat-HSat3-NONSAT-bSat-NONSAT-aSat-HSat3-NONSAT-HSat3-NONSAT-HSat3-aSat-HSat3-aSat-NONSAT-aSat-NONSAT
NA19468_h2_chr15,NA19468,2,chr15,censat,10.915993,26,0,0.0,NONSAT-HSat3-bSat-NONSAT-HSat1B-HSat3-aSat-NONSAT-aSat-NONSAT-aSat-HSat3-aSat-HSat3-aSat-NONSAT
NA19682_h1_chr14,NA19682,1,chr14,censat,10.714195,54,2,0.19228,UNK-NONSAT-bSat-HSat3-HSat1A-HSat3-NONSAT-UNK-NONSAT-rDNA-NONSAT-bSat-HSat3-NONSAT-HSat1B-HSat3-bSat-NONSAT-HSat3-bSat-HSat3-NONSAT-HSat3-aSat-HSat3-aSat-NONSAT-HSat3-aSat-NONSAT-aSat-HSat3-NONSAT-HSat3-aSat-HSat3-aSat-NONSAT-aSat-NONSAT
NA19682_h1_chr15,NA19682,1,chr15,censat,9.452911,28,0,0.0,rDNA-NONSAT-bSat-NONSAT-HSat1B-HSat3-HSat1B-HSat3-aSat-HSat3-aSat-NONSAT-aSat-NONSAT-aSat-HSat3-aSat-NONSAT
NA19682_h1_chr13,NA19682,1,chr13,censat,5.175642,30,0,0.0,rDNA-NONSAT-HSat3-bSat-HSat3-HSat1B-NONSAT-HSat3-aSat-NONSAT-aSat-HSat3-NONSAT-aSat-HSat3-aSat-HSat3-NONSAT-HSat1A
NA19682_h1_chr22,NA19682,1,chr22,censat,6.49781,36,1,0.075567,rDNA-NONSAT-bSat-HSat3-NONSAT-HSat1B-HSat3-UNK-NONSAT-HSat3-bSat-HSat3-NONSAT-bSat-NONSAT-aSat-HSat3-NONSAT-HSat3-aSat-HSat3-aSat-NONSAT-aSat-NONSAT-aSat-NONSAT
NA19682_h1_chr21,NA19682,1,chr21,censat,4.705993,26,1,0.075145,rDNA-NONSAT-HSat3-bSat-HSat3-HSat1B-NONSAT-HSat3-aSat-NONSAT-aSat-HSat3-NONSAT-UNK-NONSAT-aSat-HSat3-NONSAT
NA19682_h2_chr15,NA19682,2,chr15,censat,8.463551,29,0,0.0,rDNA-NONSAT-HSat3-bSat-NONSAT-HSat1B-HSat3-HSat1B-HSat3-aSat-HSat3-aSat-NONSAT-aSat-NONSAT-aSat-HSat3-aSat-NONSAT
NA19682_h2_chr13,NA19682,2,chr13,censat,7.183275,32,1,0.111865,rDNA-NONSAT-bSat-HSat3-NONSAT-HSat3-NONSAT-HSat3-aSat-NONSAT-aSat-HSat3-NONSAT-UNK-NONSAT-aSat-HSat3-aSat-HSat3-NONSAT-HSat1A
NA19682_h2_chr14,NA19682,2,chr14,censat,6.273185,31,0,0.0,rDNA-NONSAT-bSat-NONSAT-HSat3-bSat-NONSAT-HSat3-bSat-HSat3-NONSAT-HSat3-NONSAT-HSat3-aSat-HSat3-aSat-NONSAT-aSat-NONSAT
NA19682_h2_chr22,NA19682,2,chr22,censat,7.463663,40,0,0.0,rDNA-NONSAT-HSat3-NONSAT-HSat1B-HSat3-NONSAT-HSat3-bSat-HSat3-aSat-HSat3-NONSAT-bSat-NONSAT-aSat-HSat3-NONSAT-HSat3-NONSAT-HSat3-aSat-HSat3-aSat-NONSAT-aSat-NONSAT-aSat-NONSAT
NA19682_h2_chr21,NA19682,2,chr21,censat,4.736245,29,1,0.069505,rDNA-NONSAT-HSat3-bSat-HSat3-NONSAT-HSat3-aSat-NONSAT-aSat-HSat3-NONSAT-UNK-NONSAT-aSat-HSat3-aSat-HSat3-NONSAT-HSat1A
NA19700_h1_chr15,NA19700,1,chr15,censat,13.156145,49,4,0.425982,NONSAT-UNK-NONSAT-bSat-HSat3-HSat1A-HSat3-NONSAT-UNK-NONSAT-UNK-NONSAT-UNK-NONSAT-rDNA-NONSAT-bSat-HSat3-NONSAT-HSat1B-HSat3-aSat-HSat3-aSat-NONSAT-aSat-HSat3-aSat-HSat3-aSat-NONSAT-aSat-NONSAT-aSat-HSat3-aSat-NONSAT
NA19700_h1_chr13,NA19700,1,chr13,censat,8.884273,39,1,0.113218,NONSAT-bSat-HSat3-NONSAT-HSat1B-HSat3-bSat-NONSAT-HSat3-bSat-HSat3-NONSAT-HSat3-aSat-NONSAT-aSat-HSat3-NONSAT-UNK-NONSAT-aSat-HSat3-aSat-HSat3-NONSAT-HSat1A
NA19700_h1_chr22,NA19700,1,chr22,censat,5.678076,39,1,0.064684,aSat-HSat3-NONSAT-aSat-NONSAT-bSat-NONSAT-HSat1B-HSat3-NONSAT-UNK-NONSAT-aSat-HSat3-NONSAT-HSat3-NONSAT-HSat3-aSat-HSat3-aSat-NONSAT-aSat-NONSAT-aSat-NONSAT
NA19700_h1_chr21,NA19700,1,chr21,censat,4.983541,30,1,0.101916,NONSAT-bSat-HSat3-NONSAT-HSat3-NONSAT-HSat3-NONSAT-HSat3-aSat-NONSAT-aSat-HSat3-NONSAT-UNK-NONSAT-aSat-HSat3-aSat-HSat3-NONSAT-HSat1A
NA19700_h1_chr14,NA19700,1,chr14,censat,8.301921,47,1,0.083539,rDNA-NONSAT-bSat-NONSAT-HSat3-bSat-NONSAT-HSat3-bSat-HSat3-NONSAT-HSat3-NONSAT-HSat3-aSat-HSat3-aSat-NONSAT-UNK-NONSAT-HSat3-aSat-NONSAT-aSat-HSat3-NONSAT-HSat3-aSat-HSat3-aSat-NONSAT-aSat-NONSAT
NA19700_h2_chr13,NA19700,2,chr13,censat,7.947104,36,1,0.067984,rDNA-NONSAT-rDNA-NONSAT-bSat-HSat3-NONSAT-HSat1B-HSat3-NONSAT-HSat3-NONSAT-HSat3-aSat-NONSAT-aSat-HSat3-NONSAT-UNK-NONSAT-aSat-HSat3-aSat-HSat3-NONSAT-HSat1A
NA19700_h2_chr14,NA19700,2,chr14,censat,7.586936,41,2,0.140354,rDNA-NONSAT-bSat-HSat3-NONSAT-HSat1B-HSat3-UNK-HSat3-NONSAT-HSat3-NONSAT-HSat3-aSat-NONSAT-UNK-NONSAT-HSat3-aSat-NONSAT-aSat-HSat3-NONSAT-HSat3-aSat-HSat3-aSat-NONSAT-aSat-NONSAT
NA19700_h2_chr21,NA19700,2,chr21,censat,4.740523,30,1,0.066691,NONSAT-bSat-HSat3-NONSAT-HSat3-NONSAT-HSat3-NONSAT-HSat3-aSat-NONSAT-aSat-HSat3-NONSAT-UNK-NONSAT-aSat-HSat3-aSat-HSat3-NONSAT-HSat1A
NA19700_h2_chr22,NA19700,2,chr22,censat,6.167974,35,0,0.0,rDNA-NONSAT-bSat-HSat3-NONSAT-HSat1B-HSat3-NONSAT-HSat3-bSat-HSat3-NONSAT-bSat-NONSAT-aSat-HSat3-NONSAT-HSat3-NONSAT-HSat3-aSat-HSat3-aSat-NONSAT-aSat-NONSAT
NA19700_h2_chr15,NA19700,2,chr15,censat,3.115955,16,0,0.0,aSat-HSat3-aSat-NONSAT-aSat-NONSAT-aSat-HSat3-aSat-NONSAT
NA19776_h1_chr13,NA19776,1,chr13,censat,7.21195,30,1,0.090704,rDNA-NONSAT-HSat3-bSat-HSat3-NONSAT-HSat3-aSat-NONSAT-aSat-HSat3-NONSAT-UNK-NONSAT-aSat-HSat3-aSat-HSat3-NONSAT-HSat1A
NA19776_h1_chr14,NA19776,1,chr14,censat,8.362264,37,1,0.061011,rDNA-NONSAT-HSat3-bSat-HSat3-HSat1B-NONSAT-HSat3-aSat-NONSAT-UNK-NONSAT-HSat3-aSat-NONSAT-aSat-HSat3-NONSAT-HSat3-aSat-HSat3-aSat-NONSAT-aSat-NONSAT
NA19776_h1_chr15,NA19776,1,chr15,censat,5.724806,16,0,0.0,aSat-HSat3-aSat-NONSAT-aSat-NONSAT-aSat-HSat3-aSat-NONSAT
NA19776_h1_chr21,NA19776,1,chr21,censat,4.759617,31,1,0.086455,rDNA-NONSAT-bSat-HSat3-NONSAT-HSat3-NONSAT-HSat3-NONSAT-HSat3-aSat-NONSAT-aSat-HSat3-NONSAT-UNK-NONSAT-aSat-HSat3-aSat-HSat3-NONSAT-HSat1A
NA19776_h2_chr21,NA19776,2,chr21,censat,7.703323,43,3,0.356203,UNK-NONSAT-bSat-HSat3-HSat1A-HSat3-NONSAT-UNK-NONSAT-rDNA-NONSAT-bSat-HSat3-NONSAT-HSat1B-HSat3-NONSAT-HSat3-NONSAT-HSat3-aSat-NONSAT-aSat-HSat3-NONSAT-UNK-NONSAT-aSat-HSat3-aSat-HSat3-NONSAT-HSat1A
NA19776_h2_chr14,NA19776,2,chr14,censat,7.626398,44,0,0.0,rDNA-NONSAT-bSat-HSat3-NONSAT-HSat1B-HSat3-bSat-NONSAT-HSat3-bSat-HSat3-NONSAT-HSat3-aSat-HSat3-aSat-NONSAT-HSat3-aSat-NONSAT-aSat-HSat3-NONSAT-HSat3-aSat-HSat3-aSat-NONSAT-aSat-NONSAT
NA19776_h2_chr13,NA19776,2,chr13,censat,5.387086,30,1,0.101951,rDNA-NONSAT-HSat3-bSat-HSat3-NONSAT-HSat3-aSat-NONSAT-aSat-HSat3-NONSAT-UNK-NONSAT-aSat-HSat3-aSat-HSat3-NONSAT-HSat1A
NA19776_h2_chr22,NA19776,2,chr22,censat,6.531347,44,0,0.0,rDNA-NONSAT-bSat-NONSAT-HSat1B-HSat3-NONSAT-HSat3-bSat-HSat3-aSat-HSat3-NONSAT-bSat-NONSAT-aSat-HSat3-NONSAT-HSat3-NONSAT-HSat3-aSat-HSat3-aSat-NONSAT-aSat-NONSAT-aSat-NONSAT
NA19776_h2_chr15,NA19776,2,chr15,censat,6.817098,27,0,0.0,rDNA-NONSAT-bSat-NONSAT-HSat1B-HSat3-aSat-HSat3-aSat-NONSAT-aSat-NONSAT-aSat-NONSAT-aSat-HSat3-aSat-NONSAT
NA19835_h1_chr13,NA19835,1,chr13,censat,6.002206,30,1,0.124474,rDNA-NONSAT-bSat-HSat3-NONSAT-HSat3-NONSAT-HSat3-aSat-NONSAT-aSat-HSat3-NONSAT-UNK-NONSAT-aSat-HSat3-aSat-HSat3-NONSAT-HSat1A
NA19835_h1_chr14,NA19835,1,chr14,censat,6.45075,36,1,0.068045,rDNA-HSat3-NONSAT-HSat3-NONSAT-HSat3-NONSAT-HSat3-aSat-HSat3-aSat-NONSAT-UNK-NONSAT-HSat3-aSat-NONSAT-aSat-HSat3-NONSAT-HSat3-aSat-HSat3-aSat-NONSAT-aSat-NONSAT
NA19835_h1_chr15,NA19835,1,chr15,censat,10.815601,24,0,0.0,rDNA-NONSAT-bSat-HSat3-NONSAT-HSat1B-HSat3-aSat-HSat3-aSat-NONSAT-aSat-NONSAT-aSat-HSat3-aSat-HSat3-aSat-NONSAT
NA19835_h1_chr22,NA19835,1,chr22,censat,6.516205,40,1,0.056666,rDNA-NONSAT-bSat-NONSAT-HSat1B-HSat3-UNK-NONSAT-HSat3-bSat-HSat3-NONSAT-bSat-NONSAT-aSat-HSat3-NONSAT-HSat3-NONSAT-HSat3-aSat-HSat3-aSat-NONSAT-aSat-NONSAT-aSat-NONSAT
NA19835_h2_chr13,NA19835,2,chr13,censat,11.262691,45,3,0.595009,NONSAT-UNK-NONSAT-bSat-HSat3-HSat1A-HSat3-NONSAT-UNK-NONSAT-rDNA-NONSAT-HSat3-bSat-HSat3-HSat1B-NONSAT-HSat3-aSat-NONSAT-aSat-HSat3-NONSAT-UNK-NONSAT-aSat-HSat3-aSat-HSat3-NONSAT-HSat1A
NA19835_h2_chr15,NA19835,2,chr15,censat,12.371325,37,0,0.0,rDNA-NONSAT-HSat3-bSat-NONSAT-HSat1B-HSat3-aSat-HSat3-aSat-NONSAT-aSat-HSat3-aSat-HSat3-aSat-NONSAT-aSat-NONSAT-aSat-HSat3-aSat-NONSAT
NA19835_h2_chr14,NA19835,2,chr14,censat,8.244171,47,1,0.066657,rDNA-NONSAT-bSat-NONSAT-HSat3-bSat-NONSAT-HSat3-bSat-HSat3-NONSAT-HSat3-aSat-HSat3-aSat-NONSAT-UNK-NONSAT-HSat3-aSat-NONSAT-aSat-HSat3-NONSAT-HSat3-aSat-HSat3-aSat-NONSAT-aSat-NONSAT
NA19835_h2_chr21,NA19835,2,chr21,censat,4.846803,30,1,0.070915,NONSAT-bSat-HSat3-NONSAT-HSat3-NONSAT-HSat3-NONSAT-HSat3-aSat-NONSAT-aSat-HSat3-NONSAT-UNK-NONSAT-aSat-HSat3-aSat-HSat3-NONSAT
NA19909_h1_chr13,NA19909,1,chr13,censat,6.92804,31,1,0.126168,rDNA-NONSAT-rDNA-NONSAT-HSat3-bSat-NONSAT-HSat3-aSat-NONSAT-aSat-HSat3-NONSAT-UNK-NONSAT-aSat-HSat3-aSat-HSat3-NONSAT-HSat1A
NA19909_h1_chr22,NA19909,1,chr22,censat,6.944359,44,1,0.113393,rDNA-NONSAT-bSat-NONSAT-HSat1B-HSat3-UNK-NONSAT-HSat3-bSat-HSat3-aSat-HSat3-NONSAT-bSat-NONSAT-aSat-HSat3-NONSAT-HSat3-HSat1A-NONSAT-HSat3-aSat-HSat3-aSat-NONSAT-aSat-NONSAT-aSat-NONSAT
NA19909_h1_chr14,NA19909,1,chr14,censat,11.330047,52,4,0.353771,UNK-NONSAT-bSat-HSat3-HSat1A-HSat3-NONSAT-UNK-NONSAT-UNK-NONSAT-rDNA-NONSAT-bSat-HSat3-NONSAT-HSat1B-HSat3-NONSAT-HSat3-NONSAT-HSat3-aSat-NONSAT-aSat-HSat3-NONSAT-UNK-NONSAT-HSat3-aSat-NONSAT-aSat-HSat3-NONSAT-HSat3-aSat-HSat3-aSat-NONSAT-aSat-NONSAT
NA19909_h1_chr21,NA19909,1,chr21,censat,5.131631,29,1,0.055474,rDNA-NONSAT-HSat3-bSat-HSat3-NONSAT-HSat3-aSat-NONSAT-aSat-NONSAT-UNK-NONSAT-aSat-HSat3-aSat-HSat3-NONSAT-HSat1A
NA19909_h2_chr21,NA19909,2,chr21,censat,9.349264,41,3,0.234513,NONSAT-UNK-NONSAT-bSat-HSat3-HSat1A-HSat3-NONSAT-UNK-NONSAT-rDNA-NONSAT-HSat3-bSat-HSat3-NONSAT-HSat3-aSat-NONSAT-aSat-HSat3-NONSAT-UNK-NONSAT-aSat-HSat3-aSat-HSat3-NONSAT
NA19909_h2_chr22,NA19909,2,chr22,censat,7.351943,41,3,0.450585,UNK-NONSAT-bSat-HSat3-HSat1A-HSat3-NONSAT-UNK-NONSAT-UNK-NONSAT-rDNA-NONSAT-bSat-NONSAT-HSat1B-HSat3-NONSAT-aSat-HSat3-NONSAT-HSat3-NONSAT-HSat3-aSat-HSat3-aSat-NONSAT
NA19909_h2_chr13,NA19909,2,chr13,censat,6.003158,31,1,0.089244,rDNA-NONSAT-HSat3-bSat-HSat3-NONSAT-HSat3-aSat-NONSAT-aSat-HSat3-NONSAT-UNK-NONSAT-aSat-HSat3-aSat-HSat3-NONSAT-HSat1A
NA20282_h1_chr13,NA20282,1,chr13,censat,6.468897,35,1,0.116042,rDNA-NONSAT-rDNA-NONSAT-HSat3-bSat-HSat3-NONSAT-HSat3-HSat1B-NONSAT-HSat3-aSat-NONSAT-aSat-HSat3-NONSAT-UNK-NONSAT-aSat-HSat3-aSat-HSat3-NONSAT-HSat1A
NA20282_h1_chr22,NA20282,1,chr22,censat,14.892784,31,1,0.19694,UNK-NONSAT-bSat-HSat3-HSat1A-HSat3-NONSAT-rDNA-NONSAT-bSat-HSat3-NONSAT-HSat1B-HSat3-NONSAT-HSat3-bSat-NONSAT-HSat3-aSat-HSat3-aSat-NONSAT-aSat-NONSAT
NA20282_h1_chr21,NA20282,1,chr21,censat,7.651465,41,1,0.087887,rDNA-NONSAT-bSat-HSat3-NONSAT-HSat1B-HSat3-bSat-NONSAT-HSat3-bSat-HSat3-NONSAT-HSat3-NONSAT-HSat3-aSat-NONSAT-aSat-HSat3-NONSAT-UNK-NONSAT-aSat-HSat3-aSat-HSat3-NONSAT-HSat1A
NA20282_h1_chr15,NA20282,1,chr15,censat,6.480911,27,0,0.0,NONSAT-bSat-HSat3-aSat-HSat3-aSat-NONSAT-aSat-HSat3-aSat-HSat3-aSat-NONSAT-aSat-NONSAT-aSat-HSat3-aSat-NONSAT
NA20282_h1_chr14,NA20282,1,chr14,censat,6.130246,36,1,0.094836,rDNA-HSat3-HSat1B-NONSAT-HSat3-NONSAT-HSat3-aSat-HSat3-aSat-NONSAT-UNK-NONSAT-HSat3-aSat-NONSAT-aSat-HSat3-NONSAT-HSat3-aSat-HSat3-aSat-NONSAT-aSat-NONSAT
NA20282_h2_chr13,NA20282,2,chr13,censat,6.666813,34,0,0.0,rDNA-NONSAT-rDNA-NONSAT-bSat-HSat3-NONSAT-HSat1B-HSat3-NONSAT-HSat3-NONSAT-HSat3-aSat-NONSAT-aSat-HSat3-NONSAT-aSat-HSat3-aSat-HSat3-NONSAT-HSat1A
NA20282_h2_chr22,NA20282,2,chr22,censat,5.684268,32,0,0.0,NONSAT-bSat-NONSAT-HSat3-bSat-NONSAT-HSat3-bSat-HSat3-NONSAT-HSat3-NONSAT-HSat3-aSat-HSat3-aSat-NONSAT-aSat-NONSAT-aSat-NONSAT
NA20282_h2_chr21,NA20282,2,chr21,censat,5.579669,32,1,0.097753,rDNA-NONSAT-bSat-HSat3-NONSAT-HSat1B-HSat3-NONSAT-HSat3-NONSAT-HSat3-aSat-NONSAT-aSat-HSat3-NONSAT-UNK-NONSAT-aSat-HSat3-aSat-HSat3-NONSAT-HSat1A
NA20282_h2_chr15,NA20282,2,chr15,censat,15.342318,40,3,0.198026,NONSAT-UNK-NONSAT-bSat-HSat3-HSat1A-HSat3-NONSAT-UNK-NONSAT-UNK-NONSAT-rDNA-NONSAT-bSat-NONSAT-HSat1B-HSat3-aSat-HSat3-aSat-NONSAT-aSat-NONSAT-aSat-HSat3-aSat-NONSAT
NA20282_h2_chr14,NA20282,2,chr14,censat,11.77216,60,3,0.267667,NONSAT-bSat-HSat3-HSat1A-HSat3-NONSAT-UNK-NONSAT-HSat3-bSat-NONSAT-HSat1B-HSat3-bSat-NONSAT-HSat3-bSat-HSat3-NONSAT-HSat3-aSat-HSat3-aSat-NONSAT-UNK-NONSAT-HSat3-aSat-NONSAT-aSat-HSat3-NONSAT-HSat3-aSat-HSat3-aSat-NONSAT-aSat-NONSAT
NA20346_h1_chr22,NA20346,1,chr22,censat,6.298336,36,1,0.075555,NONSAT-bSat-HSat3-NONSAT-HSat3-UNK-NONSAT-HSat3-bSat-HSat3-NONSAT-bSat-NONSAT-aSat-HSat3-NONSAT-HSat3-NONSAT-HSat3-aSat-HSat3-aSat-NONSAT-aSat-NONSAT-aSat-NONSAT
NA20346_h1_chr21,NA20346,1,chr21,censat,5.483765,29,1,0.111724,rDNA-NONSAT-HSat3-bSat-HSat3-NONSAT-HSat3-NONSAT-HSat3-aSat-NONSAT-aSat-HSat3-NONSAT-UNK-NONSAT-aSat-HSat3-aSat-HSat3-NONSAT
NA20346_h1_chr15,NA20346,1,chr15,censat,8.371065,23,0,0.0,rDNA-NONSAT-bSat-HSat3-NONSAT-HSat1B-HSat3-aSat-HSat3-aSat-NONSAT-aSat-NONSAT-aSat-HSat3-aSat-NONSAT
NA20346_h1_chr14,NA20346,1,chr14,censat,6.01503,31,0,0.0,rDNA-NONSAT-HSat3-bSat-NONSAT-HSat3-bSat-NONSAT-HSat3-bSat-HSat3-NONSAT-HSat3-NONSAT-HSat3-aSat-HSat3-aSat-NONSAT-aSat-NONSAT
NA20346_h2_chr15,NA20346,2,chr15,censat,13.279061,39,3,0.280601,UNK-NONSAT-bSat-HSat3-HSat1A-HSat3-NONSAT-UNK-NONSAT-rDNA-NONSAT-HSat3-bSat-NONSAT-HSat1B-HSat3-aSat-HSat3-aSat-NONSAT-aSat-NONSAT-aSat-HSat3-aSat-NONSAT
NA20346_h2_chr21,NA20346,2,chr21,censat,5.60799,30,0,0.0,rDNA-NONSAT-bSat-HSat3-NONSAT-HSat1B-HSat3-NONSAT-HSat3-NONSAT-HSat3-aSat-NONSAT-aSat-HSat3-NONSAT-aSat-HSat3-aSat-HSat3-NONSAT-HSat1A
NA20503_h1_chr13,NA20503,1,chr13,censat,8.946259,46,3,0.518459,NONSAT-UNK-NONSAT-bSat-HSat3-HSat1A-HSat3-NONSAT-UNK-NONSAT-rDNA-NONSAT-bSat-HSat3-NONSAT-HSat3-NONSAT-HSat3-aSat-NONSAT-aSat-HSat3-NONSAT-UNK-NONSAT-aSat-HSat3-aSat-HSat3-NONSAT-HSat1A
NA20503_h1_chr14,NA20503,1,chr14,censat,10.151649,47,2,0.342012,UNK-NONSAT-bSat-HSat3-HSat1A-HSat3-NONSAT-UNK-NONSAT-rDNA-NONSAT-bSat-HSat3-NONSAT-HSat1B-HSat3-NONSAT-HSat3-aSat-NONSAT-HSat3-aSat-NONSAT-aSat-HSat3-NONSAT-HSat3-aSat-HSat3-aSat-NONSAT-aSat-NONSAT
NA20503_h1_chr15,NA20503,1,chr15,censat,9.242598,22,0,0.0,NONSAT-bSat-HSat3-NONSAT-HSat1B-HSat3-aSat-HSat3-aSat-NONSAT-aSat-NONSAT-aSat-HSat3-aSat-NONSAT
NA20503_h1_chr21,NA20503,1,chr21,censat,4.246633,29,1,0.069493,HSat3-NONSAT-HSat1B-HSat3-NONSAT-HSat3-NONSAT-HSat3-aSat-NONSAT-aSat-HSat3-NONSAT-UNK-NONSAT-aSat-HSat3-aSat-HSat3-NONSAT-HSat1A
NA20503_h1_chr22,NA20503,1,chr22,censat,8.571431,48,3,0.318307,UNK-NONSAT-bSat-HSat3-HSat1A-HSat3-NONSAT-UNK-NONSAT-bSat-HSat3-NONSAT-HSat1B-HSat3-NONSAT-HSat3-bSat-HSat3-NONSAT-bSat-NONSAT-aSat-HSat3-NONSAT-HSat3-NONSAT-HSat3-aSat-HSat3-aSat-NONSAT-aSat-NONSAT-aSat-NONSAT
NA20503_h2_chr14,NA20503,2,chr14,censat,8.687448,44,3,0.259604,UNK-NONSAT-bSat-HSat3-HSat1A-HSat3-NONSAT-UNK-NONSAT-HSat3-bSat-NONSAT-HSat1B-HSat3-bSat-NONSAT-HSat3-bSat-HSat3-NONSAT-HSat3-NONSAT-HSat3-aSat-HSat3-aSat-NONSAT-aSat-NONSAT
NA20503_h2_chr15,NA20503,2,chr15,censat,10.713792,38,1,0.09992,NONSAT-bSat-HSat3-HSat1A-HSat3-NONSAT-UNK-NONSAT-rDNA-NONSAT-HSat3-bSat-NONSAT-HSat1B-HSat3-aSat-HSat3-aSat-NONSAT-aSat-NONSAT-aSat-HSat3-aSat-NONSAT
NA20503_h2_chr21,NA20503,2,chr21,censat,6.376762,37,2,0.230656,UNK-NONSAT-bSat-HSat3-HSat1A-HSat3-NONSAT-bSat-NONSAT-HSat1B-HSat3-NONSAT-HSat3-aSat-NONSAT-aSat-HSat3-NONSAT-UNK-NONSAT-aSat-HSat3-aSat-HSat3-NONSAT
NA20503_h2_chr22,NA20503,2,chr22,censat,8.827309,46,1,0.093876,UNK-NONSAT-bSat-HSat1A-HSat3-NONSAT-bSat-HSat3-NONSAT-HSat1B-HSat3-NONSAT-HSat3-bSat-HSat3-aSat-HSat3-NONSAT-bSat-NONSAT-aSat-HSat3-NONSAT-HSat3-NONSAT-HSat3-aSat-HSat3-aSat-NONSAT-aSat-NONSAT-aSat-NONSAT
NA20503_h2_chr13,NA20503,2,chr13,censat,5.704199,27,0,0.0,NONSAT-HSat3-bSat-HSat3-NONSAT-HSat3-aSat-NONSAT-aSat-HSat3-NONSAT-aSat-HSat3-aSat-HSat3-NONSAT-HSat1A
NA20752_h1_chr14,NA20752,1,chr14,censat,8.651431,46,3,0.289512,UNK-NONSAT-bSat-HSat3-HSat1A-HSat3-NONSAT-UNK-NONSAT-UNK-NONSAT-rDNA-NONSAT-HSat3-bSat-NONSAT-HSat3-bSat-NONSAT-HSat3-bSat-HSat3-NONSAT-HSat3-NONSAT-HSat3-aSat-HSat3-aSat-NONSAT-aSat-NONSAT
NA20752_h1_chr21,NA20752,1,chr21,censat,4.56587,27,0,0.0,HSat1B-HSat3-NONSAT-HSat3-NONSAT-HSat3-aSat-NONSAT-aSat-HSat3-NONSAT-aSat-HSat3-aSat-HSat3-NONSAT-HSat1A
NA20752_h1_chr15,NA20752,1,chr15,censat,6.312782,23,0,0.0,NONSAT-bSat-HSat3-NONSAT-HSat1B-HSat3-aSat-HSat3-aSat-NONSAT-aSat-NONSAT-aSat-HSat3-aSat-HSat3-aSat-NONSAT
NA20752_h1_chr22,NA20752,1,chr22,censat,6.706711,38,1,0.10084,rDNA-NONSAT-bSat-HSat3-NONSAT-HSat1B-HSat3-UNK-NONSAT-HSat3-bSat-HSat3-NONSAT-bSat-NONSAT-aSat-HSat3-NONSAT-HSat3-NONSAT-HSat3-aSat-HSat3-aSat-NONSAT-aSat-NONSAT-aSat-NONSAT
NA20752_h2_chr21,NA20752,2,chr21,censat,9.567434,48,5,0.742067,NONSAT-UNK-NONSAT-bSat-HSat3-HSat1A-HSat3-NONSAT-UNK-NONSAT-UNK-NONSAT-UNK-NONSAT-rDNA-NONSAT-HSat3-bSat-HSat3-NONSAT-HSat3-HSat1B-NONSAT-HSat3-aSat-NONSAT-aSat-HSat3-NONSAT-UNK-NONSAT-aSat-HSat3-aSat-HSat3-NONSAT
NA20752_h2_chr13,NA20752,2,chr13,censat,7.184464,37,1,0.076591,rDNA-NONSAT-HSat3-bSat-NONSAT-HSat1B-HSat3-NONSAT-HSat3-NONSAT-HSat3-aSat-NONSAT-aSat-HSat3-NONSAT-UNK-NONSAT-aSat-HSat3-aSat-HSat3-NONSAT-HSat1A
NA20752_h2_chr22,NA20752,2,chr22,censat,6.379933,35,0,0.0,rDNA-NONSAT-bSat-HSat3-NONSAT-rDNA-NONSAT-HSat3-NONSAT-HSat1B-HSat3-NONSAT-HSat3-bSat-HSat3-aSat-HSat3-NONSAT-HSat3-NONSAT-HSat3-aSat-HSat3-aSat-NONSAT-aSat-NONSAT-aSat-NONSAT
NA20752_h2_chr14,NA20752,2,chr14,censat,7.70805,48,1,0.069438,rDNA-NONSAT-bSat-NONSAT-HSat1B-HSat3-bSat-NONSAT-HSat3-bSat-HSat3-NONSAT-HSat3-aSat-HSat3-aSat-NONSAT-UNK-NONSAT-HSat3-aSat-NONSAT-aSat-HSat3-NONSAT-HSat3-aSat-HSat3-aSat-NONSAT-aSat-NONSAT
NA20762_h1_chr14,NA20762,1,chr14,censat,10.127966,57,2,0.232659,UNK-NONSAT-bSat-HSat3-HSat1A-HSat3-NONSAT-UNK-NONSAT-rDNA-NONSAT-bSat-NONSAT-HSat1B-HSat3-bSat-NONSAT-HSat3-bSat-HSat3-NONSAT-HSat3-aSat-HSat3-aSat-NONSAT-HSat3-aSat-NONSAT-aSat-HSat3-NONSAT-HSat3-aSat-HSat3-aSat-NONSAT-aSat-NONSAT
NA20762_h1_chr21,NA20762,1,chr21,censat,7.137373,43,4,0.554312,UNK-NONSAT-bSat-HSat3-HSat1A-HSat3-NONSAT-UNK-NONSAT-rDNA-NONSAT-bSat-HSat3-NONSAT-HSat1B-HSat3-NONSAT-HSat3-NONSAT-HSat3-aSat-NONSAT-aSat-HSat3-NONSAT-UNK-NONSAT-aSat-HSat3-aSat-HSat3-NONSAT-HSat1A
NA20762_h1_chr22,NA20762,1,chr22,censat,8.404079,44,0,0.0,NONSAT-bSat-HSat3-HSat1A-HSat3-NONSAT-rDNA-NONSAT-HSat3-bSat-HSat3-aSat-HSat3-NONSAT-bSat-NONSAT-aSat-HSat3-NONSAT-HSat3-NONSAT-HSat3-aSat-HSat3-aSat-NONSAT-aSat-NONSAT-aSat-NONSAT
NA20762_h1_chr13,NA20762,1,chr13,censat,5.785758,34,1,0.059634,rDNA-NONSAT-bSat-HSat3-NONSAT-HSat1B-HSat3-NONSAT-HSat3-NONSAT-HSat3-aSat-NONSAT-aSat-HSat3-NONSAT-UNK-NONSAT-aSat-HSat3-aSat-HSat3-NONSAT-HSat1A
NA20762_h1_chr15,NA20762,1,chr15,censat,12.734107,36,0,0.0,rDNA-NONSAT-HSat3-bSat-NONSAT-HSat1B-HSat3-aSat-HSat3-aSat-NONSAT-aSat-HSat3-aSat-HSat3-aSat-NONSAT-aSat-NONSAT-aSat-HSat3-aSat-NONSAT
NA20762_h2_chr14,NA20762,2,chr14,censat,10.095818,46,2,0.636599,NONSAT-UNK-NONSAT-bSat-HSat3-HSat1A-HSat3-NONSAT-UNK-NONSAT-HSat3-bSat-NONSAT-HSat1B-HSat3-aSat-NONSAT-HSat3-aSat-NONSAT-aSat-HSat3-NONSAT-HSat3-aSat-HSat3-aSat-NONSAT-aSat-NONSAT
NA20762_h2_chr21,NA20762,2,chr21,censat,7.529074,38,2,0.277157,HSat3-HSat1A-HSat3-NONSAT-UNK-NONSAT-bSat-HSat3-NONSAT-HSat1B-HSat3-NONSAT-HSat3-NONSAT-HSat3-aSat-NONSAT-aSat-HSat3-NONSAT-UNK-NONSAT-aSat-HSat3-aSat-HSat3-NONSAT-HSat1A
NA20762_h2_chr22,NA20762,2,chr22,censat,11.188552,53,2,0.195404,UNK-NONSAT-bSat-HSat3-HSat1A-HSat3-HSat1A-HSat3-NONSAT-UNK-NONSAT-rDNA-NONSAT-bSat-HSat3-NONSAT-HSat1B-HSat3-NONSAT-HSat3-bSat-HSat3-aSat-HSat3-NONSAT-bSat-NONSAT-aSat-HSat3-NONSAT-HSat3-NONSAT-HSat3-aSat-HSat3-aSat-NONSAT-aSat-NONSAT-aSat-NONSAT
NA20762_h2_chr13,NA20762,2,chr13,censat,6.017788,37,1,0.076579,rDNA-NONSAT-HSat3-bSat-NONSAT-HSat1B-HSat3-NONSAT-HSat3-NONSAT-HSat3-aSat-NONSAT-aSat-HSat3-NONSAT-UNK-NONSAT-aSat-HSat3-aSat-HSat3-NONSAT-HSat1A
NA20762_h2_chr15,NA20762,2,chr15,censat,11.241106,35,0,0.0,NONSAT-HSat3-bSat-NONSAT-HSat1B-HSat3-aSat-HSat3-aSat-NONSAT-aSat-HSat3-aSat-HSat3-aSat-NONSAT-aSat-NONSAT-aSat-HSat3-aSat-NONSAT
NA20799_h1_chr22,NA20799,1,chr22,censat,8.394662,48,2,0.328165,UNK-NONSAT-bSat-HSat3-HSat1A-HSat3-NONSAT-UNK-NONSAT-rDNA-NONSAT-bSat-HSat3-NONSAT-HSat1B-HSat3-NONSAT-HSat3-bSat-HSat3-NONSAT-bSat-NONSAT-aSat-HSat3-NONSAT-HSat3-NONSAT-HSat3-aSat-HSat3-aSat-NONSAT-aSat-NONSAT-aSat-NONSAT
NA20799_h1_chr14,NA20799,1,chr14,censat,5.978106,27,0,0.0,rDNA-NONSAT-bSat-HSat3-NONSAT-HSat3-bSat-NONSAT-HSat3-bSat-HSat3-NONSAT-HSat3-NONSAT-HSat3-aSat-HSat3-aSat-NONSAT-aSat-NONSAT
NA20799_h1_chr15,NA20799,1,chr15,censat,9.716556,29,1,0.291832,UNK-NONSAT-rDNA-NONSAT-bSat-NONSAT-HSat1B-HSat3-aSat-HSat3-aSat-NONSAT-aSat-NONSAT-aSat-HSat3-aSat-NONSAT
NA20799_h2_chr14,NA20799,2,chr14,censat,5.756459,33,0,0.0,rDNA-NONSAT-HSat3-bSat-NONSAT-HSat1B-HSat3-bSat-NONSAT-HSat3-bSat-HSat3-NONSAT-HSat3-NONSAT-HSat3-aSat-HSat3-aSat-NONSAT-aSat-NONSAT
NA20799_h2_chr21,NA20799,2,chr21,censat,4.392171,29,1,0.056816,rDNA-NONSAT-bSat-HSat3-NONSAT-HSat3-NONSAT-HSat3-aSat-NONSAT-aSat-HSat3-NONSAT-UNK-NONSAT-aSat-HSat3-aSat-HSat3-NONSAT-HSat1A
NA20799_h2_chr15,NA20799,2,chr15,censat,7.254858,26,0,0.0,rDNA-NONSAT-bSat-NONSAT-HSat1B-HSat3-aSat-HSat3-aSat-NONSAT-aSat-NONSAT-aSat-HSat3-aSat-NONSAT
NA20799_h2_chr22,NA20799,2,chr22,censat,7.05904,42,0,0.0,rDNA-NONSAT-bSat-HSat3-NONSAT-HSat1B-HSat3-NONSAT-HSat3-bSat-HSat3-aSat-HSat3-NONSAT-bSat-NONSAT-aSat-HSat3-NONSAT-HSat3-NONSAT-HSat3-aSat-HSat3-aSat-NONSAT-aSat-NONSAT-aSat-NONSAT
NA20799_h2_chr13,NA20799,2,chr13,censat,1.704302,7,0,0.0,aSat-HSat3-aSat-HSat3-NONSAT-HSat1A
NA20805_h1_chr13,NA20805,1,chr13,censat,6.340015,34,1,0.085051,rDNA-NONSAT-bSat-HSat3-NONSAT-HSat1B-HSat3-NONSAT-HSat3-NONSAT-HSat3-aSat-NONSAT-aSat-HSat3-NONSAT-UNK-NONSAT-aSat-HSat3-aSat-HSat3-NONSAT-HSat1A
NA20805_h1_chr14,NA20805,1,chr14,censat,5.648024,28,0,0.0,bSat-NONSAT-HSat3-bSat-NONSAT-HSat3-bSat-HSat3-NONSAT-HSat3-NONSAT-HSat3-aSat-HSat3-aSat-NONSAT-aSat-NONSAT
NA20805_h1_chr15,NA20805,1,chr15,censat,8.192011,29,0,0.0,rDNA-NONSAT-HSat3-bSat-NONSAT-HSat1B-HSat3-HSat1B-HSat3-aSat-HSat3-aSat-NONSAT-aSat-NONSAT-aSat-HSat3-aSat-NONSAT
NA20805_h2_chr22,NA20805,2,chr22,censat,10.261974,52,3,0.444867,NONSAT-UNK-NONSAT-bSat-HSat3-HSat1A-HSat3-NONSAT-UNK-NONSAT-rDNA-NONSAT-bSat-HSat3-NONSAT-HSat1B-HSat3-NONSAT-HSat3-bSat-HSat3-aSat-HSat3-NONSAT-bSat-NONSAT-aSat-HSat3-NONSAT-HSat3-NONSAT-HSat3-aSat-HSat3-aSat-NONSAT-aSat-NONSAT-aSat-NONSAT
NA20805_h2_chr14,NA20805,2,chr14,censat,6.361102,35,0,0.0,rDNA-NONSAT-HSat3-bSat-HSat3-HSat1B-NONSAT-HSat3-aSat-NONSAT-HSat3-aSat-NONSAT-aSat-HSat3-NONSAT-HSat3-aSat-HSat3-aSat-NONSAT-aSat-NONSAT
NA20805_h2_chr15,NA20805,2,chr15,censat,8.530878,27,0,0.0,rDNA-NONSAT-HSat3-bSat-NONSAT-HSat1B-HSat3-aSat-HSat3-aSat-NONSAT-aSat-NONSAT-aSat-HSat3-aSat-NONSAT
NA20805_h2_chr13,NA20805,2,chr13,censat,7.043423,40,3,0.336064,UNK-NONSAT-rDNA-NONSAT-bSat-NONSAT-HSat1B-HSat3-NONSAT-HSat3-NONSAT-HSat3-aSat-NONSAT-aSat-HSat3-NONSAT-UNK-NONSAT-aSat-HSat3-aSat-HSat3-NONSAT-HSat1A
NA20806_h1_chr13,NA20806,1,chr13,censat,9.796455,46,3,0.49887,NONSAT-UNK-NONSAT-bSat-HSat3-HSat1A-HSat3-NONSAT-UNK-NONSAT-rDNA-NONSAT-bSat-HSat3-NONSAT-HSat1B-HSat3-NONSAT-HSat3-NONSAT-HSat3-aSat-NONSAT-aSat-HSat3-NONSAT-UNK-NONSAT-aSat-HSat3-aSat-HSat3-NONSAT-HSat1A
NA20806_h1_chr21,NA20806,1,chr21,censat,7.537591,46,4,0.465025,NONSAT-UNK-NONSAT-bSat-HSat3-HSat1A-HSat3-NONSAT-UNK-NONSAT-rDNA-NONSAT-bSat-HSat3-NONSAT-HSat1B-HSat3-NONSAT-HSat3-NONSAT-HSat3-aSat-NONSAT-aSat-HSat3-NONSAT-UNK-NONSAT-aSat-HSat3-aSat-HSat3-NONSAT-HSat1A
NA20806_h1_chr22,NA20806,1,chr22,censat,11.251773,56,4,0.405179,NONSAT-UNK-NONSAT-bSat-HSat3-HSat1A-HSat3-NONSAT-UNK-NONSAT-UNK-NONSAT-rDNA-NONSAT-bSat-HSat3-NONSAT-HSat1B-HSat3-UNK-NONSAT-HSat3-bSat-HSat3-aSat-HSat3-NONSAT-bSat-NONSAT-aSat-HSat3-NONSAT-HSat3-NONSAT-HSat3-aSat-HSat3-aSat-NONSAT-aSat-NONSAT-aSat-NONSAT
NA20806_h1_chr15,NA20806,1,chr15,censat,8.123661,29,0,0.0,NONSAT-bSat-NONSAT-HSat1B-HSat3-aSat-HSat3-aSat-HSat3-aSat-NONSAT-aSat-NONSAT-aSat-HSat3-aSat-HSat3-aSat-NONSAT
NA20806_h1_chr14,NA20806,1,chr14,censat,7.543455,47,1,0.073692,NONSAT-bSat-NONSAT-HSat1B-HSat3-bSat-NONSAT-HSat3-bSat-HSat3-NONSAT-HSat3-aSat-HSat3-aSat-NONSAT-UNK-NONSAT-HSat3-aSat-NONSAT-aSat-HSat3-NONSAT-HSat3-aSat-HSat3-aSat-NONSAT-aSat-NONSAT
NA20806_h2_chr15,NA20806,2,chr15,censat,9.50944,40,3,0.330754,UNK-NONSAT-bSat-HSat3-HSat1A-HSat3-NONSAT-UNK-NONSAT-UNK-NONSAT-rDNA-NONSAT-bSat-NONSAT-HSat1B-HSat3-aSat-HSat3-aSat-NONSAT-aSat-NONSAT-aSat-HSat3-aSat-NONSAT
NA20806_h2_chr21,NA20806,2,chr21,censat,6.927076,40,3,0.358773,UNK-NONSAT-bSat-HSat3-HSat1A-HSat3-NONSAT-UNK-NONSAT-rDNA-NONSAT-bSat-HSat3-NONSAT-HSat3-NONSAT-HSat3-aSat-NONSAT-aSat-HSat3-NONSAT-aSat-HSat3-aSat-HSat3-NONSAT-HSat1A
NA20806_h2_chr22,NA20806,2,chr22,censat,6.121877,39,0,0.0,NONSAT-bSat-NONSAT-HSat1B-HSat3-NONSAT-HSat3-bSat-HSat3-NONSAT-bSat-NONSAT-aSat-HSat3-NONSAT-HSat3-NONSAT-HSat3-aSat-HSat3-aSat-NONSAT-aSat-NONSAT-aSat-NONSAT
NA20806_h2_chr13,NA20806,2,chr13,censat,5.839433,35,1,0.117517,rDNA-NONSAT-bSat-NONSAT-HSat1B-HSat3-NONSAT-HSat3-NONSAT-HSat3-aSat-NONSAT-aSat-HSat3-NONSAT-UNK-NONSAT-aSat-HSat3-aSat-HSat3-NONSAT-HSat1A
NA20806_h2_chr14,NA20806,2,chr14,censat,7.64433,47,0,0.0,rDNA-NONSAT-bSat-NONSAT-HSat1B-HSat3-bSat-NONSAT-HSat3-bSat-HSat3-NONSAT-HSat3-aSat-HSat3-aSat-NONSAT-HSat3-aSat-NONSAT-aSat-HSat3-NONSAT-HSat3-aSat-HSat3-aSat-NONSAT-aSat-NONSAT
NA20809_h1_chr14,NA20809,1,chr14,censat,5.794369,26,0,0.0,NONSAT-bSat-HSat3-NONSAT-HSat3-bSat-NONSAT-HSat3-bSat-HSat3-NONSAT-HSat3-NONSAT-HSat3-aSat-HSat3-aSat-NONSAT-aSat-NONSAT
NA20809_h1_chr15,NA20809,1,chr15,censat,4.666476,16,0,0.0,aSat-HSat3-aSat-NONSAT-aSat-NONSAT-aSat-HSat3-aSat-NONSAT
NA20809_h1_chr22,NA20809,1,chr22,censat,7.91005,47,2,0.16906,bSat-HSat3-HSat1A-HSat3-NONSAT-UNK-NONSAT-rDNA-NONSAT-bSat-HSat3-NONSAT-HSat1B-HSat3-UNK-NONSAT-HSat3-bSat-HSat3-NONSAT-bSat-NONSAT-aSat-HSat3-NONSAT-HSat3-NONSAT-HSat3-aSat-HSat3-aSat-NONSAT-aSat-NONSAT-aSat-NONSAT
NA20809_h1_chr21,NA20809,1,chr21,censat,3.968839,27,1,0.062448,HSat1B-HSat3-NONSAT-HSat3-NONSAT-HSat3-aSat-NONSAT-aSat-HSat3-NONSAT-UNK-NONSAT-aSat-HSat3-aSat-HSat3-NONSAT-HSat1A
NA20809_h2_chr14,NA20809,2,chr14,censat,6.063713,32,0,0.0,NONSAT-bSat-NONSAT-HSat1B-HSat3-bSat-NONSAT-HSat3-bSat-HSat3-NONSAT-HSat3-NONSAT-HSat3-aSat-HSat3-aSat-NONSAT-aSat-NONSAT
NA20809_h2_chr21,NA20809,2,chr21,censat,3.833839,26,1,0.054016,HSat3-NONSAT-HSat3-NONSAT-HSat3-aSat-NONSAT-aSat-HSat3-NONSAT-UNK-NONSAT-aSat-HSat3-aSat-HSat3-NONSAT-HSat1A
NA20809_h2_chr22,NA20809,2,chr22,censat,6.251054,37,0,0.0,rDNA-NONSAT-bSat-HSat3-NONSAT-HSat1B-HSat3-NONSAT-HSat3-bSat-HSat3-NONSAT-bSat-NONSAT-aSat-HSat3-NONSAT-HSat3-NONSAT-HSat3-aSat-HSat3-aSat-NONSAT-aSat-NONSAT-aSat-NONSAT
NA20827_h1_chr13,NA20827,1,chr13,censat,7.532,40,2,0.156784,UNK-NONSAT-bSat-HSat3-HSat1A-HSat3-NONSAT-UNK-NONSAT-rDNA-NONSAT-bSat-HSat3-NONSAT-HSat3-NONSAT-HSat3-aSat-NONSAT-aSat-HSat3-NONSAT-aSat-HSat3-aSat-HSat3-NONSAT-HSat1A
NA20827_h1_chr15,NA20827,1,chr15,censat,12.385692,33,1,0.397298,UNK-NONSAT-bSat-HSat3-HSat1A-HSat3-NONSAT-rDNA-NONSAT-bSat-HSat3-NONSAT-HSat1B-HSat3-aSat-HSat3-aSat-NONSAT-aSat-NONSAT-aSat-HSat3-aSat-NONSAT
NA20827_h1_chr21,NA20827,1,chr21,censat,8.736421,39,3,0.261471,UNK-NONSAT-bSat-HSat3-HSat1A-HSat3-NONSAT-UNK-NONSAT-HSat3-bSat-HSat3-HSat1B-NONSAT-HSat3-aSat-NONSAT-aSat-HSat3-NONSAT-UNK-NONSAT-aSat-HSat3-aSat-HSat3-NONSAT-HSat1A
NA20827_h1_chr22,NA20827,1,chr22,censat,6.332162,41,0,0.0,NONSAT-bSat-HSat3-NONSAT-HSat1B-HSat3-NONSAT-HSat3-bSat-HSat3-aSat-HSat3-NONSAT-bSat-NONSAT-aSat-HSat3-NONSAT-HSat3-HSat1A-NONSAT-HSat3-aSat-HSat3-aSat-NONSAT-aSat-NONSAT-aSat-NONSAT
NA20827_h1_chr14,NA20827,1,chr14,censat,8.178553,44,4,0.307494,UNK-NONSAT-bSat-HSat3-HSat1A-HSat3-NONSAT-UNK-NONSAT-UNK-NONSAT-rDNA-NONSAT-bSat-NONSAT-HSat3-UNK-HSat3-NONSAT-HSat3-NONSAT-HSat3-NONSAT-HSat3-aSat-HSat3-aSat-NONSAT-aSat-NONSAT
NA20827_h2_chr13,NA20827,2,chr13,censat,9.485603,47,3,0.238438,UNK-NONSAT-bSat-HSat3-HSat1A-HSat3-NONSAT-UNK-NONSAT-rDNA-NONSAT-rDNA-NONSAT-bSat-HSat3-NONSAT-HSat3-NONSAT-HSat3-HSat1B-NONSAT-HSat3-aSat-NONSAT-aSat-HSat3-NONSAT-UNK-NONSAT-aSat-HSat3-aSat-HSat3-NONSAT-HSat1A
NA20827_h2_chr14,NA20827,2,chr14,censat,12.335702,39,1,0.061612,HSat3-HSat1A-HSat3-NONSAT-UNK-NONSAT-rDNA-NONSAT-bSat-HSat3-NONSAT-HSat3-bSat-NONSAT-HSat3-bSat-HSat3-NONSAT-HSat3-NONSAT-HSat3-aSat-HSat3-aSat-NONSAT-aSat-NONSAT
NA20827_h2_chr15,NA20827,2,chr15,censat,12.373533,46,2,0.736658,UNK-NONSAT-bSat-HSat3-HSat1A-HSat3-NONSAT-UNK-NONSAT-rDNA-NONSAT-HSat3-bSat-NONSAT-HSat1B-HSat3-aSat-HSat3-aSat-NONSAT-aSat-HSat3-aSat-HSat3-aSat-NONSAT-aSat-NONSAT-aSat-HSat3-aSat-NONSAT
NA20827_h2_chr21,NA20827,2,chr21,censat,7.658105,45,4,0.427354,NONSAT-UNK-NONSAT-bSat-HSat3-HSat1A-HSat3-NONSAT-UNK-NONSAT-UNK-NONSAT-rDNA-NONSAT-bSat-HSat3-NONSAT-HSat3-NONSAT-HSat3-NONSAT-HSat3-aSat-NONSAT-aSat-HSat3-NONSAT-UNK-NONSAT-aSat-HSat3-aSat-HSat3-NONSAT-HSat1A
NA20827_h2_chr22,NA20827,2,chr22,censat,9.14575,50,4,0.508975,NONSAT-UNK-NONSAT-bSat-HSat3-HSat1A-HSat3-NONSAT-UNK-NONSAT-bSat-HSat3-NONSAT-HSat1B-HSat3-UNK-NONSAT-HSat3-bSat-HSat3-NONSAT-bSat-NONSAT-aSat-HSat3-NONSAT-HSat3-NONSAT-HSat3-aSat-HSat3-aSat-NONSAT-aSat-NONSAT-aSat-NONSAT
NA20850_h1_chr21,NA20850,1,chr21,censat,8.398509,45,4,0.446281,NONSAT-UNK-NONSAT-bSat-HSat3-HSat1A-HSat3-NONSAT-UNK-NONSAT-rDNA-NONSAT-HSat3-bSat-HSat3-HSat1B-NONSAT-HSat3-HSat1B-NONSAT-HSat3-aSat-NONSAT-aSat-HSat3-NONSAT-UNK-NONSAT-aSat-HSat3-aSat-HSat3-NONSAT-HSat1A
NA20850_h1_chr14,NA20850,1,chr14,censat,5.365374,29,1,0.069396,rDNA-NONSAT-bSat-NONSAT-HSat1B-HSat3-UNK-HSat3-NONSAT-HSat3-NONSAT-HSat3-NONSAT-HSat3-aSat-HSat3-aSat-NONSAT-aSat-NONSAT
NA20850_h1_chr15,NA20850,1,chr15,censat,7.637928,34,0,0.0,NONSAT-bSat-NONSAT-HSat1B-HSat3-aSat-HSat3-aSat-NONSAT-aSat-HSat3-aSat-HSat3-aSat-NONSAT-aSat-NONSAT-aSat-HSat3-aSat-NONSAT
NA20850_h1_chr13,NA20850,1,chr13,censat,6.529899,33,2,0.161844,NONSAT-bSat-HSat3-NONSAT-HSat1B-HSat3-NONSAT-HSat3-NONSAT-HSat3-aSat-NONSAT-aSat-HSat3-NONSAT-aSat-HSat3-aSat-UNK-aSat-UNK-NONSAT-HSat1A
NA20850_h2_chr22,NA20850,2,chr22,censat,9.163829,55,4,0.553456,NONSAT-UNK-NONSAT-bSat-HSat3-HSat1A-HSat3-NONSAT-UNK-NONSAT-rDNA-NONSAT-HSat3-bSat-NONSAT-HSat1B-HSat3-UNK-NONSAT-HSat3-bSat-HSat3-NONSAT-bSat-NONSAT-aSat-HSat3-NONSAT-HSat3-NONSAT-HSat3-aSat-HSat3-aSat-NONSAT-aSat-NONSAT-aSat-NONSAT
NA20850_h2_chr21,NA20850,2,chr21,censat,4.979518,30,0,0.0,rDNA-NONSAT-bSat-HSat3-NONSAT-HSat1B-HSat3-NONSAT-HSat3-NONSAT-HSat3-aSat-NONSAT-aSat-HSat3-NONSAT-aSat-HSat3-aSat-HSat3-NONSAT
NA20850_h2_chr15,NA20850,2,chr15,censat,9.215843,29,0,0.0,rDNA-NONSAT-HSat3-bSat-NONSAT-HSat1B-HSat3-HSat1B-HSat3-aSat-HSat3-aSat-NONSAT-aSat-NONSAT-aSat-HSat3-aSat-NONSAT
NA20850_h2_chr13,NA20850,2,chr13,censat,6.184758,32,0,0.0,rDNA-NONSAT-HSat3-bSat-HSat3-NONSAT-HSat3-HSat1B-NONSAT-HSat3-aSat-NONSAT-aSat-HSat3-NONSAT-aSat-HSat3-aSat-HSat3-NONSAT-HSat1A
NA20850_h2_chr14,NA20850,2,chr14,censat,7.639139,47,1,0.065244,NONSAT-bSat-NONSAT-HSat1B-HSat3-bSat-NONSAT-HSat3-bSat-HSat3-NONSAT-HSat3-aSat-HSat3-aSat-NONSAT-UNK-NONSAT-HSat3-aSat-NONSAT-aSat-HSat3-NONSAT-HSat3-aSat-HSat3-aSat-NONSAT-aSat-NONSAT
NA20870_h1_chr15,NA20870,1,chr15,censat,11.082246,49,1,0.126589,NONSAT-bSat-HSat3-HSat1A-HSat3-NONSAT-UNK-NONSAT-rDNA-NONSAT-bSat-NONSAT-HSat1B-HSat3-aSat-HSat3-aSat-NONSAT-aSat-HSat3-aSat-HSat3-aSat-NONSAT-aSat-NONSAT-aSat-HSat3-aSat-HSat3-aSat-NONSAT
NA20870_h1_chr13,NA20870,1,chr13,censat,5.867222,35,1,0.110409,NONSAT-bSat-NONSAT-HSat1B-HSat3-NONSAT-HSat3-NONSAT-HSat3-aSat-NONSAT-aSat-HSat3-NONSAT-UNK-NONSAT-aSat-HSat3-aSat-HSat3-NONSAT-HSat1A
NA20870_h1_chr14,NA20870,1,chr14,censat,7.466739,47,1,0.077918,rDNA-NONSAT-bSat-NONSAT-HSat1B-HSat3-bSat-NONSAT-HSat3-bSat-HSat3-NONSAT-HSat3-aSat-HSat3-aSat-NONSAT-UNK-NONSAT-HSat3-aSat-NONSAT-aSat-HSat3-NONSAT-HSat3-aSat-HSat3-aSat-NONSAT-aSat-NONSAT
NA20870_h1_chr22,NA20870,1,chr22,censat,7.578474,40,0,0.0,rDNA-NONSAT-bSat-HSat3-NONSAT-HSat1B-HSat3-NONSAT-HSat3-bSat-HSat3-aSat-HSat3-NONSAT-bSat-NONSAT-aSat-HSat3-NONSAT-HSat3-NONSAT-HSat3-aSat-HSat3-aSat-NONSAT-aSat-NONSAT-aSat-NONSAT
NA20870_h2_chr15,NA20870,2,chr15,censat,11.172174,27,0,0.0,rDNA-NONSAT-bSat-NONSAT-HSat1B-HSat3-aSat-HSat3-aSat-NONSAT-aSat-NONSAT-aSat-HSat3-aSat-NONSAT
NA20870_h2_chr14,NA20870,2,chr14,censat,6.362072,36,1,0.077893,NONSAT-rDNA-NONSAT-bSat-HSat3-NONSAT-HSat1B-HSat3-NONSAT-HSat3-aSat-NONSAT-UNK-NONSAT-HSat3-aSat-NONSAT-aSat-HSat3-NONSAT-HSat3-aSat-HSat3-aSat-NONSAT-aSat-NONSAT
NA20905_h1_chr21,NA20905,1,chr21,censat,4.937557,32,1,0.055423,rDNA-NONSAT-bSat-HSat3-NONSAT-HSat1B-HSat3-NONSAT-HSat3-NONSAT-HSat3-aSat-NONSAT-aSat-HSat3-NONSAT-UNK-NONSAT-aSat-HSat3-aSat-HSat3-NONSAT-HSat1A
NA20905_h1_chr13,NA20905,1,chr13,censat,5.411957,29,1,0.055426,rDNA-NONSAT-HSat3-bSat-HSat3-NONSAT-HSat3-aSat-NONSAT-aSat-HSat3-NONSAT-UNK-NONSAT-aSat-HSat3-aSat-HSat3-NONSAT-HSat1A
NA20905_h1_chr15,NA20905,1,chr15,censat,7.796722,27,0,0.0,rDNA-NONSAT-bSat-NONSAT-HSat1B-HSat3-aSat-HSat3-aSat-NONSAT-aSat-NONSAT-aSat-HSat3-aSat-NONSAT
NA20905_h1_chr22,NA20905,1,chr22,censat,6.552623,43,0,0.0,rDNA-NONSAT-bSat-HSat3-NONSAT-HSat1B-HSat3-NONSAT-HSat3-bSat-HSat3-aSat-HSat3-NONSAT-bSat-NONSAT-aSat-HSat3-NONSAT-HSat3-HSat1A-NONSAT-HSat3-aSat-HSat3-aSat-NONSAT-aSat-NONSAT-aSat-NONSAT
NA20905_h1_chr14,NA20905,1,chr14,censat,6.413288,37,1,0.08922,rDNA-NONSAT-HSat3-bSat-HSat3-HSat1B-NONSAT-HSat3-aSat-NONSAT-UNK-NONSAT-HSat3-aSat-NONSAT-aSat-HSat3-NONSAT-HSat3-aSat-HSat3-aSat-NONSAT-aSat-NONSAT
NA20905_h2_chr21,NA20905,2,chr21,censat,7.155901,42,3,0.545247,NONSAT-UNK-NONSAT-bSat-HSat3-HSat1A-HSat3-NONSAT-UNK-NONSAT-rDNA-NONSAT-bSat-HSat3-NONSAT-HSat1B-HSat3-NONSAT-HSat3-NONSAT-HSat3-aSat-NONSAT-aSat-HSat3-NONSAT-UNK-NONSAT-aSat-HSat3-aSat-HSat3-NONSAT
NA20905_h2_chr22,NA20905,2,chr22,censat,9.387231,51,4,0.41007,UNK-NONSAT-bSat-HSat3-HSat1A-HSat3-NONSAT-UNK-NONSAT-rDNA-NONSAT-bSat-HSat3-NONSAT-HSat1B-HSat3-UNK-NONSAT-HSat3-bSat-HSat3-NONSAT-bSat-NONSAT-aSat-HSat3-NONSAT-HSat3-NONSAT-HSat3-aSat-HSat3-aSat-NONSAT-aSat-NONSAT-aSat-NONSAT
NA20905_h2_chr15,NA20905,2,chr15,censat,7.453388,27,0,0.0,rDNA-NONSAT-bSat-NONSAT-HSat1B-HSat3-aSat-HSat3-aSat-NONSAT-aSat-NONSAT-aSat-HSat3-aSat-HSat3-aSat-NONSAT
NA20905_h2_chr14,NA20905,2,chr14,censat,6.348806,36,1,0.076527,NONSAT-HSat3-bSat-HSat3-HSat1B-NONSAT-HSat3-aSat-NONSAT-UNK-NONSAT-HSat3-aSat-NONSAT-aSat-HSat3-NONSAT-HSat3-aSat-HSat3-aSat-NONSAT-aSat-NONSAT
NA20905_h2_chr13,NA20905,2,chr13,censat,6.131703,29,0,0.0,rDNA-NONSAT-HSat3-bSat-HSat3-HSat1B-NONSAT-HSat3-aSat-NONSAT-aSat-HSat3-NONSAT-aSat-HSat3-aSat-HSat3-NONSAT-HSat1A
NA21093_h1_chr15,NA21093,1,chr15,censat,10.967849,31,0,0.0,bSat-NONSAT-HSat1B-HSat3-aSat-HSat3-aSat-NONSAT-aSat-HSat3-aSat-HSat3-aSat-NONSAT-aSat-NONSAT-aSat-HSat3-aSat-NONSAT
NA21093_h1_chr13,NA21093,1,chr13,censat,6.065998,33,0,0.0,rDNA-NONSAT-bSat-NONSAT-HSat1B-HSat3-NONSAT-HSat3-aSat-NONSAT-aSat-HSat3-NONSAT-aSat-HSat3-aSat-HSat3-NONSAT-HSat1A
NA21093_h1_chr21,NA21093,1,chr21,censat,4.943569,31,1,0.068088,rDNA-NONSAT-bSat-HSat3-NONSAT-HSat1B-HSat3-NONSAT-HSat3-NONSAT-HSat3-aSat-NONSAT-aSat-HSat3-NONSAT-UNK-NONSAT-aSat-HSat3-aSat-HSat3-NONSAT
NA21093_h1_chr14,NA21093,1,chr14,censat,7.860839,43,1,0.069418,rDNA-NONSAT-bSat-NONSAT-HSat1B-HSat3-UNK-HSat3-NONSAT-HSat3-NONSAT-HSat3-aSat-NONSAT-HSat3-aSat-NONSAT-aSat-HSat3-NONSAT-HSat3-aSat-HSat3-aSat-NONSAT-aSat-NONSAT
NA21093_h2_chr21,NA21093,2,chr21,censat,7.913876,43,3,0.478429,UNK-NONSAT-bSat-HSat3-HSat1A-HSat3-NONSAT-UNK-NONSAT-rDNA-NONSAT-bSat-HSat3-NONSAT-HSat1B-HSat3-NONSAT-HSat3-NONSAT-HSat3-aSat-NONSAT-aSat-HSat3-NONSAT-UNK-NONSAT-aSat-HSat3-aSat-HSat3-NONSAT
NA21093_h2_chr13,NA21093,2,chr13,censat,3.226499,21,0,0.0,NONSAT-HSat3-aSat-NONSAT-aSat-HSat3-NONSAT-aSat-HSat3-aSat-HSat3-NONSAT-HSat1A
NA21093_h2_chr22,NA21093,2,chr22,censat,9.359373,51,3,0.364403,UNK-NONSAT-bSat-HSat3-HSat1A-HSat3-NONSAT-UNK-NONSAT-rDNA-NONSAT-bSat-HSat3-NONSAT-HSat1B-HSat3-NONSAT-HSat3-bSat-HSat3-aSat-HSat3-NONSAT-bSat-NONSAT-aSat-HSat3-NONSAT-HSat3-NONSAT-HSat3-aSat-HSat3-aSat-NONSAT-aSat-NONSAT-aSat-NONSAT
NA21093_h2_chr14,NA21093,2,chr14,censat,5.744423,27,0,0.0,rDNA-NONSAT-bSat-HSat3-NONSAT-HSat3-bSat-NONSAT-HSat3-bSat-HSat3-NONSAT-HSat3-NONSAT-HSat3-aSat-HSat3-aSat-NONSAT-aSat-NONSAT
NA21093_h2_chr15,NA21093,2,chr15,censat,6.343516,25,0,0.0,NONSAT-bSat-NONSAT-HSat1B-HSat3-aSat-HSat3-aSat-NONSAT-aSat-NONSAT-aSat-HSat3-aSat-NONSAT
NA21102_h1_chr14,NA21102,1,chr14,censat,6.616572,37,1,0.075097,rDNA-HSat3-HSat1B-NONSAT-HSat3-NONSAT-HSat3-NONSAT-HSat3-aSat-HSat3-aSat-NONSAT-UNK-NONSAT-HSat3-aSat-NONSAT-aSat-HSat3-NONSAT-HSat3-aSat-HSat3-aSat-NONSAT-aSat-NONSAT
NA21102_h1_chr15,NA21102,1,chr15,censat,5.224301,26,0,0.0,rDNA-NONSAT-bSat-NONSAT-HSat1B-HSat3-aSat-HSat3-aSat-NONSAT-aSat-NONSAT-aSat-HSat3-aSat-NONSAT
NA21102_h1_chr21,NA21102,1,chr21,censat,4.847565,32,1,0.05402,rDNA-NONSAT-bSat-HSat3-NONSAT-HSat1B-HSat3-NONSAT-HSat3-NONSAT-HSat3-aSat-NONSAT-aSat-HSat3-NONSAT-UNK-NONSAT-aSat-HSat3-aSat-HSat3-NONSAT-HSat1A
NA21102_h1_chr22,NA21102,1,chr22,censat,6.313904,37,1,0.0756,rDNA-NONSAT-bSat-HSat3-NONSAT-HSat1B-HSat3-UNK-NONSAT-HSat3-bSat-HSat3-NONSAT-bSat-NONSAT-aSat-HSat3-NONSAT-HSat3-NONSAT-HSat3-aSat-HSat3-aSat-NONSAT
NA21102_h2_chr14,NA21102,2,chr14,censat,9.200519,50,4,0.419138,UNK-NONSAT-bSat-HSat3-HSat1A-HSat3-NONSAT-UNK-NONSAT-UNK-NONSAT-rDNA-HSat3-HSat1B-NONSAT-HSat3-NONSAT-HSat3-aSat-NONSAT-UNK-NONSAT-HSat3-aSat-NONSAT-aSat-HSat3-NONSAT-HSat3-aSat-HSat3-aSat-NONSAT-aSat-NONSAT
NA21102_h2_chr21,NA21102,2,chr21,censat,8.864637,47,5,0.532306,UNK-NONSAT-bSat-HSat3-HSat1A-HSat3-NONSAT-UNK-NONSAT-UNK-NONSAT-UNK-NONSAT-rDNA-NONSAT-HSat3-bSat-HSat3-NONSAT-HSat3-NONSAT-HSat3-aSat-NONSAT-aSat-HSat3-NONSAT-UNK-NONSAT-aSat-HSat3-aSat-HSat3-NONSAT
NA21102_h2_chr22,NA21102,2,chr22,censat,10.184399,53,4,0.518081,UNK-NONSAT-bSat-HSat3-HSat1A-HSat3-NONSAT-UNK-NONSAT-UNK-NONSAT-rDNA-NONSAT-bSat-HSat3-NONSAT-HSat1B-HSat3-UNK-NONSAT-HSat3-bSat-HSat3-NONSAT-bSat-NONSAT-aSat-HSat3-NONSAT-HSat3-NONSAT-HSat3-aSat-HSat3-aSat-NONSAT-aSat-NONSAT-aSat-NONSAT
NA21102_h2_chr15,NA21102,2,chr15,censat,4.845677,24,0,0.0,aSat-HSat3-aSat-NONSAT-aSat-HSat3-aSat-HSat3-aSat-NONSAT-aSat-NONSAT-aSat-HSat3-aSat-NONSAT
NA21106_h1_chr15,NA21106,1,chr15,censat,11.157937,37,2,0.460972,UNK-NONSAT-bSat-HSat3-HSat1A-HSat3-NONSAT-UNK-NONSAT-bSat-NONSAT-HSat1B-HSat3-aSat-HSat3-aSat-NONSAT-aSat-NONSAT-aSat-HSat3-aSat-HSat3-NONSAT
NA21106_h1_chr14,NA21106,1,chr14,censat,6.786916,37,1,0.084962,rDNA-NONSAT-bSat-NONSAT-HSat1B-HSat3-NONSAT-HSat3-aSat-NONSAT-UNK-NONSAT-HSat3-aSat-NONSAT-aSat-HSat3-NONSAT-HSat3-aSat-HSat3-aSat-NONSAT-aSat-NONSAT
NA21106_h1_chr22,NA21106,1,chr22,censat,6.336974,40,0,0.0,rDNA-NONSAT-bSat-HSat3-NONSAT-HSat1B-HSat3-NONSAT-HSat3-bSat-HSat3-aSat-HSat3-NONSAT-bSat-NONSAT-aSat-HSat3-NONSAT-HSat3-HSat1A-NONSAT-HSat3-aSat-HSat3-aSat-NONSAT
NA21106_h2_chr13,NA21106,2,chr13,censat,5.320389,32,1,0.083601,rDNA-NONSAT-bSat-NONSAT-HSat1B-HSat3-NONSAT-HSat3-aSat-NONSAT-aSat-HSat3-NONSAT-UNK-NONSAT-aSat-HSat3-aSat-HSat3-NONSAT-HSat1A
NA21106_h2_chr14,NA21106,2,chr14,censat,9.438388,46,3,0.331717,UNK-NONSAT-bSat-HSat3-HSat1A-NONSAT-UNK-NONSAT-rDNA-HSat3-NONSAT-HSat3-NONSAT-HSat3-aSat-HSat3-aSat-NONSAT-UNK-NONSAT-HSat3-aSat-NONSAT-aSat-HSat3-NONSAT-HSat3-aSat-HSat3-aSat-NONSAT-aSat-NONSAT
NA21106_h2_chr15,NA21106,2,chr15,censat,5.155608,17,0,0.0,aSat-HSat3-aSat-NONSAT-aSat-NONSAT-aSat-HSat3-aSat-HSat3-aSat-NONSAT
NA21106_h2_chr21,NA21106,2,chr21,censat,6.096752,34,1,0.07233,rDNA-NONSAT-HSat3-bSat-HSat3-NONSAT-HSat3-NONSAT-HSat3-NONSAT-HSat3-aSat-NONSAT-aSat-HSat3-NONSAT-UNK-NONSAT-aSat-HSat3-aSat-HSat3-NONSAT-HSat1A
NA21106_h2_chr22,NA21106,2,chr22,censat,5.584503,34,0,0.0,NONSAT-HSat3-bSat-HSat3-aSat-HSat3-NONSAT-bSat-NONSAT-aSat-HSat3-NONSAT-HSat3-NONSAT-HSat3-aSat-HSat3-aSat-NONSAT-aSat-NONSAT-aSat-NONSAT
NA21110_h1_chr15,NA21110,1,chr15,censat,8.393731,25,0,0.0,rDNA-NONSAT-bSat-HSat3-NONSAT-HSat1B-HSat3-HSat1B-HSat3-aSat-HSat3-aSat-NONSAT-aSat-NONSAT-aSat-HSat3-aSat-NONSAT
NA21110_h1_chr13,NA21110,1,chr13,censat,6.116327,32,0,0.0,rDNA-NONSAT-bSat-HSat3-NONSAT-HSat1B-HSat3-NONSAT-HSat3-NONSAT-HSat3-aSat-NONSAT-aSat-HSat3-NONSAT-aSat-HSat3-aSat-HSat3-NONSAT-HSat1A
NA21110_h1_chr21,NA21110,1,chr21,censat,4.956368,30,1,0.051204,rDNA-NONSAT-bSat-HSat3-NONSAT-HSat3-NONSAT-HSat3-NONSAT-HSat3-aSat-NONSAT-aSat-HSat3-NONSAT-UNK-NONSAT-aSat-HSat3-aSat-HSat3-NONSAT
NA21110_h1_chr22,NA21110,1,chr22,censat,7.175731,42,1,0.056655,rDNA-NONSAT-HSat3-bSat-NONSAT-HSat1B-HSat3-UNK-NONSAT-HSat3-bSat-HSat3-NONSAT-bSat-NONSAT-aSat-HSat3-NONSAT-HSat3-NONSAT-HSat3-aSat-HSat3-aSat-NONSAT-aSat-NONSAT-aSat-NONSAT
NA21110_h1_chr14,NA21110,1,chr14,censat,7.232992,43,2,0.415618,HSat1A-HSat3-NONSAT-UNK-NONSAT-rDNA-HSat3-HSat1B-NONSAT-HSat3-NONSAT-HSat3-aSat-HSat3-aSat-NONSAT-UNK-NONSAT-HSat3-aSat-NONSAT-aSat-HSat3-NONSAT-HSat3-aSat-HSat3-aSat-NONSAT-aSat-NONSAT
NA21110_h2_chr15,NA21110,2,chr15,censat,11.49367,39,1,0.0646,NONSAT-UNK-NONSAT-bSat-HSat3-HSat1A-HSat3-NONSAT-HSat3-bSat-NONSAT-HSat1B-HSat3-HSat1B-HSat3-aSat-HSat3-aSat-NONSAT-aSat-NONSAT-aSat-HSat3-aSat-NONSAT
NA21110_h2_chr13,NA21110,2,chr13,censat,7.005051,34,1,0.13579,rDNA-NONSAT-bSat-NONSAT-HSat3-NONSAT-HSat3-NONSAT-HSat3-aSat-NONSAT-aSat-HSat3-NONSAT-UNK-NONSAT-aSat-HSat3-aSat-HSat3-NONSAT-HSat1A
NA21110_h2_chr21,NA21110,2,chr21,censat,5.645794,32,1,0.061034,rDNA-NONSAT-HSat3-bSat-HSat3-NONSAT-HSat3-NONSAT-HSat3-aSat-NONSAT-aSat-HSat3-NONSAT-UNK-NONSAT-aSat-HSat3-aSat-HSat3-NONSAT
NA21110_h2_chr14,NA21110,2,chr14,censat,6.034556,30,0,0.0,rDNA-NONSAT-bSat-NONSAT-HSat3-bSat-NONSAT-HSat3-bSat-HSat3-NONSAT-HSat3-NONSAT-HSat3-aSat-HSat3-aSat-NONSAT-aSat-NONSAT
NA21144_h1_chr21,NA21144,1,chr21,censat,4.805574,31,1,0.070904,rDNA-NONSAT-bSat-HSat3-NONSAT-HSat3-NONSAT-HSat3-NONSAT-HSat3-aSat-NONSAT-aSat-HSat3-NONSAT-UNK-NONSAT-aSat-HSat3-aSat-HSat3-NONSAT-HSat1A
NA21144_h1_chr13,NA21144,1,chr13,censat,5.976211,32,0,0.0,rDNA-NONSAT-bSat-HSat3-NONSAT-HSat1B-HSat3-NONSAT-HSat3-NONSAT-HSat3-aSat-NONSAT-aSat-HSat3-NONSAT-aSat-HSat3-aSat-HSat3-NONSAT-HSat1A
NA21144_h1_chr14,NA21144,1,chr14,censat,6.632509,37,1,0.069413,rDNA-NONSAT-bSat-NONSAT-HSat1B-HSat3-NONSAT-HSat3-aSat-NONSAT-UNK-NONSAT-HSat3-aSat-NONSAT-aSat-HSat3-NONSAT-HSat3-aSat-HSat3-aSat-NONSAT-aSat-NONSAT
NA21144_h1_chr22,NA21144,1,chr22,censat,8.28257,41,2,0.147927,HSat3-NONSAT-UNK-NONSAT-UNK-NONSAT-rDNA-NONSAT-bSat-HSat3-NONSAT-HSat1B-HSat3-NONSAT-HSat3-bSat-HSat3-aSat-HSat3-NONSAT-HSat3-HSat1A-NONSAT-HSat3-aSat-HSat3-aSat-NONSAT-aSat-NONSAT-aSat-NONSAT
NA21144_h2_chr14,NA21144,2,chr14,censat,8.029285,45,1,0.096179,rDNA-NONSAT-bSat-HSat3-NONSAT-HSat1B-HSat3-bSat-NONSAT-HSat3-bSat-HSat3-NONSAT-HSat3-aSat-HSat3-aSat-NONSAT-UNK-NONSAT-HSat3-aSat-NONSAT-aSat-HSat3-NONSAT-HSat3-aSat-HSat3-aSat-NONSAT-aSat-NONSAT
NA21144_h2_chr22,NA21144,2,chr22,censat,6.513164,42,1,0.056655,rDNA-NONSAT-HSat3-bSat-NONSAT-HSat1B-HSat3-UNK-NONSAT-HSat3-bSat-HSat3-NONSAT-bSat-NONSAT-aSat-HSat3-NONSAT-HSat3-NONSAT-HSat3-aSat-HSat3-aSat-NONSAT-aSat-NONSAT-aSat-NONSAT
NA21144_h2_chr13,NA21144,2,chr13,censat,6.358945,33,1,0.083618,rDNA-NONSAT-bSat-HSat3-NONSAT-HSat1B-HSat3-NONSAT-HSat3-NONSAT-HSat3-aSat-NONSAT-aSat-HSat3-NONSAT-UNK-NONSAT-aSat-HSat3-aSat-HSat3-NONSAT-HSat1A
NA21144_h2_chr21,NA21144,2,chr21,censat,4.298596,28,1,0.055413,rDNA-NONSAT-bSat-HSat3-NONSAT-HSat3-NONSAT-HSat3-aSat-NONSAT-aSat-HSat3-NONSAT-UNK-NONSAT-aSat-HSat3-aSat-HSat3-NONSAT-HSat1A
