chrom,ident
chr21,0.7727
chr21,0.7273
chr21,0.7826
chr21,0.913
chr21,0.8571
chr21,0.8571
chr21,0.913
chr21,0.913
chr21,0.913
chr21,0.9091
chr21,0.7895
chr21,0.913
chr21,0.9091
chr21,0.7826
chr21,1.0
chr21,0.8696
chr21,0.7273
chr21,0.7826
chr21,0.8696
chr21,0.6957
chr21,0.8095
chr21,0.7368
chr21,0.7727
chr21,0.913
chr21,0.913
chr21,0.9091
chr21,0.8261
chr21,0.8571
chr21,0.8696
chr21,0.8696
chr21,0.8696
chr21,0.7826
chr21,0.913
chr21,0.913
chr21,0.7143
chr21,1.0
chr21,0.913
chr21,0.9091
chr21,0.8696
chr21,1.0
chr21,0.8235
chr21,0.75
chr21,1.0
chr21,0.913
chr21,0.75
chr21,0.913
chr21,0.913
chr21,0.8947
chr21,0.913
chr21,0.8696
chr21,0.913
chr21,0.913
chr21,0.9
chr21,0.8095
chr21,0.8947
chr21,0.85
chr21,0.8333
chr21,0.8095
chr21,0.9091
chr21,0.8095
chr21,0.9091
chr21,0.8182
chr21,0.7143
chr21,0.8182
chr21,0.8182
chr21,0.8182
chr21,0.8182
chr21,0.8095
chr21,0.8095
chr21,0.8182
chr21,0.8095
chr21,0.9091
chr21,0.75
chr21,0.8182
chr21,0.8095
chr21,0.9091
chr21,0.8182
chr21,0.7727
chr21,0.8636
chr21,0.8571
chr21,0.9048
chr21,0.8182
chr21,0.8182
chr21,0.8095
chr21,0.8696
chr21,0.8095
chr21,0.8182
chr21,0.8182
chr21,0.8182
chr21,0.9091
chr21,0.8182
chr21,0.8182
chr21,0.8636
chr21,0.7619
chr21,0.8182
chr21,0.8095
chr21,0.8182
chr21,0.7619
chr21,0.8824
chr21,0.8182
chr21,0.7619
chr21,0.913
chr21,0.8182
chr21,0.8182
chr21,0.8095
chr21,0.8182
chr21,0.8182
chr21,0.8182
chr21,0.8182
chr21,0.65
chr21,0.9091
chr21,0.8947
chr21,0.9
chr21,0.8889
chr21,0.8636
chr21,0.8095
chr21,0.7407
chr21,0.7826
chr21,0.6552
chr21,0.9
chr21,0.7826
chr21,0.7826
chr21,0.7826
chr21,0.8438
chr21,0.85
chr21,0.8182
chr21,0.8182
chr21,0.7333
chr21,0.6957
chr21,0.8667
chr21,1.0
chr21,0.9048
chr21,0.8182
chr21,0.8929
chr21,0.9
chr21,0.9474
chr21,0.9048
chr21,0.7826
chr21,0.8438
chr21,0.7826
chr21,0.875
chr21,0.8621
chr21,0.8182
chr21,0.8182
chr21,0.8182
chr21,0.8438
chr21,0.7826
chr21,0.95
chr21,0.6957
chr21,0.7826
chr21,0.8438
chr21,0.8182
chr21,0.6957
chr21,0.8824
chr21,1.0
chr21,0.6957
chr21,0.7826
chr21,0.875
chr21,0.7826
chr21,0.7826
chr21,0.8
chr21,0.7826
chr21,0.8182
chr21,0.7826
chr21,0.7826
chr21,0.6667
chr21,0.9
chr21,0.8889
chr21,0.7586
chr21,0.8824
chr21,0.9
chr21,0.7826
chr21,0.8333
chr21,0.7143
chr21,0.8571
chr21,0.8333
chr21,0.8333
chr21,0.8333
chr21,0.8148
chr21,0.7727
chr21,0.8696
chr21,0.8636
chr21,0.9643
chr21,0.7391
chr21,0.7857
chr21,0.7407
chr21,0.9545
chr21,0.7857
chr21,0.7586
chr21,0.9048
chr21,0.8
chr21,0.9524
chr21,0.8333
chr21,0.8214
chr21,0.8261
chr21,0.8214
chr21,0.7143
chr21,0.8696
chr21,0.8696
chr21,0.8696
chr21,1.0
chr21,0.8214
chr21,0.8333
chr21,0.8636
chr21,0.75
chr21,0.8333
chr21,0.8148
chr21,0.8696
chr21,0.75
chr21,0.9412
chr21,0.85
chr21,0.75
chr21,0.8333
chr21,0.7586
chr21,0.8333
chr21,0.8333
chr21,0.8095
chr21,0.8333
chr21,0.8696
chr21,0.8333
chr21,0.8333
chr21,0.6
chr21,1.0
chr21,0.9474
chr21,0.75
chr21,0.9444
chr21,0.9048
chr21,0.8261
chr21,0.75
chr21,0.9524
chr21,1.0
chr21,1.0
chr21,1.0
chr21,1.0
chr21,0.7143
chr21,1.0
chr21,1.0
chr21,0.8333
chr21,0.913
chr21,0.9583
chr21,0.7826
chr21,0.875
chr21,0.9583
chr21,0.75
chr21,0.9048
chr21,0.8
chr21,0.8696
chr21,1.0
chr21,1.0
chr21,1.0
chr21,0.92
chr21,0.7917
chr21,0.9583
chr21,0.9583
chr21,0.9583
chr21,0.8333
chr21,1.0
chr21,1.0
chr21,0.8095
chr21,0.9167
chr21,1.0
chr21,1.0
chr21,0.9583
chr21,0.9167
chr21,0.9412
chr21,0.85
chr21,0.9167
chr21,1.0
chr21,0.8462
chr21,1.0
chr21,1.0
chr21,0.8095
chr21,1.0
chr21,0.9583
chr21,1.0
chr21,1.0
chr21,0.8261
chr21,0.9048
chr21,1.0
chr21,0.7917
chr21,0.9444
chr21,0.9048
chr21,1.0
chr21,0.7619
chr21,0.75
chr21,0.75
chr21,0.75
chr21,0.6452
chr21,0.7778
chr21,0.7826
chr21,0.7826
chr21,0.7333
chr21,0.8182
chr21,0.6667
chr21,0.6552
chr21,0.7273
chr21,0.6667
chr21,0.6786
chr21,0.7619
chr21,0.7222
chr21,0.7273
chr21,0.75
chr21,0.7037
chr21,0.75
chr21,0.6667
chr21,0.7143
chr21,0.7273
chr21,0.7273
chr21,0.7273
chr21,0.7273
chr21,0.7037
chr21,0.75
chr21,0.7
chr21,0.8182
chr21,0.75
chr21,0.6452
chr21,0.7273
chr21,0.8182
chr21,0.7778
chr21,0.7368
chr21,0.8182
chr21,0.75
chr21,0.6061
chr21,0.75
chr21,0.8421
chr21,0.75
chr21,0.7273
chr21,0.75
chr21,0.75
chr21,0.7273
chr21,0.7619
chr21,0.7895
chr21,0.7143
chr21,0.7778
chr21,0.7619
chr21,0.75
chr21,0.9524
chr21,0.9524
chr21,0.9524
chr21,0.95
chr21,0.7727
chr21,0.9524
chr21,0.95
chr21,0.8571
chr21,0.85
chr21,0.9048
chr21,0.9
chr21,0.9091
chr21,0.9048
chr21,0.8095
chr21,0.9524
chr21,0.8571
chr21,0.9048
chr21,0.9524
chr21,0.9524
chr21,0.95
chr21,0.9048
chr21,0.8571
chr21,0.9048
chr21,0.9048
chr21,0.9048
chr21,0.8571
chr21,0.9524
chr21,0.9524
chr21,0.8636
chr21,0.8571
chr21,0.9524
chr21,0.95
chr21,0.9048
chr21,0.8571
chr21,0.9412
chr21,0.9048
chr21,0.8571
chr21,0.9524
chr21,0.8095
chr21,0.9524
chr21,0.9524
chr21,0.8571
chr21,0.9524
chr21,0.9048
chr21,0.9524
chr21,0.9524
chr21,0.75
chr21,0.9048
chr21,1.0
chr21,0.75
chr21,0.9444
chr21,0.9524
chr21,0.95
chr21,1.0
chr21,1.0
chr21,1.0
chr21,0.7143
chr21,1.0
chr21,1.0
chr21,0.8333
chr21,0.913
chr21,0.9583
chr21,0.7826
chr21,0.875
chr21,0.9583
chr21,0.75
chr21,0.9048
chr21,0.8
chr21,0.8696
chr21,1.0
chr21,1.0
chr21,1.0
chr21,0.92
chr21,0.7917
chr21,0.9583
chr21,0.9583
chr21,0.9583
chr21,0.8333
chr21,1.0
chr21,1.0
chr21,0.8095
chr21,0.9167
chr21,1.0
chr21,1.0
chr21,0.9583
chr21,0.9167
chr21,0.9412
chr21,0.85
chr21,0.9167
chr21,1.0
chr21,0.8462
chr21,1.0
chr21,1.0
chr21,0.8095
chr21,1.0
chr21,0.9583
chr21,1.0
chr21,1.0
chr21,0.8261
chr21,0.9048
chr21,1.0
chr21,0.7917
chr21,0.9444
chr21,0.9048
chr21,1.0
chr21,1.0
chr21,1.0
chr21,0.7143
chr21,1.0
chr21,1.0
chr21,0.8333
chr21,0.913
chr21,0.9583
chr21,0.7826
chr21,0.875
chr21,0.9583
chr21,0.75
chr21,0.9048
chr21,0.8
chr21,0.8696
chr21,1.0
chr21,1.0
chr21,1.0
chr21,0.92
chr21,0.7917
chr21,0.9583
chr21,0.9583
chr21,0.9583
chr21,0.8333
chr21,1.0
chr21,1.0
chr21,0.8095
chr21,0.9167
chr21,1.0
chr21,1.0
chr21,0.9583
chr21,0.9167
chr21,0.9412
chr21,0.85
chr21,1.0
chr21,0.8462
chr21,1.0
chr21,1.0
chr21,0.8095
chr21,1.0
chr21,0.9583
chr21,1.0
chr21,1.0
chr21,0.8261
chr21,0.9048
chr21,1.0
chr21,0.7917
chr21,0.9444
chr21,0.9048
chr21,1.0
chr21,1.0
chr21,0.7143
chr21,1.0
chr21,1.0
chr21,0.8333
chr21,0.913
chr21,0.9583
chr21,0.7826
chr21,0.875
chr21,0.9583
chr21,0.75
chr21,0.9048
chr21,0.8
chr21,0.8696
chr21,1.0
chr21,1.0
chr21,1.0
chr21,0.92
chr21,0.7917
chr21,0.9583
chr21,0.9583
chr21,0.9583
chr21,0.8333
chr21,1.0
chr21,1.0
chr21,0.8095
chr21,0.9167
chr21,1.0
chr21,1.0
chr21,0.9583
chr21,0.9167
chr21,0.9412
chr21,0.85
chr21,0.9167
chr21,1.0
chr21,0.8462
chr21,1.0
chr21,1.0
chr21,0.8095
chr21,1.0
chr21,0.9583
chr21,1.0
chr21,1.0
chr21,0.8261
chr21,0.9048
chr21,1.0
chr21,0.7917
chr21,0.9444
chr21,0.9048
chr21,1.0
chr21,0.7
chr21,1.0
chr21,1.0
chr21,0.7931
chr21,0.913
chr21,0.9677
chr21,0.8438
chr21,0.8571
chr21,0.9118
chr21,0.8125
chr21,0.9
chr21,0.7895
chr21,0.8571
chr21,1.0
chr21,1.0
chr21,0.9394
chr21,0.8438
chr21,0.9565
chr21,0.9565
chr21,0.9565
chr21,0.8649
chr21,1.0
chr21,1.0
chr21,0.8
chr21,0.913
chr21,1.0
chr21,1.0
chr21,0.9565
chr21,0.913
chr21,0.9412
chr21,0.8421
chr21,0.913
chr21,1.0
chr21,0.8824
chr21,1.0
chr21,1.0
chr21,0.8
chr21,1.0
chr21,0.9565
chr21,1.0
chr21,1.0
chr21,0.8261
chr21,0.9
chr21,1.0
chr21,0.7812
chr21,0.9412
chr21,0.9
chr21,1.0
chr21,0.7143
chr21,0.7
chr21,0.7727
chr21,0.7778
chr21,0.7619
chr21,0.85
chr21,0.8182
chr21,0.7619
chr21,0.7619
chr21,0.7727
chr21,0.85
chr21,0.8095
chr21,0.7143
chr21,0.7143
chr21,0.7
chr21,0.7619
chr21,0.85
chr21,0.7619
chr21,0.7619
chr21,0.7619
chr21,0.7727
chr21,0.7143
chr21,0.7143
chr21,0.9048
chr21,0.7895
chr21,0.7143
chr21,0.7
chr21,0.7619
chr21,0.75
chr21,0.8571
chr21,0.7895
chr21,0.7143
chr21,0.7619
chr21,0.7143
chr21,0.7143
chr21,0.85
chr21,0.7143
chr21,0.7619
chr21,0.7143
chr21,0.7143
chr21,0.6667
chr21,0.8095
chr21,0.7368
chr21,0.9
chr21,0.7222
chr21,0.7727
chr21,0.7
chr21,1.0
chr21,0.8696
chr21,0.9091
chr21,0.9565
chr21,0.8182
chr21,0.8696
chr21,0.9565
chr21,0.7826
chr21,0.9048
chr21,0.8
chr21,0.8636
chr21,1.0
chr21,1.0
chr21,1.0
chr21,0.913
chr21,0.7826
chr21,0.9565
chr21,0.9565
chr21,0.9565
chr21,0.8696
chr21,1.0
chr21,1.0
chr21,0.8095
chr21,0.913
chr21,1.0
chr21,1.0
chr21,0.9565
chr21,0.913
chr21,0.9412
chr21,0.85
chr21,0.913
chr21,1.0
chr21,0.8333
chr21,1.0
chr21,1.0
chr21,0.8095
chr21,1.0
chr21,0.9565
chr21,1.0
chr21,1.0
chr21,0.8182
chr21,0.9048
chr21,1.0
chr21,0.7727
chr21,0.9444
chr21,0.9048
chr21,1.0
chr21,0.8636
chr21,0.9091
chr21,0.9545
chr21,0.8182
chr21,0.8636
chr21,0.9545
chr21,0.7727
chr21,0.9
chr21,0.7895
chr21,0.8636
chr21,1.0
chr21,1.0
chr21,1.0
chr21,0.9091
chr21,0.7727
chr21,0.9545
chr21,0.9545
chr21,0.9545
chr21,0.8636
chr21,1.0
chr21,1.0
chr21,0.8
chr21,0.9091
chr21,1.0
chr21,1.0
chr21,0.9545
chr21,0.9091
chr21,0.9412
chr21,0.8421
chr21,0.9091
chr21,1.0
chr21,0.8261
chr21,1.0
chr21,1.0
chr21,0.8
chr21,1.0
chr21,0.9545
chr21,1.0
chr21,1.0
chr21,0.8182
chr21,0.9
chr21,1.0
chr21,0.7727
chr21,0.9412
chr21,0.9
chr21,1.0
chr21,0.7391
chr21,0.7667
chr21,0.7241
chr21,0.9545
chr21,0.7667
chr21,0.7143
chr21,0.9048
chr21,0.8
chr21,0.9524
chr21,0.8333
chr21,0.8
chr21,0.8261
chr21,0.8
chr21,0.7
chr21,0.8696
chr21,0.8696
chr21,0.8696
chr21,0.9667
chr21,0.8
chr21,0.8333
chr21,0.8636
chr21,0.75
chr21,0.8333
chr21,0.7931
chr21,0.8696
chr21,0.75
chr21,0.9412
chr21,0.85
chr21,0.75
chr21,0.8333
chr21,0.7667
chr21,0.8333
chr21,0.8333
chr21,0.8095
chr21,0.8333
chr21,0.8696
chr21,0.8333
chr21,0.8333
chr21,0.6
chr21,1.0
chr21,0.9474
chr21,0.6897
chr21,0.9444
chr21,0.9048
chr21,0.8261
chr21,0.8696
chr21,0.6957
chr21,0.7826
chr21,0.8696
chr21,0.6522
chr21,0.8
chr21,0.7222
chr21,0.7826
chr21,0.913
chr21,0.913
chr21,0.913
chr21,0.8333
chr21,0.8571
chr21,0.8696
chr21,0.8696
chr21,0.7391
chr21,0.913
chr21,0.913
chr21,0.7
chr21,1.0
chr21,0.913
chr21,0.913
chr21,0.8696
chr21,1.0
chr21,0.8235
chr21,0.7368
chr21,1.0
chr21,0.913
chr21,0.76
chr21,0.913
chr21,0.913
chr21,0.8889
chr21,0.913
chr21,0.8696
chr21,0.913
chr21,0.913
chr21,0.9048
chr21,0.8
chr21,0.8889
chr21,0.8636
chr21,0.8235
chr21,0.8
chr21,0.913
chr21,0.8667
chr21,0.913
chr21,0.9394
chr21,0.8065
chr21,0.9048
chr21,0.85
chr21,0.9091
chr21,0.9583
chr21,0.9688
chr21,0.9565
chr21,0.9688
chr21,0.871
chr21,1.0
chr21,1.0
chr21,1.0
chr21,0.8378
chr21,0.9688
chr21,0.9583
chr21,0.8571
chr21,0.875
chr21,0.9583
chr21,0.9677
chr21,1.0
chr21,0.875
chr21,0.9412
chr21,0.9
chr21,0.875
chr21,0.9583
chr21,0.8788
chr21,0.9583
chr21,0.9583
chr21,0.8095
chr21,0.9583
chr21,1.0
chr21,0.9583
chr21,0.7826
chr21,0.9048
chr21,0.9474
chr21,0.7667
chr21,0.9444
chr21,0.9048
chr21,0.9565
chr21,0.9048
chr21,0.8182
chr21,0.8929
chr21,0.9
chr21,0.9474
chr21,0.9048
chr21,0.7826
chr21,0.8438
chr21,0.7826
chr21,0.875
chr21,0.8621
chr21,0.8182
chr21,0.8182
chr21,0.8182
chr21,0.7143
chr21,0.8438
chr21,0.7826
chr21,0.95
chr21,0.6957
chr21,0.7826
chr21,0.8438
chr21,0.8182
chr21,0.6957
chr21,0.8824
chr21,1.0
chr21,0.6957
chr21,0.7826
chr21,0.875
chr21,0.7826
chr21,0.7826
chr21,0.8
chr21,0.7826
chr21,0.8182
chr21,0.7826
chr21,0.7826
chr21,0.6667
chr21,0.9
chr21,0.8889
chr21,0.7586
chr21,0.8824
chr21,0.9
chr21,0.7826
chr21,0.913
chr21,0.7727
chr21,0.9545
chr21,0.8636
chr21,1.0
chr21,0.8636
chr21,0.8636
chr21,0.8571
chr21,0.9167
chr21,0.8636
chr21,0.913
chr21,0.913
chr21,0.913
chr21,0.9545
chr21,0.8636
chr21,0.8636
chr21,0.9091
chr21,0.7727
chr21,0.8636
chr21,0.8571
chr21,0.913
chr21,0.7727
chr21,0.9412
chr21,0.9091
chr21,0.7727
chr21,0.8636
chr21,0.9167
chr21,0.8636
chr21,0.8636
chr21,0.8636
chr21,0.8636
chr21,0.913
chr21,0.8636
chr21,0.8636
chr21,0.6667
chr21,1.0
chr21,0.9474
chr21,0.8636
chr21,0.9444
chr21,0.9545
chr21,0.8571
chr21,0.75
chr21,0.9048
chr21,0.85
chr21,0.9091
chr21,0.9583
chr21,0.9143
chr21,0.9565
chr21,0.9118
chr21,0.8235
chr21,1.0
chr21,1.0
chr21,1.0
chr21,0.8158
chr21,0.9143
chr21,0.9583
chr21,0.8571
chr21,0.875
chr21,0.9583
chr21,0.9143
chr21,1.0
chr21,0.875
chr21,0.9412
chr21,0.9
chr21,0.875
chr21,0.9583
chr21,0.8333
chr21,0.9583
chr21,0.9583
chr21,0.8095
chr21,0.9583
chr21,1.0
chr21,0.9583
chr21,0.9583
chr21,0.7826
chr21,0.9048
chr21,0.9474
chr21,0.7
chr21,0.9444
chr21,0.9048
chr21,0.9565
chr21,0.8095
chr21,0.8
chr21,0.7619
chr21,0.75
chr21,0.8182
chr21,0.7391
chr21,0.8
chr21,0.7826
chr21,0.7826
chr21,0.7826
chr21,0.7143
chr21,0.8182
chr21,0.75
chr21,0.8571
chr21,0.6667
chr21,0.75
chr21,0.8125
chr21,0.7826
chr21,0.6667
chr21,0.8889
chr21,0.85
chr21,0.6667
chr21,0.75
chr21,0.8182
chr21,0.75
chr21,0.75
chr21,0.7143
chr21,0.75
chr21,0.7826
chr21,0.75
chr21,0.75
chr21,0.5294
chr21,0.8095
chr21,0.8421
chr21,0.7586
chr21,0.9474
chr21,0.8095
chr21,0.7391
chr21,0.8571
chr21,0.9524
chr21,0.9048
chr21,0.9048
chr21,0.9
chr21,0.9048
chr21,0.9048
chr21,0.9048
chr21,0.9048
chr21,0.9048
chr21,0.9048
chr21,0.9048
chr21,0.9048
chr21,0.8636
chr21,0.8095
chr21,0.9048
chr21,0.9
chr21,0.9048
chr21,0.8095
chr21,0.9412
chr21,0.9048
chr21,0.8095
chr21,0.9048
chr21,0.875
chr21,0.9048
chr21,0.9048
chr21,0.9048
chr21,0.9048
chr21,0.9048
chr21,0.9048
chr21,0.9048
chr21,0.7
chr21,0.9524
chr21,0.9474
chr21,0.8182
chr21,0.9444
chr21,1.0
chr21,0.9
chr21,0.8571
chr21,0.8
chr21,0.8
chr21,0.7895
chr21,0.85
chr21,0.8
chr21,0.85
chr21,0.85
chr21,0.85
chr21,0.8
chr21,0.8
chr21,0.8
chr21,0.9048
chr21,0.7368
chr21,0.8
chr21,0.7895
chr21,0.85
chr21,0.7368
chr21,0.8421
chr21,0.95
chr21,0.7368
chr21,0.8
chr21,0.8
chr21,0.8
chr21,0.8
chr21,0.8
chr21,0.8
chr21,0.85
chr21,0.8
chr21,0.8
chr21,0.6111
chr21,0.8571
chr21,0.8421
chr21,0.7222
chr21,0.8333
chr21,0.8571
chr21,0.7895
chr21,0.8571
chr21,0.8571
chr21,0.8571
chr21,0.913
chr21,0.8571
chr21,0.9091
chr21,0.9091
chr21,0.9524
chr21,0.8571
chr21,0.8571
chr21,0.9048
chr21,0.7619
chr21,0.8571
chr21,0.8571
chr21,0.9091
chr21,0.7619
chr21,0.9412
chr21,0.9048
chr21,0.7619
chr21,0.8571
chr21,0.913
chr21,0.8571
chr21,0.8571
chr21,0.8571
chr21,0.8571
chr21,0.9091
chr21,0.8571
chr21,0.8571
chr21,0.6667
chr21,1.0
chr21,0.9444
chr21,0.8636
chr21,0.9412
chr21,0.9524
chr21,0.8571
chr21,1.0
chr21,1.0
chr21,0.92
chr21,0.7917
chr21,0.9583
chr21,0.9583
chr21,0.9583
chr21,0.8333
chr21,1.0
chr21,1.0
chr21,0.8095
chr21,0.9167
chr21,1.0
chr21,1.0
chr21,0.9583
chr21,0.9167
chr21,0.9412
chr21,0.85
chr21,0.9167
chr21,1.0
chr21,0.8462
chr21,1.0
chr21,1.0
chr21,0.8095
chr21,1.0
chr21,0.9583
chr21,1.0
chr21,1.0
chr21,0.8261
chr21,0.9048
chr21,1.0
chr21,0.7917
chr21,0.9444
chr21,0.9048
chr21,1.0
chr21,1.0
chr21,0.9412
chr21,0.8485
chr21,0.9583
chr21,0.9583
chr21,0.9583
chr21,0.8684
chr21,1.0
chr21,1.0
chr21,0.8095
chr21,0.9167
chr21,1.0
chr21,1.0
chr21,0.9583
chr21,0.9167
chr21,0.9412
chr21,0.85
chr21,0.9167
chr21,1.0
chr21,0.8857
chr21,1.0
chr21,1.0
chr21,0.8095
chr21,1.0
chr21,0.9583
chr21,1.0
chr21,1.0
chr21,0.8261
chr21,0.9048
chr21,1.0
chr21,0.7812
chr21,0.9444
chr21,0.9048
chr21,1.0
chr21,0.9167
chr21,0.7826
chr21,0.9565
chr21,0.9565
chr21,0.9565
chr21,0.8261
chr21,1.0
chr21,1.0
chr21,0.8
chr21,0.913
chr21,1.0
chr21,1.0
chr21,0.9565
chr21,0.913
chr21,0.9412
chr21,0.8421
chr21,0.913
chr21,1.0
chr21,0.84
chr21,1.0
chr21,1.0
chr21,0.8
chr21,1.0
chr21,0.9565
chr21,1.0
chr21,1.0
chr21,0.8261
chr21,0.9
chr21,1.0
chr21,0.7917
chr21,0.9412
chr21,0.9
chr21,1.0
chr21,0.8485
chr21,0.9583
chr21,0.9583
chr21,0.9583
chr21,0.8421
chr21,0.9412
chr21,0.92
chr21,0.8571
chr21,0.84
chr21,0.92
chr21,0.9394
chr21,0.9583
chr21,0.84
chr21,0.9412
chr21,0.9
chr21,0.84
chr21,0.92
chr21,0.9118
chr21,0.92
chr21,0.92
chr21,0.8095
chr21,0.92
chr21,0.9583
chr21,0.92
chr21,0.92
chr21,0.75
chr21,0.9048
chr21,0.9474
chr21,0.8125
chr21,0.9444
chr21,0.9048
chr21,0.9167
chr21,0.8261
chr21,0.8261
chr21,0.8261
chr21,0.7
chr21,0.8485
chr21,0.7917
chr21,0.7727
chr21,0.8636
chr21,0.7917
chr21,0.8438
chr21,0.8261
chr21,0.8636
chr21,0.8235
chr21,0.8095
chr21,0.8636
chr21,0.7917
chr21,0.8485
chr21,0.7917
chr21,0.7917
chr21,1.0
chr21,0.7917
chr21,0.8261
chr21,0.7917
chr21,0.7917
chr21,0.75
chr21,0.8571
chr21,0.8421
chr21,0.8571
chr21,0.8333
chr21,0.9048
chr21,0.7826
chr21,1.0
chr21,1.0
chr21,0.8696
chr21,0.9583
chr21,0.9583
chr21,0.8571
chr21,0.875
chr21,0.9583
chr21,0.9565
chr21,1.0
chr21,0.875
chr21,0.9412
chr21,0.9
chr21,0.875
chr21,0.9583
chr21,0.84
chr21,0.9583
chr21,0.9583
chr21,0.8261
chr21,0.9583
chr21,1.0
chr21,0.9583
chr21,0.9583
chr21,0.7826
chr21,0.9048
chr21,0.9474
chr21,0.7826
chr21,0.9444
chr21,0.913
chr21,0.9565
chr21,1.0
chr21,0.8696
chr21,0.9583
chr21,0.9583
chr21,0.8571
chr21,0.875
chr21,0.9583
chr21,0.9565
chr21,1.0
chr21,0.875
chr21,0.9412
chr21,0.9
chr21,0.875
chr21,0.9583
chr21,0.84
chr21,0.9583
chr21,0.9583
chr21,0.8261
chr21,0.9583
chr21,1.0
chr21,0.9583
chr21,0.9583
chr21,0.7826
chr21,0.9048
chr21,0.9474
chr21,0.7826
chr21,0.9444
chr21,0.913
chr21,0.9565
chr21,0.8696
chr21,0.9583
chr21,0.9583
chr21,0.8571
chr21,0.875
chr21,0.9583
chr21,0.9565
chr21,1.0
chr21,0.875
chr21,0.9412
chr21,0.9
chr21,0.875
chr21,0.9583
chr21,0.84
chr21,0.9583
chr21,0.9583
chr21,0.8261
chr21,0.9583
chr21,1.0
chr21,0.9583
chr21,0.9583
chr21,0.7826
chr21,0.9048
chr21,0.9474
chr21,0.7826
chr21,0.9444
chr21,0.913
chr21,0.9565
chr21,0.8684
chr21,0.8333
chr21,0.8636
chr21,0.75
chr21,0.8333
chr21,0.8649
chr21,0.8696
chr21,0.75
chr21,0.9412
chr21,0.85
chr21,0.75
chr21,0.8333
chr21,0.7895
chr21,0.8333
chr21,0.8333
chr21,0.8095
chr21,0.8333
chr21,0.8696
chr21,0.8333
chr21,0.8333
chr21,0.6
chr21,1.0
chr21,0.9474
chr21,0.7241
chr21,0.9444
chr21,0.9048
chr21,0.8261
chr21,1.0
chr21,0.8095
chr21,0.9167
chr21,1.0
chr21,1.0
chr21,0.9167
chr21,0.9412
chr21,0.85
chr21,0.9167
chr21,1.0
chr21,0.8857
chr21,1.0
chr21,1.0
chr21,0.8095
chr21,1.0
chr21,0.9583
chr21,1.0
chr21,1.0
chr21,0.8261
chr21,0.9048
chr21,1.0
chr21,0.7812
chr21,0.9444
chr21,0.9048
chr21,1.0
chr21,0.8095
chr21,0.9167
chr21,1.0
chr21,1.0
chr21,0.9583
chr21,0.9167
chr21,0.9412
chr21,0.85
chr21,0.9167
chr21,1.0
chr21,0.8462
chr21,1.0
chr21,1.0
chr21,1.0
chr21,0.9583
chr21,1.0
chr21,1.0
chr21,0.8261
chr21,0.9048
chr21,1.0
chr21,0.7917
chr21,0.9444
chr21,0.9048
chr21,1.0
chr21,0.7143
chr21,0.8095
chr21,0.8
chr21,0.8571
chr21,0.7143
chr21,0.85
chr21,0.9524
chr21,0.7143
chr21,0.8095
chr21,0.8571
chr21,0.8095
chr21,0.8095
chr21,0.7727
chr21,0.8095
chr21,0.8571
chr21,0.8095
chr21,0.6
chr21,0.9048
chr21,0.8421
chr21,0.8182
chr21,0.8333
chr21,0.8636
chr21,0.8
chr21,0.9167
chr21,0.913
chr21,0.875
chr21,1.0
chr21,0.8235
chr21,0.75
chr21,1.0
chr21,0.9167
chr21,0.7692
chr21,0.9167
chr21,0.9167
chr21,0.8947
chr21,0.9167
chr21,0.875
chr21,0.9167
chr21,0.9167
chr21,0.9048
chr21,0.8095
chr21,0.8947
chr21,0.8636
chr21,0.8333
chr21,0.8095
chr21,0.913
chr21,1.0
chr21,0.9583
chr21,0.9167
chr21,0.85
chr21,0.9167
chr21,1.0
chr21,0.8462
chr21,1.0
chr21,1.0
chr21,0.8095
chr21,1.0
chr21,0.9583
chr21,1.0
chr21,1.0
chr21,0.8261
chr21,0.9048
chr21,1.0
chr21,0.7917
chr21,0.9444
chr21,0.9048
chr21,1.0
chr21,0.9565
chr21,0.913
chr21,0.9412
chr21,0.8421
chr21,0.913
chr21,1.0
chr21,0.8857
chr21,1.0
chr21,1.0
chr21,0.8
chr21,1.0
chr21,0.9565
chr21,1.0
chr21,1.0
chr21,0.8261
chr21,0.9
chr21,1.0
chr21,0.7812
chr21,0.9412
chr21,0.9
chr21,1.0
chr21,0.875
chr21,0.9412
chr21,0.9
chr21,0.875
chr21,0.9583
chr21,0.84
chr21,0.9583
chr21,0.9583
chr21,0.8261
chr21,0.9583
chr21,1.0
chr21,0.9583
chr21,0.9583
chr21,0.7826
chr21,0.9048
chr21,0.9474
chr21,0.7826
chr21,0.9444
chr21,0.913
chr21,0.9565
chr21,0.8235
chr21,0.75
chr21,1.0
chr21,0.9167
chr21,0.7692
chr21,0.9167
chr21,0.9167
chr21,0.8947
chr21,0.9167
chr21,0.875
chr21,0.9167
chr21,0.9167
chr21,0.9048
chr21,0.8095
chr21,0.8947
chr21,0.8636
chr21,0.8333
chr21,0.8095
chr21,0.913
chr21,0.8824
chr21,0.8235
chr21,0.9412
chr21,0.8889
chr21,0.9412
chr21,0.9412
chr21,0.8235
chr21,0.9412
chr21,0.9412
chr21,0.9412
chr21,0.9412
chr21,0.7059
chr21,0.9412
chr21,0.9412
chr21,0.8235
chr21,0.9412
chr21,0.9412
chr21,0.9412
chr21,0.75
chr21,0.85
chr21,0.85
chr21,0.85
chr21,0.85
chr21,0.8095
chr21,0.85
chr21,0.9
chr21,0.85
chr21,0.85
chr21,0.6316
chr21,0.9048
chr21,0.8947
chr21,0.7368
chr21,0.8889
chr21,0.9048
chr21,0.8421
chr21,0.9167
chr21,0.7692
chr21,0.9167
chr21,0.9167
chr21,0.8947
chr21,0.9167
chr21,0.875
chr21,0.9167
chr21,0.9167
chr21,0.9048
chr21,0.8095
chr21,0.8947
chr21,0.8636
chr21,0.8333
chr21,0.8095
chr21,0.913
chr21,0.8462
chr21,1.0
chr21,1.0
chr21,0.8095
chr21,1.0
chr21,0.9583
chr21,1.0
chr21,1.0
chr21,0.8261
chr21,0.9048
chr21,1.0
chr21,0.7917
chr21,0.9444
chr21,0.9048
chr21,1.0
chr21,0.8462
chr21,0.8462
chr21,0.7917
chr21,0.8462
chr21,0.84
chr21,0.8462
chr21,0.8462
chr21,0.68
chr21,0.913
chr21,0.9
chr21,0.8438
chr21,0.8947
chr21,0.875
chr21,0.84
chr21,1.0
chr21,0.8095
chr21,1.0
chr21,0.9583
chr21,1.0
chr21,1.0
chr21,0.8261
chr21,0.9048
chr21,1.0
chr21,0.7917
chr21,0.9444
chr21,0.9048
chr21,1.0
chr21,0.8095
chr21,1.0
chr21,0.9583
chr21,1.0
chr21,1.0
chr21,0.8261
chr21,0.9048
chr21,1.0
chr21,0.7917
chr21,0.9444
chr21,0.9048
chr21,1.0
chr21,0.8095
chr21,0.8095
chr21,0.8095
chr21,0.8095
chr21,0.7778
chr21,0.8571
chr21,0.8421
chr21,0.9
chr21,0.8333
chr21,0.9048
chr21,0.8
chr21,0.9583
chr21,1.0
chr21,1.0
chr21,0.8261
chr21,0.9048
chr21,1.0
chr21,0.7917
chr21,0.9048
chr21,1.0
chr21,0.9583
chr21,0.9583
chr21,0.7826
chr21,0.9048
chr21,0.9474
chr21,0.7826
chr21,0.9444
chr21,0.913
chr21,0.9565
chr21,1.0
chr21,0.8261
chr21,0.9048
chr21,1.0
chr21,0.7917
chr21,0.9444
chr21,0.9048
chr21,1.0
chr21,0.8261
chr21,0.9048
chr21,1.0
chr21,0.7917
chr21,0.9444
chr21,0.9048
chr21,1.0
chr21,0.7
chr21,0.7778
chr21,0.7727
chr21,0.7059
chr21,0.7273
chr21,0.8261
chr21,0.9474
chr21,0.8571
chr21,0.9444
chr21,0.9524
chr21,0.9
chr21,0.8333
chr21,0.9444
chr21,0.9474
chr21,1.0
chr21,0.8235
chr21,0.8182
chr21,0.7917
chr21,0.9444
chr21,0.9412
chr21,0.9
chr22,0.8889
chr22,0.8889
chr22,0.96
chr22,1.0
chr22,0.9444
chr22,0.8889
chr22,0.8148
chr22,1.0
chr22,0.9167
chr22,0.8148
chr22,0.5556
chr22,1.0
chr22,0.92
chr22,0.8889
chr22,1.0
chr22,1.0
chr22,0.8529
chr22,0.9167
chr22,0.6765
chr22,0.9118
chr22,0.8235
chr22,0.6053
chr22,1.0
chr22,0.6316
chr22,0.8519
chr22,0.6552
chr22,1.0
chr22,0.6944
chr22,1.0
chr22,1.0
chr22,0.96
chr22,0.9394
chr22,0.9706
chr22,0.7941
chr22,0.6176
chr22,0.8947
chr22,1.0
chr22,0.5294
chr22,0.96
chr22,0.68
chr22,0.8611
chr22,0.7576
chr22,0.6316
chr22,0.8846
chr22,0.8571
chr22,0.75
chr22,0.96
chr22,0.6809
chr22,0.96
chr22,1.0
chr22,0.9706
chr22,1.0
chr22,0.7059
chr22,1.0
chr22,0.8571
chr22,0.96
chr22,0.64
chr22,0.7097
chr22,0.7059
chr22,1.0
chr22,0.9333
chr22,0.9032
chr22,0.9655
chr22,1.0
chr22,0.9333
chr22,0.9032
chr22,1.0
chr22,0.9231
chr22,0.6296
chr22,0.9032
chr22,0.8387
chr22,1.0
chr22,0.9032
chr22,0.9032
chr22,0.8387
chr22,0.8966
chr22,0.7857
chr22,0.9
chr22,0.9677
chr22,0.5714
chr22,0.8966
chr22,0.6579
chr22,0.9667
chr22,0.7
chr22,0.9032
chr22,0.7
chr22,0.9032
chr22,0.8889
chr22,0.9333
chr22,0.9032
chr22,0.9333
chr22,0.7667
chr22,0.7667
chr22,0.9677
chr22,0.8966
chr22,0.7333
chr22,0.9333
chr22,0.7391
chr22,1.0
chr22,0.8462
chr22,0.6579
chr22,1.0
chr22,0.9062
chr22,0.7917
chr22,0.9333
chr22,0.6757
chr22,0.9286
chr22,0.9032
chr22,0.9333
chr22,0.9032
chr22,0.8214
chr22,0.9032
chr22,0.9677
chr22,0.871
chr22,0.7273
chr22,0.8333
chr22,0.7
chr22,0.9333
chr22,0.9032
chr22,0.9655
chr22,1.0
chr22,0.9333
chr22,0.9032
chr22,1.0
chr22,0.9231
chr22,0.6296
chr22,0.9032
chr22,0.8387
chr22,1.0
chr22,0.9032
chr22,0.9032
chr22,0.8387
chr22,0.8966
chr22,0.7857
chr22,0.9
chr22,0.9677
chr22,0.5714
chr22,0.8966
chr22,0.6579
chr22,0.9667
chr22,0.7
chr22,0.9032
chr22,0.7
chr22,0.9032
chr22,0.8889
chr22,0.9333
chr22,0.9032
chr22,0.9333
chr22,0.7667
chr22,0.7667
chr22,0.9677
chr22,0.8966
chr22,0.7333
chr22,0.9333
chr22,0.7391
chr22,1.0
chr22,0.8462
chr22,0.6579
chr22,1.0
chr22,0.9062
chr22,0.7917
chr22,0.9333
chr22,0.6757
chr22,0.9286
chr22,0.9032
chr22,0.9333
chr22,0.9032
chr22,0.8214
chr22,0.9032
chr22,0.9677
chr22,0.871
chr22,0.7273
chr22,0.8333
chr22,0.7
chr22,0.9655
chr22,0.8966
chr22,0.9333
chr22,0.8667
chr22,0.9655
chr22,0.9231
chr22,0.7241
chr22,0.5926
chr22,0.9655
chr22,0.8966
chr22,0.9333
chr22,0.9655
chr22,0.9655
chr22,0.8966
chr22,0.963
chr22,0.8462
chr22,0.9643
chr22,0.9032
chr22,0.5833
chr22,0.963
chr22,0.6579
chr22,0.9
chr22,0.7143
chr22,0.9655
chr22,0.7143
chr22,0.9655
chr22,0.96
chr22,1.0
chr22,0.9655
chr22,1.0
chr22,0.8214
chr22,0.8214
chr22,0.9032
chr22,0.963
chr22,0.75
chr22,1.0
chr22,0.7826
chr22,0.9333
chr22,0.7917
chr22,0.6579
chr22,0.931
chr22,0.8438
chr22,0.8889
chr22,1.0
chr22,0.6757
chr22,1.0
chr22,0.9655
chr22,1.0
chr22,0.9655
chr22,0.8846
chr22,0.9655
chr22,0.9032
chr22,0.931
chr22,0.7273
chr22,0.8621
chr22,0.75
chr22,0.931
chr22,0.9032
chr22,0.8387
chr22,1.0
chr22,0.8889
chr22,0.7
chr22,0.5926
chr22,1.0
chr22,0.931
chr22,0.9032
chr22,1.0
chr22,1.0
chr22,0.931
chr22,0.9286
chr22,0.8148
chr22,0.931
chr22,0.875
chr22,0.6579
chr22,1.0
chr22,0.6842
chr22,0.871
chr22,0.6897
chr22,1.0
chr22,0.7241
chr22,1.0
chr22,1.0
chr22,0.9655
chr22,1.0
chr22,0.9655
chr22,0.7931
chr22,0.7931
chr22,0.9355
chr22,1.0
chr22,0.7241
chr22,0.9655
chr22,0.7826
chr22,0.9032
chr22,0.7273
chr22,0.6842
chr22,0.9
chr22,0.875
chr22,0.8571
chr22,0.9655
chr22,0.6579
chr22,0.963
chr22,1.0
chr22,0.9655
chr22,1.0
chr22,0.8519
chr22,1.0
chr22,0.875
chr22,0.9655
chr22,0.7273
chr22,0.8333
chr22,0.7241
chr22,0.9655
chr22,0.8966
chr22,0.9474
chr22,0.9722
chr22,0.8889
chr22,0.5926
chr22,0.9474
chr22,0.8621
chr22,0.9655
chr22,0.9474
chr22,0.931
chr22,0.8158
chr22,0.8571
chr22,0.7551
chr22,0.8684
chr22,0.8889
chr22,0.6316
chr22,0.931
chr22,0.6579
chr22,0.931
chr22,0.7
chr22,0.9474
chr22,0.7
chr22,0.931
chr22,0.9259
chr22,0.8966
chr22,0.8919
chr22,0.9211
chr22,0.7419
chr22,0.6579
chr22,0.95
chr22,0.9474
chr22,0.7708
chr22,0.8966
chr22,0.7143
chr22,0.9211
chr22,0.8182
chr22,0.6579
chr22,0.9643
chr22,0.9333
chr22,0.7857
chr22,0.8966
chr22,0.7021
chr22,0.8966
chr22,0.9474
chr22,0.9211
chr22,0.9444
chr22,0.7368
chr22,0.931
chr22,0.9333
chr22,0.8966
chr22,0.7
chr22,0.7429
chr22,0.7368
chr22,0.9333
chr22,0.9032
chr22,1.0
chr22,0.9231
chr22,0.6296
chr22,0.9032
chr22,0.8387
chr22,1.0
chr22,0.9032
chr22,0.9032
chr22,0.8387
chr22,0.8966
chr22,0.7857
chr22,0.9
chr22,0.9677
chr22,0.5714
chr22,0.8966
chr22,0.6579
chr22,0.9667
chr22,0.7
chr22,0.9032
chr22,0.7
chr22,0.9032
chr22,0.8889
chr22,0.9032
chr22,0.9333
chr22,0.7667
chr22,0.7667
chr22,0.9677
chr22,0.8966
chr22,0.7333
chr22,0.9333
chr22,0.7391
chr22,1.0
chr22,0.8462
chr22,0.6579
chr22,1.0
chr22,0.9062
chr22,0.7917
chr22,0.9333
chr22,0.6757
chr22,0.9286
chr22,0.9032
chr22,0.9333
chr22,0.9032
chr22,0.8214
chr22,0.9032
chr22,0.9677
chr22,0.871
chr22,0.7273
chr22,0.8333
chr22,0.7
chr22,0.8387
chr22,0.9231
chr22,0.8462
chr22,0.6296
chr22,0.8387
chr22,0.9032
chr22,0.9333
chr22,0.8387
chr22,0.8387
chr22,0.8387
chr22,0.8929
chr22,0.7857
chr22,0.8333
chr22,0.9032
chr22,0.6842
chr22,0.8276
chr22,0.6176
chr22,0.9667
chr22,0.7097
chr22,0.8387
chr22,0.7
chr22,0.8387
chr22,0.8148
chr22,0.8667
chr22,0.8387
chr22,0.8667
chr22,0.7667
chr22,0.7667
chr22,0.9032
chr22,0.8276
chr22,0.7419
chr22,0.8667
chr22,0.7391
chr22,0.9333
chr22,0.8462
chr22,0.6176
chr22,0.931
chr22,0.9062
chr22,0.7917
chr22,0.8667
chr22,0.6757
chr22,0.8571
chr22,0.8387
chr22,0.8667
chr22,0.8387
chr22,0.75
chr22,0.8387
chr22,0.9032
chr22,0.871
chr22,0.7273
chr22,0.7667
chr22,0.7
chr22,0.9189
chr22,0.7
chr22,0.5926
chr22,1.0
chr22,0.931
chr22,0.9032
chr22,1.0
chr22,1.0
chr22,0.8718
chr22,0.9286
chr22,0.7027
chr22,0.9211
chr22,0.8421
chr22,0.6579
chr22,1.0
chr22,0.6842
chr22,0.871
chr22,0.697
chr22,1.0
chr22,0.7368
chr22,1.0
chr22,1.0
chr22,0.9655
chr22,0.9459
chr22,0.9737
chr22,0.7879
chr22,0.6857
chr22,0.907
chr22,1.0
chr22,0.74
chr22,0.9655
chr22,0.7826
chr22,0.875
chr22,0.7273
chr22,0.6842
chr22,0.9
chr22,0.875
chr22,0.8571
chr22,0.9655
chr22,0.7292
chr22,0.963
chr22,0.9744
chr22,1.0
chr22,0.7838
chr22,1.0
chr22,0.875
chr22,0.9655
chr22,0.7273
chr22,0.8056
chr22,0.7895
chr22,0.9231
chr22,0.5556
chr22,0.9167
chr22,0.8148
chr22,1.0
chr22,0.9167
chr22,0.8889
chr22,0.7838
chr22,0.88
chr22,0.7609
chr22,0.8857
chr22,0.9091
chr22,0.5789
chr22,0.8889
chr22,0.6053
chr22,0.9615
chr22,0.6786
chr22,0.9167
chr22,0.6757
chr22,0.8889
chr22,0.8889
chr22,0.9231
chr22,0.8571
chr22,0.9429
chr22,0.7714
chr22,0.6111
chr22,0.9231
chr22,0.9189
chr22,0.7826
chr22,0.9231
chr22,0.6538
chr22,0.9429
chr22,0.7879
chr22,0.6053
chr22,1.0
chr22,0.8929
chr22,0.76
chr22,0.9231
chr22,0.7021
chr22,0.9231
chr22,0.9167
chr22,0.9444
chr22,0.9118
chr22,0.75
chr22,0.8889
chr22,0.963
chr22,0.8519
chr22,0.6667
chr22,0.7188
chr22,0.7143
chr22,0.5833
chr22,0.8148
chr22,0.5833
chr22,0.9231
chr22,0.8148
chr22,0.8148
chr22,0.5833
chr22,0.8
chr22,0.5833
chr22,0.8077
chr22,0.8889
chr22,0.5833
chr22,0.8148
chr22,0.5833
chr22,0.8846
chr22,0.5833
chr22,0.8148
chr22,0.64
chr22,0.8148
chr22,0.8148
chr22,0.8462
chr22,0.8148
chr22,0.8462
chr22,0.5833
chr22,0.7308
chr22,0.8889
chr22,0.8148
chr22,0.6154
chr22,0.8462
chr22,0.68
chr22,0.9231
chr22,0.7692
chr22,0.5833
chr22,0.92
chr22,0.8214
chr22,0.8
chr22,0.8462
chr22,0.5833
chr22,0.8462
chr22,0.8148
chr22,0.8462
chr22,0.8148
chr22,0.7917
chr22,0.8148
chr22,0.8889
chr22,0.5833
chr22,0.64
chr22,0.7778
chr22,0.64
chr22,0.5926
chr22,0.5926
chr22,0.6296
chr22,0.5926
chr22,0.5926
chr22,0.5926
chr22,0.5926
chr22,0.6786
chr22,0.5926
chr22,0.5926
chr22,1.0
chr22,0.5556
chr22,1.0
chr22,0.6296
chr22,0.6296
chr22,0.5926
chr22,0.6296
chr22,0.5926
chr22,0.56
chr22,0.5926
chr22,0.5926
chr22,0.5926
chr22,0.5926
chr22,0.6296
chr22,0.6296
chr22,0.5556
chr22,0.6296
chr22,0.5926
chr22,0.619
chr22,0.6296
chr22,0.6296
chr22,1.0
chr22,0.6296
chr22,0.5926
chr22,0.6364
chr22,0.5926
chr22,1.0
chr22,0.5556
chr22,0.5926
chr22,0.5926
chr22,0.5556
chr22,0.5926
chr22,0.5926
chr22,0.5926
chr22,0.6296
chr22,0.5714
chr22,0.6296
chr22,0.931
chr22,0.9032
chr22,1.0
chr22,1.0
chr22,0.8684
chr22,0.9286
chr22,0.6944
chr22,0.9211
chr22,0.8421
chr22,0.6579
chr22,1.0
chr22,0.6842
chr22,0.871
chr22,0.697
chr22,1.0
chr22,0.7368
chr22,1.0
chr22,1.0
chr22,0.9655
chr22,0.9459
chr22,0.9737
chr22,0.8158
chr22,0.7105
chr22,0.9048
chr22,1.0
chr22,0.6579
chr22,0.9655
chr22,0.7826
chr22,0.875
chr22,0.7273
chr22,0.6842
chr22,0.9
chr22,0.875
chr22,0.8571
chr22,0.9655
chr22,0.7234
chr22,0.963
chr22,1.0
chr22,0.9737
chr22,1.0
chr22,0.7778
chr22,1.0
chr22,0.875
chr22,0.9655
chr22,0.7273
chr22,0.8056
chr22,0.7895
chr22,0.8387
chr22,0.931
chr22,0.931
chr22,0.931
chr22,0.9259
chr22,0.8148
chr22,0.8621
chr22,0.8125
chr22,0.7105
chr22,0.9259
chr22,0.6842
chr22,0.871
chr22,0.6897
chr22,0.931
chr22,0.7241
chr22,0.931
chr22,0.92
chr22,0.8966
chr22,0.931
chr22,0.8966
chr22,0.7931
chr22,0.7931
chr22,0.871
chr22,0.9259
chr22,0.7241
chr22,0.8966
chr22,0.7826
chr22,0.8387
chr22,0.76
chr22,0.6842
chr22,0.8333
chr22,0.875
chr22,0.7917
chr22,0.8966
chr22,0.6579
chr22,0.8889
chr22,0.931
chr22,0.8966
chr22,0.931
chr22,0.7778
chr22,0.931
chr22,0.8125
chr22,0.9655
chr22,0.7273
chr22,0.7241
chr22,0.9032
chr22,0.9032
chr22,0.8387
chr22,0.8966
chr22,0.7857
chr22,0.9
chr22,0.9677
chr22,0.5714
chr22,0.8966
chr22,0.6579
chr22,0.9667
chr22,0.7
chr22,0.9032
chr22,0.7
chr22,0.9032
chr22,0.8889
chr22,0.9333
chr22,0.9032
chr22,0.9333
chr22,0.7667
chr22,0.7667
chr22,0.9677
chr22,0.8966
chr22,0.7333
chr22,0.9333
chr22,0.7391
chr22,1.0
chr22,0.8462
chr22,0.6579
chr22,1.0
chr22,0.9062
chr22,0.7917
chr22,0.9333
chr22,0.6757
chr22,0.9286
chr22,0.9032
chr22,0.9333
chr22,0.9032
chr22,0.8214
chr22,0.9032
chr22,0.9677
chr22,0.871
chr22,0.7273
chr22,0.8333
chr22,0.7
chr22,1.0
chr22,0.8684
chr22,0.9286
chr22,0.6944
chr22,0.9211
chr22,0.8421
chr22,0.6579
chr22,1.0
chr22,0.6842
chr22,0.871
chr22,0.697
chr22,1.0
chr22,0.7368
chr22,1.0
chr22,1.0
chr22,0.9655
chr22,0.9459
chr22,0.9737
chr22,0.8158
chr22,0.7105
chr22,0.9048
chr22,1.0
chr22,0.6579
chr22,0.9655
chr22,0.7826
chr22,0.875
chr22,0.7273
chr22,0.6842
chr22,0.9
chr22,0.875
chr22,0.8571
chr22,0.9655
chr22,0.7234
chr22,0.963
chr22,1.0
chr22,0.9737
chr22,1.0
chr22,0.7778
chr22,1.0
chr22,0.875
chr22,0.9655
chr22,0.7273
chr22,0.8056
chr22,0.7895
chr22,0.931
chr22,0.9286
chr22,0.8148
chr22,0.931
chr22,0.875
chr22,0.6579
chr22,1.0
chr22,0.6842
chr22,0.871
chr22,0.6897
chr22,1.0
chr22,0.7241
chr22,1.0
chr22,1.0
chr22,0.9655
chr22,1.0
chr22,0.9655
chr22,0.7931
chr22,0.7931
chr22,0.9355
chr22,1.0
chr22,0.7241
chr22,0.9655
chr22,0.7826
chr22,0.9032
chr22,0.7273
chr22,0.6842
chr22,0.9
chr22,0.875
chr22,0.8571
chr22,0.9655
chr22,0.6579
chr22,0.963
chr22,1.0
chr22,0.9655
chr22,1.0
chr22,0.8519
chr22,1.0
chr22,0.875
chr22,0.9655
chr22,0.7273
chr22,0.8333
chr22,0.7241
chr22,0.963
chr22,0.8125
chr22,0.8889
chr22,0.7568
chr22,0.6579
chr22,0.9259
chr22,0.6757
chr22,0.8667
chr22,0.6875
chr22,0.8529
chr22,0.7353
chr22,0.931
chr22,0.92
chr22,0.8966
chr22,0.9143
chr22,0.8235
chr22,0.8788
chr22,0.7647
chr22,0.8056
chr22,0.8438
chr22,0.7059
chr22,0.8966
chr22,0.7826
chr22,0.8421
chr22,0.7667
chr22,0.6757
chr22,0.8667
chr22,0.871
chr22,0.7917
chr22,0.8966
chr22,0.5429
chr22,0.8889
chr22,0.8529
chr22,0.8235
chr22,0.8529
chr22,0.7188
chr22,0.931
chr22,0.8125
chr22,0.9643
chr22,0.7273
chr22,0.7143
chr22,0.7576
chr22,0.9167
chr22,0.963
chr22,0.8667
chr22,0.5556
chr22,0.9231
chr22,0.5556
chr22,0.9286
chr22,0.7692
chr22,0.9286
chr22,0.7308
chr22,0.9286
chr22,0.9167
chr22,0.963
chr22,0.9286
chr22,0.963
chr22,0.8846
chr22,0.8846
chr22,0.9231
chr22,0.8077
chr22,0.963
chr22,0.7826
chr22,0.8966
chr22,0.8636
chr22,0.5556
chr22,0.8966
chr22,0.8667
chr22,0.8519
chr22,0.963
chr22,0.6857
chr22,0.96
chr22,0.9286
chr22,0.963
chr22,0.9286
chr22,0.84
chr22,0.9286
chr22,0.8667
chr22,0.963
chr22,0.7273
chr22,0.8214
chr22,0.7692
chr22,0.7576
chr22,0.7907
chr22,0.6585
chr22,0.8148
chr22,0.6829
chr22,0.8148
chr22,0.7667
chr22,0.7347
chr22,0.6562
chr22,0.8148
chr22,0.8
chr22,0.8462
chr22,0.7576
chr22,0.75
chr22,0.7419
chr22,0.7273
chr22,0.8163
chr22,0.7027
chr22,0.8235
chr22,0.8462
chr22,0.7619
chr22,0.75
chr22,0.8333
chr22,0.6829
chr22,0.8148
chr22,0.7586
chr22,0.8182
chr22,0.8462
chr22,0.7255
chr22,0.8462
chr22,0.7347
chr22,0.75
chr22,0.7353
chr22,0.6486
chr22,0.8148
chr22,0.7586
chr22,0.8462
chr22,0.75
chr22,0.7
chr22,0.7143
chr22,0.8108
chr22,0.6053
chr22,0.9259
chr22,0.6316
chr22,0.8667
chr22,0.6875
chr22,0.9211
chr22,0.7429
chr22,0.931
chr22,0.92
chr22,0.9643
chr22,0.9429
chr22,0.9459
chr22,0.8857
chr22,0.7714
chr22,0.8333
chr22,0.9167
chr22,0.7143
chr22,0.9643
chr22,0.7826
chr22,0.9189
chr22,0.6667
chr22,0.6316
chr22,0.931
chr22,0.8125
chr22,0.8889
chr22,0.9643
chr22,0.6889
chr22,0.9615
chr22,0.9211
chr22,0.9459
chr22,0.9167
chr22,0.7576
chr22,0.931
chr22,0.871
chr22,0.8966
chr22,0.7273
chr22,0.7714
chr22,0.7714
chr22,0.6154
chr22,0.8667
chr22,0.641
chr22,0.9355
chr22,0.6875
chr22,0.7297
chr22,0.875
chr22,0.8571
chr22,0.9032
chr22,0.7895
chr22,0.8649
chr22,0.7568
chr22,0.7105
chr22,0.9474
chr22,0.8333
chr22,0.6757
chr22,0.9032
chr22,0.7083
chr22,0.8649
chr22,0.7879
chr22,0.641
chr22,0.9667
chr22,0.9375
chr22,0.76
chr22,0.9032
chr22,0.6591
chr22,0.8966
chr22,0.8421
chr22,0.8649
chr22,0.8421
chr22,0.8
chr22,0.875
chr22,1.0
chr22,0.8438
chr22,0.6818
chr22,0.8649
chr22,0.6333
chr22,0.5862
chr22,0.9737
chr22,0.6579
chr22,0.6667
chr22,0.6579
chr22,0.5294
chr22,0.6579
chr22,0.56
chr22,0.6316
chr22,0.6579
chr22,0.6316
chr22,0.5294
chr22,0.697
chr22,0.6579
chr22,0.6316
chr22,0.675
chr22,0.6316
chr22,0.619
chr22,0.6316
chr22,0.6842
chr22,0.9737
chr22,0.5926
chr22,0.6667
chr22,0.6364
chr22,0.6316
chr22,0.9474
chr22,0.5833
chr22,0.6579
chr22,0.6316
chr22,0.6579
chr22,0.5405
chr22,0.6579
chr22,0.6154
chr22,0.6842
chr22,0.6
chr22,0.5667
chr22,0.6061
chr22,0.5862
chr22,0.8621
chr22,0.6296
chr22,1.0
chr22,0.7037
chr22,1.0
chr22,1.0
chr22,0.963
chr22,1.0
chr22,0.963
chr22,0.7778
chr22,0.7037
chr22,0.931
chr22,1.0
chr22,0.7037
chr22,0.963
chr22,0.7407
chr22,0.8966
chr22,0.76
chr22,0.5862
chr22,0.8667
chr22,0.7692
chr22,0.963
chr22,0.5862
chr22,0.963
chr22,1.0
chr22,0.963
chr22,1.0
chr22,0.8519
chr22,1.0
chr22,0.8667
chr22,0.963
chr22,0.7037
chr22,0.7407
chr22,0.6667
chr22,0.6757
chr22,0.6667
chr22,0.6842
chr22,0.5676
chr22,0.6842
chr22,0.56
chr22,0.6579
chr22,0.6842
chr22,0.6579
chr22,0.5676
chr22,0.697
chr22,0.6842
chr22,0.6579
chr22,0.7
chr22,0.6579
chr22,0.619
chr22,0.6579
chr22,0.7105
chr22,1.0
chr22,0.5926
chr22,0.6842
chr22,0.6364
chr22,0.6579
chr22,0.973
chr22,0.5833
chr22,0.6842
chr22,0.6579
chr22,0.6842
chr22,0.5405
chr22,0.6842
chr22,0.641
chr22,0.7027
chr22,0.6
chr22,0.5667
chr22,0.6061
chr22,0.7333
chr22,0.871
chr22,0.7241
chr22,0.871
chr22,0.8519
chr22,0.9
chr22,0.871
chr22,0.9
chr22,0.7931
chr22,0.7931
chr22,0.9355
chr22,0.8621
chr22,0.7667
chr22,0.9
chr22,0.7391
chr22,0.9667
chr22,0.84
chr22,0.6757
chr22,0.9655
chr22,0.9355
chr22,0.7917
chr22,0.9
chr22,0.6944
chr22,0.8929
chr22,0.871
chr22,0.9
chr22,0.871
chr22,0.7857
chr22,0.871
chr22,0.9355
chr22,0.9
chr22,0.7273
chr22,0.8
chr22,0.7241
chr22,0.6875
chr22,0.6562
chr22,0.6897
chr22,0.56
chr22,0.7143
chr22,0.6875
chr22,0.7188
chr22,0.6875
chr22,0.9143
chr22,0.7188
chr22,0.6667
chr22,0.9118
chr22,0.7143
chr22,0.7391
chr22,0.7188
chr22,0.7143
chr22,0.6667
chr22,0.7241
chr22,0.6875
chr22,0.8333
chr22,0.7143
chr22,0.6667
chr22,0.6538
chr22,0.6875
chr22,0.7188
chr22,0.6875
chr22,0.7
chr22,0.6897
chr22,0.6875
chr22,0.7143
chr22,0.7727
chr22,0.7273
chr22,0.8
chr22,0.7368
chr22,1.0
chr22,1.0
chr22,0.9655
chr22,0.9459
chr22,0.9737
chr22,0.8158
chr22,0.7105
chr22,0.9048
chr22,1.0
chr22,0.6579
chr22,0.9655
chr22,0.7826
chr22,0.875
chr22,0.7273
chr22,0.6842
chr22,0.9
chr22,0.875
chr22,0.8571
chr22,0.9655
chr22,0.7234
chr22,0.963
chr22,1.0
chr22,0.9737
chr22,1.0
chr22,0.7778
chr22,1.0
chr22,0.875
chr22,0.9655
chr22,0.7273
chr22,0.8056
chr22,0.7895
chr22,0.7241
chr22,0.6538
chr22,0.7143
chr22,0.7143
chr22,0.7568
chr22,0.8529
chr22,0.697
chr22,0.7619
chr22,0.7368
chr22,0.6364
chr22,0.7143
chr22,0.9565
chr22,0.7027
chr22,0.5758
chr22,0.5294
chr22,0.6897
chr22,0.6774
chr22,0.7917
chr22,0.7143
chr22,0.5
chr22,0.6923
chr22,0.7368
chr22,0.7568
chr22,0.7222
chr22,0.7778
chr22,0.7241
chr22,0.6774
chr22,0.75
chr22,1.0
chr22,0.8125
chr22,0.8182
chr22,1.0
chr22,0.9655
chr22,1.0
chr22,0.9655
chr22,0.7931
chr22,0.7931
chr22,0.9355
chr22,1.0
chr22,0.7241
chr22,0.9655
chr22,0.7826
chr22,0.9032
chr22,0.7273
chr22,0.6842
chr22,0.9
chr22,0.875
chr22,0.8571
chr22,0.9655
chr22,0.6579
chr22,0.963
chr22,1.0
chr22,0.9655
chr22,1.0
chr22,0.8519
chr22,1.0
chr22,0.875
chr22,0.9655
chr22,0.7273
chr22,0.8333
chr22,0.7241
chr22,0.96
chr22,1.0
chr22,0.96
chr22,0.76
chr22,0.68
chr22,0.9259
chr22,1.0
chr22,0.5769
chr22,0.96
chr22,0.68
chr22,0.8889
chr22,0.76
chr22,0.56
chr22,0.8846
chr22,0.8571
chr22,0.75
chr22,0.96
chr22,0.56
chr22,0.96
chr22,1.0
chr22,0.96
chr22,1.0
chr22,0.76
chr22,1.0
chr22,0.8571
chr22,0.96
chr22,0.64
chr22,0.72
chr22,0.6
chr22,0.9655
chr22,1.0
chr22,0.8214
chr22,0.8214
chr22,0.9032
chr22,0.963
chr22,0.75
chr22,1.0
chr22,0.7826
chr22,0.9333
chr22,0.7917
chr22,0.6579
chr22,0.931
chr22,0.8438
chr22,0.8889
chr22,1.0
chr22,0.6757
chr22,1.0
chr22,0.9655
chr22,1.0
chr22,0.9655
chr22,0.8846
chr22,0.9655
chr22,0.9032
chr22,0.931
chr22,0.7273
chr22,0.8621
chr22,0.75
chr22,0.9189
chr22,0.8286
chr22,0.7714
chr22,0.8378
chr22,0.9429
chr22,0.7143
chr22,0.9655
chr22,0.7826
chr22,0.7273
chr22,0.6842
chr22,0.9
chr22,0.875
chr22,0.8571
chr22,0.9655
chr22,0.6739
chr22,0.963
chr22,0.9459
chr22,0.9189
chr22,0.9444
chr22,0.7576
chr22,1.0
chr22,0.875
chr22,0.9655
chr22,0.7273
chr22,0.75
chr22,0.7
chr22,0.8378
chr22,0.7297
chr22,0.881
chr22,0.9722
chr22,0.6757
chr22,1.0
chr22,0.7826
chr22,0.8974
chr22,0.697
chr22,0.6579
chr22,0.931
chr22,0.8438
chr22,0.8889
chr22,1.0
chr22,0.7391
chr22,1.0
chr22,0.9737
chr22,1.0
chr22,0.9722
chr22,0.9655
chr22,0.9032
chr22,0.931
chr22,0.7273
chr22,0.8286
chr22,0.8108
chr22,0.697
chr22,0.7576
chr22,0.7742
chr22,0.697
chr22,0.8214
chr22,0.8333
chr22,0.8108
chr22,0.7241
chr22,0.7931
chr22,0.7419
chr22,0.7917
chr22,0.8214
chr22,0.6444
chr22,0.8077
chr22,0.7879
chr22,0.8378
chr22,0.7879
chr22,0.8056
chr22,0.7931
chr22,0.7419
chr22,0.8214
chr22,0.7826
chr22,0.8125
chr22,0.8182
chr22,0.6857
chr22,0.6667
chr22,0.8857
chr22,0.8214
chr22,0.8261
chr22,0.7143
chr22,0.7097
chr22,0.697
chr22,0.7931
chr22,0.7419
chr22,0.9583
chr22,0.8214
chr22,0.697
chr22,0.7308
chr22,0.6857
chr22,0.7143
chr22,0.7222
chr22,0.7353
chr22,0.7931
chr22,0.7419
chr22,0.8214
chr22,0.7727
chr22,0.8182
chr22,0.7273
chr22,0.9024
chr22,0.7547
chr22,0.9032
chr22,0.7391
chr22,0.8684
chr22,0.7059
chr22,0.6842
chr22,0.9667
chr22,0.9375
chr22,0.7917
chr22,0.9032
chr22,0.7
chr22,0.8966
chr22,0.9048
chr22,0.8837
chr22,0.9
chr22,0.814
chr22,0.9355
chr22,0.9375
chr22,0.9032
chr22,0.7273
chr22,0.8378
chr22,0.7097
chr22,0.7292
chr22,0.963
chr22,0.7619
chr22,0.8684
chr22,0.7576
chr22,0.6579
chr22,0.8929
chr22,0.8667
chr22,0.7692
chr22,0.963
chr22,0.7083
chr22,0.963
chr22,1.0
chr22,0.973
chr22,1.0
chr22,0.7838
chr22,1.0
chr22,0.8667
chr22,0.963
chr22,0.7
chr22,0.7273
chr22,0.75
chr22,0.75
chr22,0.7391
chr22,0.7027
chr22,0.7838
chr22,0.6585
chr22,0.7586
chr22,0.7097
chr22,0.8333
chr22,0.75
chr22,0.74
chr22,0.7308
chr22,0.6579
chr22,0.76
chr22,0.6667
chr22,0.6486
chr22,0.7241
chr22,0.7097
chr22,0.75
chr22,0.7391
chr22,0.7273
chr22,0.75
chr22,0.7826
chr22,0.9333
chr22,0.7917
chr22,0.6579
chr22,0.931
chr22,0.8438
chr22,0.8889
chr22,1.0
chr22,0.6757
chr22,1.0
chr22,0.9655
chr22,1.0
chr22,0.9655
chr22,0.8846
chr22,0.9655
chr22,0.9032
chr22,0.931
chr22,0.7273
chr22,0.8621
chr22,0.75
chr22,0.7391
chr22,0.6842
chr22,0.619
chr22,0.7391
chr22,0.7083
chr22,0.8261
chr22,0.7826
chr22,0.619
chr22,0.7619
chr22,0.7826
chr22,0.7826
chr22,0.7826
chr22,0.7826
chr22,0.7826
chr22,0.7083
chr22,0.7826
chr22,0.9565
chr22,0.7917
chr22,0.7826
chr22,0.6765
chr22,0.6579
chr22,1.0
chr22,0.9062
chr22,0.7917
chr22,0.9333
chr22,0.6957
chr22,0.9286
chr22,0.875
chr22,0.8974
chr22,0.8684
chr22,0.7429
chr22,0.9032
chr22,0.9677
chr22,0.871
chr22,0.7273
chr22,0.7568
chr22,0.6667
chr22,0.7105
chr22,0.88
chr22,0.7778
chr22,0.75
chr22,0.7917
chr22,0.6842
chr22,0.7917
chr22,0.7273
chr22,0.697
chr22,0.7273
chr22,0.6364
chr22,0.7273
chr22,0.8148
chr22,0.7917
chr22,0.6087
chr22,0.6061
chr22,0.6786
chr22,0.5926
chr22,0.6842
chr22,0.6364
chr22,0.6579
chr22,0.973
chr22,0.5833
chr22,0.6842
chr22,0.6579
chr22,0.6842
chr22,0.5405
chr22,0.6842
chr22,0.641
chr22,0.7027
chr22,0.6
chr22,0.5667
chr22,0.6061
chr22,0.9032
chr22,0.8276
chr22,0.931
chr22,0.6667
chr22,0.9259
chr22,0.9
chr22,0.931
chr22,0.9
chr22,0.8148
chr22,0.9
chr22,0.9667
chr22,0.8667
chr22,0.7273
chr22,0.8276
chr22,0.6897
chr22,0.76
chr22,0.8438
chr22,0.6579
chr22,0.8333
chr22,0.875
chr22,0.8438
chr22,0.875
chr22,0.7333
chr22,0.875
chr22,0.9375
chr22,0.9032
chr22,0.6818
chr22,0.7812
chr22,0.6774
chr22,0.8889
chr22,0.6364
chr22,0.8
chr22,0.8571
chr22,0.8889
chr22,0.8571
chr22,1.0
chr22,0.8571
chr22,0.76
chr22,0.7917
chr22,0.7917
chr22,0.96
chr22,0.8333
chr22,0.6757
chr22,1.0
chr22,0.9655
chr22,1.0
chr22,0.9655
chr22,0.8846
chr22,0.9655
chr22,0.9032
chr22,0.931
chr22,0.7273
chr22,0.8621
chr22,0.75
chr22,0.5833
chr22,0.7234
chr22,0.7447
chr22,0.7111
chr22,0.6304
chr22,0.6579
chr22,0.6579
chr22,0.6757
chr22,0.6
chr22,0.5667
chr22,0.5758
chr22,0.963
chr22,1.0
chr22,0.963
chr22,0.8846
chr22,0.963
chr22,0.8966
chr22,0.9259
chr22,0.6923
chr22,0.7692
chr22,0.6923
chr22,0.9737
chr22,1.0
chr22,0.7778
chr22,1.0
chr22,0.875
chr22,0.9655
chr22,0.7273
chr22,0.8056
chr22,0.7895
chr22,0.9722
chr22,0.8056
chr22,0.9655
chr22,0.9032
chr22,0.931
chr22,0.7273
chr22,0.8286
chr22,0.8108
chr22,0.7647
chr22,1.0
chr22,0.875
chr22,0.9655
chr22,0.7273
chr22,0.8056
chr22,0.7778
chr22,0.8519
chr22,0.7931
chr22,0.8148
chr22,0.7391
chr22,0.9333
chr22,0.6875
chr22,0.875
chr22,0.9655
chr22,0.7273
chr22,0.8333
chr22,0.7241
chr22,0.8438
chr22,0.6818
chr22,0.8387
chr22,0.6774
chr22,0.7273
chr22,0.8
chr22,0.75
chr22,0.7391
chr22,0.8182
chr22,0.7812
chr13,0.76
chr13,0.8519
chr13,0.76
chr13,0.8667
chr13,0.88
chr13,0.85
chr13,0.85
chr13,0.913
chr13,0.8667
chr13,0.7826
chr13,0.76
chr13,0.8
chr13,0.8261
chr13,0.8
chr13,0.88
chr13,0.84
chr13,0.913
chr13,0.84
chr13,0.8261
chr13,0.8095
chr13,1.0
chr13,0.8571
chr13,0.8696
chr13,0.913
chr13,0.9167
chr13,0.8
chr13,0.875
chr13,0.8261
chr13,0.84
chr13,0.8
chr13,1.0
chr13,0.9565
chr13,0.8947
chr13,0.85
chr13,0.8696
chr13,0.8095
chr13,0.85
chr13,0.8
chr13,0.72
chr13,0.88
chr13,0.76
chr13,1.0
chr13,0.913
chr13,0.8261
chr13,0.7826
chr13,1.0
chr13,0.8261
chr13,0.913
chr13,0.8095
chr13,0.8261
chr13,0.8824
chr13,1.0
chr13,0.84
chr13,0.88
chr13,0.88
chr13,0.84
chr13,0.85
chr13,0.85
chr13,0.84
chr13,0.8846
chr13,0.8077
chr13,0.8667
chr13,0.8333
chr13,0.95
chr13,0.95
chr13,0.8571
chr13,0.8667
chr13,0.7619
chr13,0.7692
chr13,0.6923
chr13,0.8846
chr13,0.8846
chr13,0.8333
chr13,0.8846
chr13,0.9048
chr13,0.8846
chr13,0.8095
chr13,0.8
chr13,1.0
chr13,0.9048
chr13,0.8182
chr13,0.9048
chr13,0.8462
chr13,0.85
chr13,0.8462
chr13,0.7619
chr13,0.8846
chr13,0.8846
chr13,0.8261
chr13,0.8636
chr13,1.0
chr13,0.95
chr13,0.8636
chr13,0.8095
chr13,0.95
chr13,0.8846
chr13,0.8077
chr13,0.8333
chr13,0.8077
chr13,1.0
chr13,0.9048
chr13,0.8846
chr13,0.7727
chr13,1.0
chr13,0.8846
chr13,0.9048
chr13,0.8
chr13,0.8095
chr13,0.8824
chr13,1.0
chr13,0.8846
chr13,0.7692
chr13,0.7692
chr13,0.8077
chr13,0.95
chr13,0.95
chr13,0.8462
chr13,0.9167
chr13,0.8667
chr13,0.9167
chr13,0.85
chr13,0.85
chr13,0.9048
chr13,0.8667
chr13,0.6667
chr13,0.8462
chr13,0.6923
chr13,1.0
chr13,0.9615
chr13,0.9167
chr13,1.0
chr13,0.8095
chr13,1.0
chr13,0.7143
chr13,0.85
chr13,1.0
chr13,0.8571
chr13,0.9167
chr13,0.8095
chr13,0.92
chr13,0.75
chr13,0.9583
chr13,0.8095
chr13,1.0
chr13,0.9231
chr13,0.8261
chr13,0.8636
chr13,0.8947
chr13,0.85
chr13,0.9167
chr13,0.875
chr13,0.85
chr13,0.9615
chr13,0.8846
chr13,0.9167
chr13,0.9167
chr13,1.0
chr13,0.8095
chr13,1.0
chr13,0.7273
chr13,1.0
chr13,1.0
chr13,0.8095
chr13,0.85
chr13,0.7143
chr13,0.8824
chr13,1.0
chr13,1.0
chr13,0.7692
chr13,0.7692
chr13,0.7692
chr13,0.85
chr13,0.85
chr13,0.9231
chr13,0.7333
chr13,0.8333
chr13,0.75
chr13,0.75
chr13,0.8095
chr13,1.0
chr13,0.7368
chr13,0.9545
chr13,0.7727
chr13,0.913
chr13,0.9167
chr13,0.8333
chr13,0.9167
chr13,0.7143
chr13,0.9167
chr13,0.8333
chr13,0.8333
chr13,0.7619
chr13,0.8333
chr13,0.7143
chr13,0.84
chr13,0.8333
chr13,0.875
chr13,0.8947
chr13,0.9167
chr13,0.9167
chr13,0.76
chr13,0.7917
chr13,0.7895
chr13,0.75
chr13,0.8333
chr13,0.7917
chr13,0.75
chr13,0.9167
chr13,1.0
chr13,0.8333
chr13,1.0
chr13,0.7778
chr13,0.7143
chr13,0.913
chr13,0.8182
chr13,0.7778
chr13,0.913
chr13,0.7143
chr13,0.9444
chr13,0.7895
chr13,0.7647
chr13,0.875
chr13,0.9167
chr13,0.7083
chr13,0.7083
chr13,0.7083
chr13,0.75
chr13,0.75
chr13,0.875
chr13,0.8667
chr13,0.8667
chr13,0.8667
chr13,0.8667
chr13,0.7333
chr13,0.6667
chr13,0.7333
chr13,0.7333
chr13,0.8667
chr13,0.8667
chr13,0.8667
chr13,0.8667
chr13,0.8667
chr13,0.8667
chr13,0.7333
chr13,0.7333
chr13,1.0
chr13,0.8667
chr13,0.8667
chr13,0.8667
chr13,0.8667
chr13,0.7333
chr13,0.8667
chr13,0.7333
chr13,0.8667
chr13,0.8667
chr13,0.8667
chr13,0.8667
chr13,0.8667
chr13,0.8667
chr13,0.8667
chr13,0.8667
chr13,0.8667
chr13,0.8667
chr13,0.7333
chr13,0.8667
chr13,0.7333
chr13,1.0
chr13,0.8667
chr13,0.8667
chr13,0.7333
chr13,1.0
chr13,0.8667
chr13,0.8667
chr13,0.7333
chr13,0.7333
chr13,0.8667
chr13,1.0
chr13,0.8667
chr13,0.8667
chr13,0.8667
chr13,0.8667
chr13,0.8667
chr13,0.8667
chr13,0.8667
chr13,0.85
chr13,0.85
chr13,0.9048
chr13,0.8667
chr13,0.6667
chr13,0.7917
chr13,0.75
chr13,0.913
chr13,0.9167
chr13,1.0
chr13,0.9167
chr13,0.8333
chr13,0.9167
chr13,0.75
chr13,0.85
chr13,1.0
chr13,0.913
chr13,0.8636
chr13,0.8333
chr13,0.84
chr13,0.75
chr13,0.875
chr13,0.8095
chr13,0.9167
chr13,0.9167
chr13,0.88
chr13,0.9167
chr13,0.8947
chr13,0.85
chr13,0.9167
chr13,0.875
chr13,0.85
chr13,0.9167
chr13,0.8333
chr13,1.0
chr13,0.8333
chr13,1.0
chr13,0.8333
chr13,0.913
chr13,0.8333
chr13,1.0
chr13,0.913
chr13,0.8333
chr13,0.85
chr13,0.75
chr13,0.8824
chr13,1.0
chr13,0.9167
chr13,0.8333
chr13,0.8333
chr13,0.8333
chr13,0.85
chr13,0.85
chr13,0.875
chr13,1.0
chr13,0.9048
chr13,0.8667
chr13,0.8095
chr13,0.8
chr13,0.8571
chr13,0.85
chr13,0.85
chr13,0.85
chr13,0.85
chr13,0.9524
chr13,0.85
chr13,0.8571
chr13,0.8
chr13,1.0
chr13,0.9048
chr13,0.85
chr13,0.9524
chr13,0.85
chr13,0.85
chr13,0.9
chr13,0.8095
chr13,0.85
chr13,0.85
chr13,0.85
chr13,0.9091
chr13,1.0
chr13,1.0
chr13,0.9
chr13,0.85
chr13,1.0
chr13,0.85
chr13,0.75
chr13,0.85
chr13,0.75
chr13,1.0
chr13,0.85
chr13,0.8182
chr13,1.0
chr13,0.85
chr13,0.9524
chr13,0.8
chr13,0.8571
chr13,0.8824
chr13,1.0
chr13,0.85
chr13,0.9524
chr13,0.9524
chr13,1.0
chr13,1.0
chr13,1.0
chr13,0.9
chr13,0.9048
chr13,0.8667
chr13,0.8095
chr13,0.8
chr13,0.8571
chr13,0.85
chr13,0.85
chr13,0.85
chr13,0.85
chr13,0.9524
chr13,0.85
chr13,0.8571
chr13,0.8
chr13,1.0
chr13,0.9048
chr13,0.85
chr13,0.9524
chr13,0.85
chr13,0.85
chr13,0.9
chr13,0.8095
chr13,0.85
chr13,0.85
chr13,0.85
chr13,0.9091
chr13,1.0
chr13,1.0
chr13,0.9
chr13,0.85
chr13,1.0
chr13,0.85
chr13,0.75
chr13,0.85
chr13,0.75
chr13,1.0
chr13,0.9524
chr13,0.85
chr13,0.8182
chr13,1.0
chr13,0.85
chr13,0.9524
chr13,0.8
chr13,0.8571
chr13,0.8824
chr13,1.0
chr13,0.85
chr13,0.9524
chr13,0.9524
chr13,1.0
chr13,1.0
chr13,1.0
chr13,0.9
chr13,0.8667
chr13,0.7273
chr13,0.8095
chr13,0.7727
chr13,0.9048
chr13,0.9048
chr13,0.9048
chr13,0.9048
chr13,0.8636
chr13,0.9048
chr13,0.7727
chr13,0.9
chr13,1.0
chr13,0.8571
chr13,0.9545
chr13,0.8636
chr13,0.8636
chr13,0.75
chr13,0.9048
chr13,0.9048
chr13,0.9048
chr13,0.9048
chr13,0.913
chr13,0.9545
chr13,0.8947
chr13,0.9048
chr13,0.9545
chr13,0.9048
chr13,0.9048
chr13,0.9048
chr13,0.8095
chr13,0.9048
chr13,0.8095
chr13,1.0
chr13,0.8636
chr13,0.9048
chr13,0.7727
chr13,1.0
chr13,0.9048
chr13,0.8636
chr13,0.9
chr13,0.7727
chr13,0.8824
chr13,1.0
chr13,0.9048
chr13,0.8636
chr13,0.8636
chr13,0.9048
chr13,0.9048
chr13,0.9048
chr13,0.9048
chr13,0.9231
chr13,1.0
chr13,1.0
chr13,0.8667
chr13,0.8667
chr13,0.8667
chr13,0.8667
chr13,0.8667
chr13,0.8667
chr13,1.0
chr13,0.8462
chr13,0.8333
chr13,0.8667
chr13,0.8667
chr13,0.8667
chr13,0.8667
chr13,1.0
chr13,0.8667
chr13,1.0
chr13,0.8667
chr13,0.8667
chr13,0.8667
chr13,0.8667
chr13,0.8667
chr13,0.8667
chr13,0.8667
chr13,0.8667
chr13,0.8667
chr13,0.8667
chr13,1.0
chr13,0.8667
chr13,1.0
chr13,0.7778
chr13,0.8667
chr13,0.8667
chr13,1.0
chr13,0.7778
chr13,0.8667
chr13,0.8667
chr13,1.0
chr13,1.0
chr13,0.8667
chr13,0.875
chr13,0.8667
chr13,0.8667
chr13,0.8667
chr13,0.8667
chr13,0.8667
chr13,0.8667
chr13,0.8667
chr13,0.7895
chr13,0.9474
chr13,0.6667
chr13,0.6667
chr13,0.6667
chr13,0.6667
chr13,0.8571
chr13,0.6667
chr13,0.9474
chr13,0.6667
chr13,0.75
chr13,0.7619
chr13,0.7391
chr13,0.8571
chr13,0.7619
chr13,0.9444
chr13,0.6667
chr13,0.8
chr13,0.6667
chr13,0.6667
chr13,0.7826
chr13,0.7727
chr13,0.8
chr13,0.8095
chr13,0.6667
chr13,0.7273
chr13,0.8095
chr13,0.6667
chr13,0.7368
chr13,0.6667
chr13,0.7368
chr13,0.8889
chr13,0.8571
chr13,0.6667
chr13,0.85
chr13,0.8889
chr13,0.6667
chr13,0.8571
chr13,0.7778
chr13,0.9474
chr13,0.7059
chr13,0.875
chr13,0.6667
chr13,0.8571
chr13,0.8571
chr13,0.8095
chr13,0.8095
chr13,0.8095
chr13,0.6667
chr13,0.8667
chr13,0.8696
chr13,0.8571
chr13,0.7917
chr13,0.875
chr13,0.7619
chr13,0.875
chr13,0.8421
chr13,0.8333
chr13,0.8333
chr13,0.8095
chr13,0.8261
chr13,0.7619
chr13,0.875
chr13,0.8889
chr13,0.913
chr13,0.8947
chr13,0.875
chr13,0.7667
chr13,0.7917
chr13,0.8261
chr13,0.8421
chr13,0.8
chr13,0.8696
chr13,0.7619
chr13,0.8
chr13,0.9118
chr13,0.9091
chr13,0.7917
chr13,0.9545
chr13,0.7778
chr13,0.7619
chr13,0.8696
chr13,0.85
chr13,0.7778
chr13,0.8696
chr13,0.7619
chr13,0.8421
chr13,0.7647
chr13,0.875
chr13,0.875
chr13,0.8125
chr13,0.7714
chr13,0.8125
chr13,0.8
chr13,0.8
chr13,0.9333
chr13,0.6957
chr13,0.7429
chr13,0.75
chr13,0.72
chr13,0.9048
chr13,0.72
chr13,1.0
chr13,0.7222
chr13,0.8333
chr13,0.8095
chr13,0.7826
chr13,0.9048
chr13,0.75
chr13,1.0
chr13,0.7391
chr13,0.85
chr13,0.72
chr13,0.6333
chr13,0.8261
chr13,0.8182
chr13,0.85
chr13,0.8571
chr13,0.7273
chr13,0.7727
chr13,0.8571
chr13,0.7941
chr13,0.7879
chr13,0.75
chr13,0.7826
chr13,0.7778
chr13,0.9048
chr13,0.6957
chr13,0.9
chr13,0.7778
chr13,0.6957
chr13,0.9048
chr13,0.8333
chr13,1.0
chr13,0.7647
chr13,0.875
chr13,0.72
chr13,0.9333
chr13,0.8
chr13,0.9
chr13,0.8571
chr13,0.8571
chr13,0.8
chr13,1.0
chr13,0.913
chr13,1.0
chr13,0.8095
chr13,1.0
chr13,0.7143
chr13,0.85
chr13,1.0
chr13,0.8571
chr13,0.913
chr13,0.8095
chr13,0.9167
chr13,0.75
chr13,0.9565
chr13,0.8095
chr13,1.0
chr13,1.0
chr13,0.8261
chr13,0.8696
chr13,0.8947
chr13,0.85
chr13,0.913
chr13,0.8696
chr13,0.85
chr13,1.0
chr13,0.913
chr13,0.913
chr13,0.913
chr13,1.0
chr13,0.8095
chr13,1.0
chr13,0.7391
chr13,1.0
chr13,1.0
chr13,0.8095
chr13,0.85
chr13,0.7143
chr13,0.8824
chr13,1.0
chr13,1.0
chr13,0.7826
chr13,0.7826
chr13,0.8261
chr13,0.85
chr13,0.85
chr13,0.9565
chr13,0.9167
chr13,1.0
chr13,0.8095
chr13,1.0
chr13,0.7143
chr13,0.85
chr13,1.0
chr13,0.8571
chr13,0.9167
chr13,0.8095
chr13,0.92
chr13,0.75
chr13,0.9583
chr13,0.8095
chr13,1.0
chr13,0.8667
chr13,0.8261
chr13,0.8947
chr13,0.85
chr13,0.9167
chr13,0.875
chr13,0.85
chr13,0.9429
chr13,0.9429
chr13,0.9167
chr13,0.9167
chr13,1.0
chr13,0.8095
chr13,1.0
chr13,0.7273
chr13,1.0
chr13,1.0
chr13,0.8095
chr13,0.85
chr13,0.7143
chr13,0.8824
chr13,1.0
chr13,1.0
chr13,0.8
chr13,0.8333
chr13,0.8
chr13,0.85
chr13,0.85
chr13,0.9091
chr13,0.9167
chr13,0.8333
chr13,0.9167
chr13,0.75
chr13,0.85
chr13,1.0
chr13,0.913
chr13,0.8636
chr13,0.8333
chr13,0.84
chr13,0.75
chr13,0.875
chr13,0.8095
chr13,0.9167
chr13,0.9167
chr13,0.88
chr13,0.9167
chr13,0.8947
chr13,0.85
chr13,0.9167
chr13,0.875
chr13,0.85
chr13,0.9167
chr13,0.8333
chr13,1.0
chr13,0.8333
chr13,1.0
chr13,0.8333
chr13,0.913
chr13,0.8333
chr13,1.0
chr13,0.913
chr13,0.8333
chr13,0.85
chr13,0.75
chr13,0.8824
chr13,1.0
chr13,0.9167
chr13,0.8333
chr13,0.8333
chr13,0.8333
chr13,0.85
chr13,0.85
chr13,0.875
chr13,0.8095
chr13,1.0
chr13,0.7143
chr13,0.85
chr13,1.0
chr13,0.8571
chr13,0.9167
chr13,0.8095
chr13,0.92
chr13,0.75
chr13,0.9583
chr13,0.8095
chr13,1.0
chr13,1.0
chr13,0.84
chr13,0.875
chr13,0.8947
chr13,0.85
chr13,0.9167
chr13,0.875
chr13,0.85
chr13,1.0
chr13,0.9167
chr13,0.9167
chr13,0.9167
chr13,1.0
chr13,0.8095
chr13,1.0
chr13,0.75
chr13,1.0
chr13,1.0
chr13,0.8095
chr13,0.85
chr13,0.7143
chr13,0.8824
chr13,1.0
chr13,1.0
chr13,0.7917
chr13,0.7917
chr13,0.7917
chr13,0.85
chr13,0.85
chr13,0.9583
chr13,0.8095
chr13,0.9048
chr13,0.75
chr13,1.0
chr13,0.9048
chr13,0.8696
chr13,1.0
chr13,0.9048
chr13,0.9
chr13,0.8571
chr13,0.7727
chr13,0.8095
chr13,0.8095
chr13,0.913
chr13,0.9091
chr13,0.95
chr13,0.9524
chr13,0.8571
chr13,0.8636
chr13,0.9524
chr13,0.8095
chr13,0.7143
chr13,0.8095
chr13,0.7143
chr13,1.0
chr13,1.0
chr13,0.8095
chr13,0.8182
chr13,1.0
chr13,0.8095
chr13,1.0
chr13,0.75
chr13,0.9048
chr13,0.8824
chr13,1.0
chr13,0.8095
chr13,1.0
chr13,1.0
chr13,0.9524
chr13,0.9524
chr13,0.9524
chr13,0.8571
chr13,0.7143
chr13,0.85
chr13,1.0
chr13,0.8571
chr13,0.9167
chr13,0.8095
chr13,0.92
chr13,0.75
chr13,0.9583
chr13,0.8095
chr13,1.0
chr13,1.0
chr13,0.84
chr13,0.875
chr13,0.8947
chr13,0.85
chr13,0.9167
chr13,0.875
chr13,1.0
chr13,0.9167
chr13,0.9167
chr13,0.9167
chr13,1.0
chr13,0.8095
chr13,1.0
chr13,0.75
chr13,1.0
chr13,1.0
chr13,0.8095
chr13,0.85
chr13,0.7143
chr13,0.8824
chr13,1.0
chr13,1.0
chr13,0.7917
chr13,0.7917
chr13,0.7917
chr13,0.85
chr13,0.85
chr13,0.9583
chr13,0.7222
chr13,0.8333
chr13,0.8095
chr13,0.7826
chr13,0.9048
chr13,0.8095
chr13,1.0
chr13,0.7619
chr13,0.85
chr13,0.7143
chr13,0.7143
chr13,0.8261
chr13,0.8182
chr13,0.85
chr13,0.8571
chr13,0.7619
chr13,0.7727
chr13,0.8571
chr13,0.7143
chr13,0.7895
chr13,0.7143
chr13,0.7895
chr13,0.7778
chr13,0.9048
chr13,0.7143
chr13,0.9
chr13,0.7778
chr13,0.7143
chr13,0.9048
chr13,0.8333
chr13,1.0
chr13,0.7647
chr13,0.875
chr13,0.7143
chr13,0.9048
chr13,0.9048
chr13,0.8571
chr13,0.8571
chr13,0.8571
chr13,0.7619
chr13,0.8333
chr13,0.75
chr13,0.8571
chr13,0.75
chr13,0.8095
chr13,0.7222
chr13,0.85
chr13,0.8889
chr13,0.85
chr13,0.85
chr13,0.8095
chr13,0.85
chr13,0.8
chr13,0.8
chr13,0.85
chr13,0.8
chr13,0.8
chr13,0.85
chr13,0.8333
chr13,0.85
chr13,0.8333
chr13,0.7778
chr13,0.75
chr13,0.85
chr13,0.7222
chr13,0.7778
chr13,0.85
chr13,0.75
chr13,0.8889
chr13,0.7222
chr13,0.7647
chr13,0.75
chr13,0.85
chr13,0.75
chr13,0.75
chr13,0.8
chr13,0.8
chr13,0.8
chr13,0.85
chr13,1.0
chr13,1.0
chr13,1.0
chr13,1.0
chr13,0.8333
chr13,1.0
chr13,0.8333
chr13,1.0
chr13,1.0
chr13,1.0
chr13,1.0
chr13,1.0
chr13,1.0
chr13,1.0
chr13,1.0
chr13,1.0
chr13,1.0
chr13,0.8333
chr13,1.0
chr13,0.8333
chr13,1.0
chr13,1.0
chr13,1.0
chr13,0.8333
chr13,1.0
chr13,1.0
chr13,1.0
chr13,0.8333
chr13,0.8333
chr13,1.0
chr13,1.0
chr13,1.0
chr13,1.0
chr13,1.0
chr13,1.0
chr13,1.0
chr13,1.0
chr13,1.0
chr13,0.9048
chr13,0.9048
chr13,0.8571
chr13,0.8095
chr13,0.9048
chr13,0.7619
chr13,0.8571
chr13,0.8571
chr13,0.8571
chr13,0.9048
chr13,0.9048
chr13,0.9048
chr13,0.9048
chr13,0.9524
chr13,0.9048
chr13,0.8571
chr13,0.913
chr13,0.7619
chr13,1.0
chr13,0.9048
chr13,0.8571
chr13,0.9048
chr13,1.0
chr13,0.8571
chr13,0.9048
chr13,0.7619
chr13,0.8095
chr13,0.8824
chr13,1.0
chr13,0.8571
chr13,0.9048
chr13,0.9048
chr13,0.9048
chr13,0.9048
chr13,0.9048
chr13,0.9048
chr13,0.8696
chr13,0.875
chr13,0.75
chr13,0.913
chr13,0.8636
chr13,0.9167
chr13,0.9167
chr13,0.8696
chr13,0.913
chr13,0.8636
chr13,0.913
chr13,0.9545
chr13,0.8636
chr13,0.9167
chr13,0.8333
chr13,0.8636
chr13,0.8333
chr13,1.0
chr13,0.8696
chr13,0.913
chr13,0.8182
chr13,1.0
chr13,0.913
chr13,0.8696
chr13,0.8571
chr13,0.7826
chr13,0.8824
chr13,1.0
chr13,0.9167
chr13,0.8696
chr13,0.8696
chr13,0.8636
chr13,0.8636
chr13,0.8636
chr13,0.913
chr13,0.9048
chr13,0.9
chr13,0.8571
chr13,0.7727
chr13,0.8095
chr13,0.8095
chr13,0.913
chr13,0.9091
chr13,0.95
chr13,0.9524
chr13,0.8571
chr13,0.8636
chr13,0.9524
chr13,0.8095
chr13,0.7143
chr13,0.8095
chr13,0.7143
chr13,1.0
chr13,1.0
chr13,0.8095
chr13,0.8182
chr13,1.0
chr13,0.8095
chr13,1.0
chr13,0.75
chr13,0.9048
chr13,0.8824
chr13,1.0
chr13,0.8095
chr13,1.0
chr13,1.0
chr13,0.9524
chr13,0.9524
chr13,0.9524
chr13,0.8571
chr13,0.85
chr13,0.9583
chr13,0.7917
chr13,0.92
chr13,0.92
chr13,0.9167
chr13,0.875
chr13,0.8947
chr13,0.85
chr13,0.9167
chr13,0.8333
chr13,0.85
chr13,0.92
chr13,0.84
chr13,0.84
chr13,0.84
chr13,1.0
chr13,0.9048
chr13,0.9167
chr13,0.7273
chr13,1.0
chr13,0.9167
chr13,0.9048
chr13,0.8095
chr13,0.8095
chr13,0.8824
chr13,1.0
chr13,0.92
chr13,0.8333
chr13,0.8333
chr13,0.7917
chr13,0.85
chr13,0.85
chr13,0.9583
chr13,0.8
chr13,0.8333
chr13,0.75
chr13,0.75
chr13,0.8
chr13,0.8095
chr13,0.85
chr13,0.85
chr13,0.8
chr13,0.75
chr13,0.85
chr13,0.75
chr13,0.8333
chr13,0.75
chr13,0.8333
chr13,0.7778
chr13,0.9
chr13,0.75
chr13,0.8947
chr13,0.7778
chr13,0.75
chr13,0.9
chr13,0.8333
chr13,1.0
chr13,0.7647
chr13,0.875
chr13,0.75
chr13,0.9
chr13,0.9
chr13,0.85
chr13,0.85
chr13,0.85
chr13,0.8
chr13,0.8261
chr13,0.9583
chr13,0.9583
chr13,0.875
chr13,0.913
chr13,0.9474
chr13,0.9
chr13,0.9565
chr13,0.8696
chr13,0.9
chr13,0.9583
chr13,0.875
chr13,0.875
chr13,0.875
chr13,1.0
chr13,0.8571
chr13,0.7727
chr13,1.0
chr13,0.9565
chr13,0.8571
chr13,0.85
chr13,0.7619
chr13,0.8824
chr13,1.0
chr13,0.9583
chr13,0.8261
chr13,0.8261
chr13,0.8261
chr13,0.9
chr13,0.9
chr13,1.0
chr13,0.8095
chr13,0.8095
chr13,0.8261
chr13,0.8636
chr13,0.7895
chr13,0.8095
chr13,0.8636
chr13,0.8095
chr13,0.8095
chr13,0.8095
chr13,0.8947
chr13,0.8095
chr13,0.8947
chr13,0.7778
chr13,0.7727
chr13,0.8095
chr13,0.85
chr13,0.7778
chr13,0.8095
chr13,0.7727
chr13,1.0
chr13,0.85
chr13,0.7647
chr13,0.875
chr13,0.8095
chr13,0.7727
chr13,0.7727
chr13,0.8095
chr13,0.8095
chr13,0.8095
chr13,0.8095
chr13,1.0
chr13,0.84
chr13,0.875
chr13,0.8947
chr13,0.85
chr13,0.9167
chr13,0.875
chr13,0.85
chr13,1.0
chr13,0.9167
chr13,0.9167
chr13,0.9167
chr13,1.0
chr13,0.8095
chr13,1.0
chr13,0.75
chr13,1.0
chr13,1.0
chr13,0.8095
chr13,0.85
chr13,0.7143
chr13,1.0
chr13,1.0
chr13,0.7917
chr13,0.7917
chr13,0.7917
chr13,0.85
chr13,0.85
chr13,0.9583
chr13,0.8261
chr13,0.8636
chr13,0.8947
chr13,0.85
chr13,0.9167
chr13,0.875
chr13,0.85
chr13,0.8667
chr13,0.8
chr13,0.9167
chr13,0.9167
chr13,1.0
chr13,0.8095
chr13,1.0
chr13,0.7273
chr13,1.0
chr13,1.0
chr13,0.8095
chr13,0.85
chr13,0.7143
chr13,0.8824
chr13,1.0
chr13,1.0
chr13,0.7
chr13,0.7
chr13,0.7333
chr13,0.85
chr13,0.85
chr13,0.8333
chr13,0.9565
chr13,0.8947
chr13,0.8696
chr13,0.8696
chr13,0.8261
chr13,0.8696
chr13,0.8261
chr13,0.7391
chr13,0.88
chr13,0.7391
chr13,1.0
chr13,0.913
chr13,0.8261
chr13,0.7826
chr13,1.0
chr13,0.8261
chr13,0.913
chr13,0.8095
chr13,0.8261
chr13,0.8824
chr13,1.0
chr13,0.8261
chr13,0.913
chr13,0.913
chr13,0.8696
chr13,0.8696
chr13,0.8696
chr13,0.875
chr13,0.8947
chr13,0.9091
chr13,0.9091
chr13,0.8636
chr13,0.9091
chr13,0.8636
chr13,0.7727
chr13,0.9167
chr13,0.7727
chr13,1.0
chr13,0.9091
chr13,0.8636
chr13,0.8182
chr13,1.0
chr13,0.8636
chr13,0.9091
chr13,0.85
chr13,0.8182
chr13,0.8824
chr13,1.0
chr13,0.8636
chr13,0.9091
chr13,0.9091
chr13,0.9091
chr13,0.9091
chr13,0.9091
chr13,0.913
chr13,1.0
chr13,0.9474
chr13,0.8947
chr13,1.0
chr13,0.8947
chr13,0.7895
chr13,0.8947
chr13,0.7895
chr13,1.0
chr13,0.95
chr13,0.8947
chr13,0.7895
chr13,1.0
chr13,0.8947
chr13,0.95
chr13,0.7895
chr13,0.85
chr13,0.8824
chr13,1.0
chr13,0.8947
chr13,0.95
chr13,0.95
chr13,1.0
chr13,1.0
chr13,1.0
chr13,0.9474
chr13,0.9
chr13,0.85
chr13,1.0
chr13,0.85
chr13,0.75
chr13,0.85
chr13,0.75
chr13,1.0
chr13,0.9524
chr13,0.85
chr13,0.8182
chr13,1.0
chr13,0.85
chr13,0.9524
chr13,0.8
chr13,0.8571
chr13,0.8824
chr13,1.0
chr13,0.85
chr13,0.9524
chr13,0.9524
chr13,1.0
chr13,1.0
chr13,1.0
chr13,0.9
chr13,0.9091
chr13,0.9
chr13,0.9167
chr13,0.8333
chr13,0.9167
chr13,0.8333
chr13,1.0
chr13,0.8571
chr13,0.913
chr13,0.7826
chr13,1.0
chr13,0.913
chr13,0.8571
chr13,0.85
chr13,0.7619
chr13,0.8824
chr13,1.0
chr13,0.9167
chr13,0.8182
chr13,0.8182
chr13,0.8636
chr13,0.9
chr13,0.9
chr13,0.9565
chr13,0.8571
chr13,0.875
chr13,0.7917
chr13,0.875
chr13,0.7917
chr13,1.0
chr13,0.8636
chr13,0.8696
chr13,0.8636
chr13,1.0
chr13,0.8696
chr13,0.8636
chr13,0.8
chr13,0.7727
chr13,0.8824
chr13,1.0
chr13,0.875
chr13,0.8636
chr13,0.8636
chr13,0.8571
chr13,0.8571
chr13,0.8571
chr13,0.8571
chr13,0.85
chr13,0.75
chr13,0.85
chr13,0.75
chr13,1.0
chr13,0.9524
chr13,0.85
chr13,0.8182
chr13,1.0
chr13,0.85
chr13,0.9524
chr13,0.8
chr13,0.8571
chr13,0.8824
chr13,1.0
chr13,0.85
chr13,0.9524
chr13,0.9524
chr13,1.0
chr13,1.0
chr13,1.0
chr13,0.9
chr13,0.8857
chr13,0.9167
chr13,0.9167
chr13,1.0
chr13,0.8095
chr13,1.0
chr13,0.7273
chr13,1.0
chr13,1.0
chr13,0.8095
chr13,0.85
chr13,0.7143
chr13,0.8824
chr13,1.0
chr13,1.0
chr13,0.8485
chr13,0.8
chr13,0.8485
chr13,0.85
chr13,0.85
chr13,0.9677
chr13,0.8333
chr13,1.0
chr13,0.7778
chr13,0.7143
chr13,0.913
chr13,0.8
chr13,0.7778
chr13,0.913
chr13,0.7143
chr13,0.9444
chr13,0.7895
chr13,0.7647
chr13,0.875
chr13,0.9167
chr13,0.7429
chr13,0.7778
chr13,0.7429
chr13,0.75
chr13,0.75
chr13,0.8485
chr13,0.8333
chr13,1.0
chr13,0.8333
chr13,0.913
chr13,0.8333
chr13,1.0
chr13,0.913
chr13,0.8333
chr13,0.85
chr13,0.75
chr13,0.8824
chr13,1.0
chr13,0.9167
chr13,0.8333
chr13,0.8333
chr13,0.8333
chr13,0.85
chr13,0.85
chr13,0.875
chr13,0.7778
chr13,0.7143
chr13,0.913
chr13,0.8182
chr13,0.7778
chr13,0.913
chr13,0.7143
chr13,0.9444
chr13,0.7895
chr13,0.7647
chr13,0.875
chr13,0.9167
chr13,0.7083
chr13,0.7083
chr13,0.7083
chr13,0.75
chr13,0.75
chr13,0.875
chr13,1.0
chr13,1.0
chr13,0.7778
chr13,1.0
chr13,1.0
chr13,1.0
chr13,0.7778
chr13,0.7778
chr13,1.0
chr13,1.0
chr13,1.0
chr13,1.0
chr13,1.0
chr13,1.0
chr13,1.0
chr13,1.0
chr13,0.8095
chr13,0.8182
chr13,1.0
chr13,0.8095
chr13,1.0
chr13,0.75
chr13,0.9048
chr13,0.8824
chr13,1.0
chr13,0.8095
chr13,1.0
chr13,1.0
chr13,0.9524
chr13,0.9524
chr13,0.9524
chr13,0.8571
chr13,0.7391
chr13,1.0
chr13,1.0
chr13,0.8095
chr13,0.85
chr13,0.7143
chr13,0.8824
chr13,1.0
chr13,1.0
chr13,0.7826
chr13,0.7826
chr13,0.8261
chr13,0.85
chr13,0.85
chr13,0.9565
chr13,0.7778
chr13,0.7273
chr13,0.8182
chr13,0.8333
chr13,0.9
chr13,0.7647
chr13,0.875
chr13,0.7273
chr13,0.8182
chr13,0.8182
chr13,0.8182
chr13,0.8182
chr13,0.8182
chr13,0.7727
chr13,1.0
chr13,1.0
chr13,0.7778
chr13,0.7778
chr13,1.0
chr13,1.0
chr13,1.0
chr13,1.0
chr13,1.0
chr13,1.0
chr13,1.0
chr13,1.0
chr13,1.0
chr13,0.8095
chr13,0.85
chr13,0.7143
chr13,0.8824
chr13,1.0
chr13,1.0
chr13,0.7826
chr13,0.7826
chr13,0.8261
chr13,0.85
chr13,0.85
chr13,0.9565
chr13,0.75
chr13,0.9048
chr13,0.8824
chr13,1.0
chr13,0.8095
chr13,1.0
chr13,1.0
chr13,0.9524
chr13,0.9524
chr13,0.9524
chr13,0.8571
chr13,0.8333
chr13,0.7647
chr13,0.875
chr13,0.85
chr13,0.75
chr13,0.75
chr13,0.8
chr13,0.8
chr13,0.8
chr13,0.85
chr13,0.7647
chr13,0.875
chr13,0.7143
chr13,0.9048
chr13,0.9048
chr13,0.8571
chr13,0.8571
chr13,0.7619
chr13,1.0
chr13,0.8824
chr13,0.8824
chr13,0.8824
chr13,0.8824
chr13,0.8824
chr13,0.8824
chr13,0.8824
chr13,1.0
chr13,1.0
chr13,1.0
chr13,1.0
chr13,1.0
chr13,1.0
chr13,1.0
chr13,0.7917
chr13,0.7917
chr13,0.7917
chr13,0.85
chr13,0.85
chr13,0.9583
chr13,0.8667
chr13,0.9667
chr13,0.9524
chr13,0.9524
chr13,0.8667
chr13,0.8333
chr13,0.9524
chr13,0.9524
chr13,0.8125
chr13,1.0
chr13,1.0
chr13,0.8667
chr13,1.0
chr13,0.9
chr13,0.9
chr15,0.7
chr15,0.8333
chr15,0.7857
chr15,0.7778
chr15,1.0
chr15,0.7368
chr15,1.0
chr15,0.7308
chr15,1.0
chr15,1.0
chr15,1.0
chr15,0.8333
chr15,0.7692
chr15,0.7333
chr15,0.8947
chr15,0.7
chr15,1.0
chr15,0.8
chr15,0.8
chr15,0.75
chr15,0.7647
chr15,0.8095
chr15,0.7812
chr15,0.7647
chr15,0.6875
chr15,1.0
chr15,0.8947
chr15,0.7391
chr15,0.8125
chr15,0.8421
chr15,0.875
chr15,0.6818
chr15,0.6957
chr15,0.7692
chr15,0.7368
chr15,0.8125
chr15,0.7692
chr15,0.8333
chr15,0.8421
chr15,0.7647
chr15,0.8125
chr15,0.8125
chr15,0.7391
chr15,0.9167
chr15,0.7391
chr15,1.0
chr15,0.8462
chr15,0.8333
chr15,0.7391
chr15,0.8947
chr15,0.7647
chr15,0.7308
chr15,0.8125
chr15,0.7826
chr15,0.7895
chr15,1.0
chr15,0.8333
chr15,0.7368
chr15,0.8125
chr15,0.8333
chr15,0.7188
chr15,0.7188
chr15,1.0
chr15,0.6842
chr15,0.6667
chr15,0.8438
chr15,1.0
chr15,1.0
chr15,1.0
chr15,0.625
chr15,0.7273
chr15,0.9412
chr15,0.7059
chr15,0.8571
chr15,1.0
chr15,0.8
chr15,0.8095
chr15,0.9
chr15,0.7647
chr15,0.7391
chr15,0.9091
chr15,0.7059
chr15,0.6875
chr15,0.9167
chr15,0.7059
chr15,1.0
chr15,0.75
chr15,0.8182
chr15,0.875
chr15,0.9545
chr15,0.9565
chr15,0.8125
chr15,0.9474
chr15,0.75
chr15,0.7812
chr15,0.8333
chr15,0.7391
chr15,0.75
chr15,0.75
chr15,0.7727
chr15,0.9167
chr15,0.9545
chr15,1.0
chr15,0.625
chr15,0.6667
chr15,1.0
chr15,0.6842
chr15,0.7647
chr15,0.6522
chr15,0.75
chr15,0.9565
chr15,0.7727
chr15,1.0
chr15,0.8333
chr15,0.9474
chr15,0.75
chr15,0.8333
chr15,0.8333
chr15,0.8333
chr15,1.0
chr15,0.8333
chr15,1.0
chr15,0.8333
chr15,0.8333
chr15,0.8333
chr15,0.9091
chr15,0.8333
chr15,0.8333
chr15,0.8333
chr15,0.8333
chr15,0.8333
chr15,0.8333
chr15,1.0
chr15,0.8333
chr15,0.8333
chr15,1.0
chr15,0.8333
chr15,1.0
chr15,0.9167
chr15,0.8333
chr15,0.8333
chr15,0.8333
chr15,0.8333
chr15,0.9167
chr15,0.75
chr15,0.8333
chr15,0.8333
chr15,0.8333
chr15,0.8333
chr15,0.8333
chr15,0.8333
chr15,1.0
chr15,1.0
chr15,0.8333
chr15,0.8333
chr15,0.8333
chr15,0.8333
chr15,0.8333
chr15,0.8333
chr15,0.8333
chr15,0.8333
chr15,1.0
chr15,0.8333
chr15,0.8333
chr15,0.8333
chr15,0.8333
chr15,0.8333
chr15,0.8333
chr15,1.0
chr15,0.8333
chr15,1.0
chr15,0.8333
chr15,0.8333
chr15,1.0
chr15,1.0
chr15,0.8947
chr15,0.7778
chr15,0.8276
chr15,1.0
chr15,1.0
chr15,1.0
chr15,0.7059
chr15,0.7931
chr15,0.6154
chr15,0.8824
chr15,0.75
chr15,1.0
chr15,0.9333
chr15,0.7368
chr15,0.75
chr15,1.0
chr15,0.8095
chr15,0.75
chr15,0.8235
chr15,0.875
chr15,1.0
chr15,0.8824
chr15,0.6957
chr15,0.9412
chr15,0.8421
chr15,0.875
chr15,0.7273
chr15,0.7391
chr15,0.8889
chr15,0.7368
chr15,0.9412
chr15,0.8571
chr15,0.8333
chr15,0.7895
chr15,1.0
chr15,0.9412
chr15,0.9412
chr15,0.9167
chr15,0.6957
chr15,1.0
chr15,0.8462
chr15,0.7778
chr15,0.6957
chr15,0.8947
chr15,1.0
chr15,0.8846
chr15,0.9412
chr15,0.6522
chr15,0.8421
chr15,1.0
chr15,0.8333
chr15,0.7368
chr15,0.9412
chr15,1.0
chr15,0.8947
chr15,0.7778
chr15,0.8214
chr15,1.0
chr15,1.0
chr15,1.0
chr15,0.7059
chr15,0.7857
chr15,0.64
chr15,0.8824
chr15,0.7407
chr15,1.0
chr15,0.9333
chr15,0.7368
chr15,0.75
chr15,1.0
chr15,0.8095
chr15,0.68
chr15,0.8235
chr15,0.875
chr15,1.0
chr15,0.8824
chr15,0.6957
chr15,0.9412
chr15,0.8421
chr15,0.875
chr15,0.7273
chr15,0.7391
chr15,0.8846
chr15,0.7368
chr15,0.9412
chr15,0.8519
chr15,0.8333
chr15,0.7895
chr15,1.0
chr15,0.9412
chr15,0.9412
chr15,0.8636
chr15,0.9167
chr15,0.6957
chr15,1.0
chr15,0.84
chr15,0.7778
chr15,0.6957
chr15,0.8947
chr15,1.0
chr15,0.88
chr15,0.9412
chr15,0.68
chr15,0.8421
chr15,1.0
chr15,0.8333
chr15,0.7368
chr15,0.9412
chr15,0.8
chr15,1.0
chr15,0.8
chr15,1.0
chr15,1.0
chr15,1.0
chr15,0.8889
chr15,1.0
chr15,1.0
chr15,1.0
chr15,1.0
chr15,1.0
chr15,1.0
chr15,0.8
chr15,1.0
chr15,1.0
chr15,0.8
chr15,1.0
chr15,0.8
chr15,0.8
chr15,1.0
chr15,1.0
chr15,1.0
chr15,1.0
chr15,0.9
chr15,0.875
chr15,1.0
chr15,1.0
chr15,1.0
chr15,1.0
chr15,1.0
chr15,1.0
chr15,0.8
chr15,0.8
chr15,1.0
chr15,1.0
chr15,1.0
chr15,1.0
chr15,1.0
chr15,1.0
chr15,1.0
chr15,1.0
chr15,0.8
chr15,1.0
chr15,1.0
chr15,1.0
chr15,1.0
chr15,1.0
chr15,1.0
chr15,0.8
chr15,1.0
chr15,0.8
chr15,1.0
chr15,1.0
chr15,0.7222
chr15,0.9474
chr15,0.8
chr15,0.8333
chr15,0.8
chr15,0.7778
chr15,0.7368
chr15,0.6842
chr15,0.7895
chr15,0.6842
chr15,0.8
chr15,0.8235
chr15,0.8421
chr15,0.6842
chr15,0.8947
chr15,0.9048
chr15,0.6842
chr15,0.9412
chr15,0.8889
chr15,0.8571
chr15,0.7895
chr15,0.6842
chr15,0.8421
chr15,0.8947
chr15,0.75
chr15,0.7727
chr15,0.7826
chr15,0.8421
chr15,0.6842
chr15,0.8421
chr15,0.7368
chr15,1.0
chr15,0.8947
chr15,0.8947
chr15,0.8421
chr15,0.8421
chr15,0.8947
chr15,0.75
chr15,0.6842
chr15,0.8
chr15,0.7895
chr15,0.8889
chr15,0.6842
chr15,0.8421
chr15,0.8947
chr15,0.7368
chr15,0.8421
chr15,0.6842
chr15,0.9474
chr15,0.8
chr15,1.0
chr15,0.6842
chr15,0.8421
chr15,0.7778
chr15,1.0
chr15,1.0
chr15,1.0
chr15,0.8235
chr15,0.8889
chr15,0.6667
chr15,0.8889
chr15,0.6667
chr15,1.0
chr15,0.8
chr15,0.8
chr15,0.7368
chr15,0.7778
chr15,0.8
chr15,0.7727
chr15,0.7778
chr15,0.6875
chr15,1.0
chr15,0.8889
chr15,0.6667
chr15,0.8333
chr15,0.8333
chr15,0.875
chr15,0.6667
chr15,0.6667
chr15,0.8333
chr15,0.7368
chr15,0.8333
chr15,0.8889
chr15,0.8333
chr15,0.8333
chr15,0.7778
chr15,0.8333
chr15,0.8333
chr15,0.7778
chr15,0.9167
chr15,0.6667
chr15,1.0
chr15,0.8889
chr15,0.8333
chr15,0.6667
chr15,0.8889
chr15,0.7778
chr15,0.7778
chr15,0.8333
chr15,0.7727
chr15,0.7778
chr15,1.0
chr15,0.8333
chr15,0.7368
chr15,0.8333
chr15,0.8
chr15,0.8333
chr15,0.8
chr15,0.8235
chr15,0.8065
chr15,0.8
chr15,0.8421
chr15,0.6786
chr15,0.8
chr15,0.8235
chr15,0.8947
chr15,0.7
chr15,0.8421
chr15,0.8571
chr15,0.7647
chr15,1.0
chr15,0.8333
chr15,0.8571
chr15,0.8421
chr15,0.7727
chr15,0.8889
chr15,0.9444
chr15,0.75
chr15,0.7273
chr15,0.7391
chr15,0.931
chr15,0.6842
chr15,0.8889
chr15,0.8667
chr15,1.0
chr15,0.9474
chr15,0.8421
chr15,0.8889
chr15,0.8889
chr15,0.75
chr15,0.75
chr15,0.7273
chr15,0.8
chr15,0.7667
chr15,0.9444
chr15,0.7727
chr15,0.7895
chr15,0.8421
chr15,0.7931
chr15,0.8889
chr15,0.7391
chr15,1.0
chr15,0.8
chr15,1.0
chr15,0.6842
chr15,0.8889
chr15,1.0
chr15,1.0
chr15,0.8889
chr15,1.0
chr15,1.0
chr15,1.0
chr15,1.0
chr15,1.0
chr15,1.0
chr15,0.8
chr15,1.0
chr15,1.0
chr15,0.8
chr15,1.0
chr15,0.8
chr15,0.8
chr15,1.0
chr15,1.0
chr15,1.0
chr15,1.0
chr15,0.9
chr15,0.875
chr15,1.0
chr15,1.0
chr15,1.0
chr15,1.0
chr15,1.0
chr15,1.0
chr15,0.8
chr15,0.8
chr15,1.0
chr15,1.0
chr15,1.0
chr15,1.0
chr15,1.0
chr15,1.0
chr15,1.0
chr15,0.8
chr15,1.0
chr15,1.0
chr15,1.0
chr15,1.0
chr15,1.0
chr15,1.0
chr15,0.8
chr15,1.0
chr15,0.8
chr15,1.0
chr15,1.0
chr15,1.0
chr15,1.0
chr15,1.0
chr15,1.0
chr15,1.0
chr15,1.0
chr15,1.0
chr15,1.0
chr15,0.8333
chr15,1.0
chr15,1.0
chr15,0.8333
chr15,1.0
chr15,0.8333
chr15,0.8333
chr15,1.0
chr15,1.0
chr15,1.0
chr15,1.0
chr15,1.0
chr15,1.0
chr15,1.0
chr15,1.0
chr15,1.0
chr15,1.0
chr15,1.0
chr15,1.0
chr15,0.8333
chr15,0.8333
chr15,1.0
chr15,1.0
chr15,1.0
chr15,1.0
chr15,1.0
chr15,1.0
chr15,1.0
chr15,1.0
chr15,0.8333
chr15,1.0
chr15,1.0
chr15,1.0
chr15,1.0
chr15,1.0
chr15,1.0
chr15,0.8333
chr15,1.0
chr15,0.8333
chr15,1.0
chr15,1.0
chr15,0.8889
chr15,1.0
chr15,1.0
chr15,1.0
chr15,1.0
chr15,1.0
chr15,1.0
chr15,0.8
chr15,1.0
chr15,1.0
chr15,0.8
chr15,1.0
chr15,0.8
chr15,0.8
chr15,1.0
chr15,1.0
chr15,1.0
chr15,1.0
chr15,0.9
chr15,0.875
chr15,1.0
chr15,1.0
chr15,1.0
chr15,1.0
chr15,1.0
chr15,1.0
chr15,0.8
chr15,0.8
chr15,1.0
chr15,1.0
chr15,1.0
chr15,1.0
chr15,1.0
chr15,1.0
chr15,1.0
chr15,1.0
chr15,0.8
chr15,1.0
chr15,1.0
chr15,1.0
chr15,1.0
chr15,1.0
chr15,1.0
chr15,0.8
chr15,1.0
chr15,0.8
chr15,1.0
chr15,1.0
chr15,0.7647
chr15,0.625
chr15,0.8235
chr15,0.625
chr15,0.8889
chr15,0.6875
chr15,0.7647
chr15,0.7895
chr15,0.7059
chr15,0.7647
chr15,0.7727
chr15,0.8125
chr15,0.7333
chr15,0.8182
chr15,0.8235
chr15,0.625
chr15,0.75
chr15,0.8824
chr15,0.8571
chr15,0.625
chr15,0.625
chr15,0.75
chr15,0.7778
chr15,0.75
chr15,0.7647
chr15,0.9091
chr15,0.8889
chr15,0.7059
chr15,0.75
chr15,0.75
chr15,0.7059
chr15,0.8182
chr15,0.625
chr15,0.8889
chr15,0.8235
chr15,0.8824
chr15,0.625
chr15,0.6875
chr15,0.7059
chr15,0.6875
chr15,0.75
chr15,0.7727
chr15,0.8235
chr15,0.8889
chr15,0.9091
chr15,0.7778
chr15,0.75
chr15,0.7143
chr15,0.9412
chr15,0.6552
chr15,1.0
chr15,0.8667
chr15,0.75
chr15,0.75
chr15,0.8235
chr15,0.6667
chr15,0.697
chr15,0.8333
chr15,0.75
chr15,1.0
chr15,0.9412
chr15,0.6818
chr15,0.8824
chr15,0.7895
chr15,0.875
chr15,0.6818
chr15,0.6522
chr15,0.8667
chr15,0.7895
chr15,0.8824
chr15,0.8333
chr15,0.8421
chr15,0.8235
chr15,0.8824
chr15,0.8824
chr15,0.7727
chr15,0.9167
chr15,0.6818
chr15,1.0
chr15,0.7917
chr15,0.8889
chr15,0.6818
chr15,0.7368
chr15,0.8235
chr15,0.7391
chr15,0.8824
chr15,0.6957
chr15,0.7895
chr15,1.0
chr15,0.8333
chr15,0.7895
chr15,0.8824
chr15,0.7059
chr15,0.8571
chr15,1.0
chr15,0.8
chr15,0.8095
chr15,0.9
chr15,0.7647
chr15,0.7391
chr15,0.8611
chr15,0.7059
chr15,0.6875
chr15,0.9167
chr15,0.7059
chr15,1.0
chr15,0.75
chr15,0.8182
chr15,0.875
chr15,0.9545
chr15,0.9565
chr15,0.7714
chr15,0.9474
chr15,0.75
chr15,0.7714
chr15,0.8333
chr15,0.7391
chr15,0.7647
chr15,0.75
chr15,0.75
chr15,0.7727
chr15,0.9167
chr15,0.9545
chr15,1.0
chr15,0.625
chr15,0.6667
chr15,1.0
chr15,0.6842
chr15,0.7647
chr15,0.6522
chr15,0.75
chr15,0.9565
chr15,0.7727
chr15,1.0
chr15,0.8333
chr15,0.9474
chr15,0.75
chr15,0.7059
chr15,1.0
chr15,0.8824
chr15,0.75
chr15,0.8
chr15,0.8824
chr15,0.7368
chr15,0.7059
chr15,0.8333
chr15,0.75
chr15,1.0
chr15,1.0
chr15,0.7059
chr15,0.9412
chr15,0.8421
chr15,0.875
chr15,0.7059
chr15,0.7059
chr15,0.9412
chr15,0.7895
chr15,0.9412
chr15,0.9412
chr15,0.8333
chr15,0.8947
chr15,0.8824
chr15,0.9412
chr15,0.9412
chr15,0.8824
chr15,0.9167
chr15,0.7059
chr15,1.0
chr15,1.0
chr15,0.8889
chr15,0.7059
chr15,0.8235
chr15,0.8824
chr15,0.8235
chr15,0.9412
chr15,0.7059
chr15,0.8421
chr15,1.0
chr15,0.8333
chr15,0.7895
chr15,0.9412
chr15,1.0
chr15,0.8
chr15,0.8095
chr15,0.9
chr15,0.7647
chr15,0.7391
chr15,0.875
chr15,0.7059
chr15,0.6875
chr15,0.9167
chr15,0.7059
chr15,1.0
chr15,0.75
chr15,0.8182
chr15,0.875
chr15,0.9545
chr15,0.9565
chr15,0.7143
chr15,0.9474
chr15,0.75
chr15,0.7241
chr15,0.8333
chr15,0.7391
chr15,0.7647
chr15,0.75
chr15,0.75
chr15,0.7727
chr15,0.9167
chr15,0.9545
chr15,1.0
chr15,0.75
chr15,0.6667
chr15,1.0
chr15,0.6842
chr15,0.7647
chr15,0.7143
chr15,0.75
chr15,0.9565
chr15,0.7727
chr15,1.0
chr15,0.8333
chr15,0.9474
chr15,0.75
chr15,1.0
chr15,0.8
chr15,1.0
chr15,1.0
chr15,0.8
chr15,1.0
chr15,0.8
chr15,0.8
chr15,1.0
chr15,1.0
chr15,1.0
chr15,1.0
chr15,0.9
chr15,0.875
chr15,1.0
chr15,1.0
chr15,1.0
chr15,1.0
chr15,1.0
chr15,1.0
chr15,0.8
chr15,0.8
chr15,1.0
chr15,1.0
chr15,1.0
chr15,1.0
chr15,1.0
chr15,1.0
chr15,1.0
chr15,1.0
chr15,0.8
chr15,1.0
chr15,1.0
chr15,1.0
chr15,1.0
chr15,1.0
chr15,1.0
chr15,0.8
chr15,1.0
chr15,0.8
chr15,1.0
chr15,1.0
chr15,0.7368
chr15,0.8
chr15,0.9333
chr15,0.7059
chr15,0.8
chr15,0.8235
chr15,0.8
chr15,1.0
chr15,0.8667
chr15,0.8
chr15,0.9333
chr15,0.8235
chr15,0.875
chr15,0.8
chr15,0.8
chr15,0.9333
chr15,0.8
chr15,0.9333
chr15,0.8667
chr15,0.8333
chr15,0.7647
chr15,0.9333
chr15,0.9333
chr15,0.9333
chr15,0.9333
chr15,0.9167
chr15,0.8
chr15,1.0
chr15,0.8667
chr15,0.7647
chr15,0.8
chr15,0.8
chr15,0.9333
chr15,0.9333
chr15,0.9333
chr15,0.8
chr15,0.8235
chr15,1.0
chr15,0.8333
chr15,0.8
chr15,0.9333
chr15,0.7368
chr15,0.7368
chr15,0.8947
chr15,0.7727
chr15,0.8947
chr15,0.75
chr15,0.75
chr15,0.75
chr15,0.8095
chr15,0.7895
chr15,0.8421
chr15,0.75
chr15,0.7619
chr15,0.7619
chr15,0.7895
chr15,0.7368
chr15,0.7895
chr15,0.75
chr15,1.0
chr15,0.85
chr15,0.7368
chr15,0.7895
chr15,0.7895
chr15,0.7368
chr15,0.75
chr15,0.7619
chr15,0.8
chr15,0.75
chr15,0.85
chr15,0.8095
chr15,0.7895
chr15,0.7368
chr15,0.7368
chr15,0.7895
chr15,0.7727
chr15,0.8947
chr15,0.8
chr15,1.0
chr15,0.7368
chr15,0.7895
chr15,0.7647
chr15,0.65
chr15,0.9
chr15,0.7059
chr15,0.6875
chr15,0.9167
chr15,0.9
chr15,0.75
chr15,0.75
chr15,0.875
chr15,0.9
chr15,0.9
chr15,0.75
chr15,1.0
chr15,0.75
chr15,0.75
chr15,0.8333
chr15,0.7
chr15,0.7647
chr15,0.75
chr15,0.75
chr15,0.75
chr15,0.9167
chr15,0.85
chr15,1.0
chr15,0.8
chr15,0.6667
chr15,0.9
chr15,0.7
chr15,0.7647
chr15,0.65
chr15,0.75
chr15,0.9
chr15,0.7
chr15,1.0
chr15,0.8333
chr15,1.0
chr15,0.75
chr15,0.8095
chr15,0.7647
chr15,0.8235
chr15,0.875
chr15,1.0
chr15,0.8824
chr15,0.7647
chr15,0.9412
chr15,0.8421
chr15,0.875
chr15,0.7647
chr15,0.7647
chr15,0.9412
chr15,0.7647
chr15,0.9412
chr15,0.8235
chr15,0.8333
chr15,0.7895
chr15,1.0
chr15,0.9412
chr15,0.9412
chr15,1.0
chr15,0.9167
chr15,0.7647
chr15,1.0
chr15,0.8824
chr15,0.7778
chr15,0.7647
chr15,0.8947
chr15,1.0
chr15,0.8235
chr15,0.9412
chr15,0.7647
chr15,0.8421
chr15,1.0
chr15,0.8333
chr15,0.7647
chr15,0.9412
chr15,0.6957
chr15,0.8824
chr15,0.75
chr15,0.8571
chr15,0.7368
chr15,0.7391
chr15,0.7619
chr15,0.8095
chr15,0.75
chr15,0.7727
chr15,0.7826
chr15,0.7619
chr15,0.6842
chr15,0.7619
chr15,0.6667
chr15,1.0
chr15,0.8421
chr15,0.8095
chr15,0.7619
chr15,0.7619
chr15,0.8095
chr15,0.75
chr15,0.6957
chr15,0.8
chr15,0.7143
chr15,0.8889
chr15,0.7391
chr15,0.9048
chr15,0.8095
chr15,0.6667
chr15,0.7619
chr15,0.6957
chr15,0.8571
chr15,0.8
chr15,1.0
chr15,0.6842
chr15,0.7619
chr15,0.7059
chr15,0.6875
chr15,0.9167
chr15,0.7059
chr15,0.9565
chr15,0.75
chr15,0.7826
chr15,0.875
chr15,0.9091
chr15,0.913
chr15,0.7188
chr15,0.9474
chr15,0.75
chr15,0.75
chr15,0.8333
chr15,0.7826
chr15,0.7647
chr15,0.75
chr15,0.75
chr15,0.7391
chr15,0.9167
chr15,0.913
chr15,1.0
chr15,0.75
chr15,0.7727
chr15,0.9565
chr15,0.6842
chr15,0.7647
chr15,0.6522
chr15,0.75
chr15,1.0
chr15,0.6667
chr15,1.0
chr15,0.8333
chr15,0.9474
chr15,0.75
chr15,0.8235
chr15,0.8571
chr15,0.8333
chr15,0.7059
chr15,0.8824
chr15,0.9412
chr15,0.75
chr15,0.7059
chr15,0.7059
chr15,0.8824
chr15,0.7059
chr15,0.8824
chr15,0.8333
chr15,1.0
chr15,0.9444
chr15,0.8235
chr15,0.8824
chr15,0.8824
chr15,0.8235
chr15,0.75
chr15,0.7059
chr15,0.8
chr15,0.8333
chr15,0.9444
chr15,0.7059
chr15,0.7647
chr15,0.8235
chr15,0.8235
chr15,0.8824
chr15,0.7059
chr15,1.0
chr15,0.8
chr15,1.0
chr15,0.7059
chr15,0.8824
chr15,0.8333
chr15,0.75
chr15,0.6875
chr15,0.8125
chr15,0.7778
chr15,0.75
chr15,0.6875
chr15,0.6875
chr15,0.8125
chr15,0.6875
chr15,0.8125
chr15,0.75
chr15,0.9167
chr15,0.75
chr15,0.875
chr15,0.8125
chr15,0.8125
chr15,0.875
chr15,0.75
chr15,0.6875
chr15,0.8
chr15,0.75
chr15,0.75
chr15,0.6875
chr15,0.7778
chr15,0.875
chr15,0.75
chr15,0.8125
chr15,0.6875
chr15,0.8333
chr15,0.8
chr15,0.9167
chr15,0.6875
chr15,0.8125
chr15,1.0
chr15,0.9167
chr15,1.0
chr15,0.8333
chr15,0.875
chr15,0.9167
chr15,0.9167
chr15,1.0
chr15,0.9167
chr15,1.0
chr15,1.0
chr15,0.8333
chr15,0.8571
chr15,1.0
chr15,1.0
chr15,1.0
chr15,1.0
chr15,0.9167
chr15,0.9167
chr15,1.0
chr15,1.0
chr15,0.8571
chr15,0.9167
chr15,1.0
chr15,1.0
chr15,1.0
chr15,1.0
chr15,0.9167
chr15,0.8571
chr15,1.0
chr15,0.8333
chr15,0.9167
chr15,1.0
chr15,0.7059
chr15,0.9412
chr15,0.8421
chr15,0.875
chr15,0.7059
chr15,0.7059
chr15,0.9412
chr15,0.7895
chr15,0.9412
chr15,0.9412
chr15,0.8333
chr15,0.8947
chr15,0.8824
chr15,0.9412
chr15,0.9412
chr15,0.8824
chr15,0.9167
chr15,0.7059
chr15,1.0
chr15,1.0
chr15,0.8889
chr15,0.7059
chr15,0.8235
chr15,0.8824
chr15,0.8235
chr15,0.9412
chr15,0.7059
chr15,0.8421
chr15,1.0
chr15,0.8333
chr15,0.7895
chr15,0.9412
chr15,0.75
chr15,0.8182
chr15,0.875
chr15,0.9545
chr15,0.9565
chr15,0.7273
chr15,0.9474
chr15,0.75
chr15,0.6818
chr15,0.8333
chr15,0.7391
chr15,0.7647
chr15,0.75
chr15,0.75
chr15,0.7727
chr15,0.9167
chr15,0.9545
chr15,1.0
chr15,0.7273
chr15,0.6667
chr15,1.0
chr15,0.7391
chr15,0.7647
chr15,0.6364
chr15,0.75
chr15,0.9565
chr15,0.7727
chr15,1.0
chr15,0.8333
chr15,0.9474
chr15,0.75
chr15,0.8889
chr15,0.875
chr15,0.75
chr15,0.75
chr15,1.0
chr15,0.75
chr15,1.0
chr15,0.8824
chr15,0.8333
chr15,0.8421
chr15,0.9412
chr15,1.0
chr15,1.0
chr15,0.9412
chr15,0.9167
chr15,0.75
chr15,1.0
chr15,0.9412
chr15,0.8333
chr15,0.75
chr15,0.8125
chr15,0.9412
chr15,0.875
chr15,1.0
chr15,0.75
chr15,0.8889
chr15,1.0
chr15,0.8333
chr15,0.75
chr15,1.0
chr15,0.875
chr15,0.7727
chr15,0.7826
chr15,0.8889
chr15,0.7368
chr15,0.8889
chr15,0.7895
chr15,0.9167
chr15,0.8947
chr15,0.8421
chr15,0.8889
chr15,0.8889
chr15,0.8421
chr15,0.8333
chr15,0.7727
chr15,0.8421
chr15,0.8889
chr15,0.8182
chr15,0.8421
chr15,0.8421
chr15,0.7778
chr15,0.8889
chr15,0.7826
chr15,0.9444
chr15,0.9
chr15,0.9167
chr15,0.7368
chr15,0.8889
chr15,0.875
chr15,0.875
chr15,0.875
chr15,0.875
chr15,0.875
chr15,0.875
chr15,0.75
chr15,0.75
chr15,0.875
chr15,0.875
chr15,0.875
chr15,0.875
chr15,0.875
chr15,0.875
chr15,0.875
chr15,0.875
chr15,0.75
chr15,0.875
chr15,0.875
chr15,0.875
chr15,0.875
chr15,0.875
chr15,0.875
chr15,0.75
chr15,0.875
chr15,0.875
chr15,0.875
chr15,0.6818
chr15,0.9474
chr15,0.75
chr15,0.6818
chr15,0.8333
chr15,0.6818
chr15,0.7647
chr15,0.75
chr15,0.75
chr15,0.7273
chr15,0.9167
chr15,0.9091
chr15,1.0
chr15,0.6818
chr15,0.6667
chr15,0.9545
chr15,0.7727
chr15,0.7647
chr15,0.6364
chr15,0.75
chr15,0.9091
chr15,0.7273
chr15,1.0
chr15,0.8333
chr15,0.9474
chr15,0.75
chr15,0.6957
chr15,0.9474
chr15,0.75
chr15,0.6522
chr15,0.8333
chr15,0.6957
chr15,0.7647
chr15,0.75
chr15,0.75
chr15,0.7391
chr15,0.9167
chr15,0.913
chr15,1.0
chr15,0.6957
chr15,0.6667
chr15,0.9565
chr15,0.7826
chr15,0.7647
chr15,0.6522
chr15,0.75
chr15,0.913
chr15,0.7391
chr15,1.0
chr15,0.8333
chr15,0.9474
chr15,0.75
chr15,0.7368
chr15,1.0
chr15,0.9286
chr15,0.8333
chr15,0.8421
chr15,0.9412
chr15,1.0
chr15,1.0
chr15,0.8182
chr15,0.9167
chr15,0.7273
chr15,1.0
chr15,0.7917
chr15,0.8333
chr15,0.7273
chr15,0.8421
chr15,0.9412
chr15,0.8519
chr15,1.0
chr15,0.6957
chr15,0.8889
chr15,1.0
chr15,0.8333
chr15,1.0
chr15,0.75
chr15,0.7895
chr15,0.8333
chr15,0.6842
chr15,0.7647
chr15,0.75
chr15,0.75
chr15,0.7368
chr15,0.9167
chr15,0.8947
chr15,1.0
chr15,0.7895
chr15,0.6842
chr15,0.9474
chr15,0.6842
chr15,0.7647
chr15,0.6842
chr15,0.75
chr15,0.9474
chr15,0.6842
chr15,1.0
chr15,0.8333
chr15,1.0
chr15,0.75
chr15,0.8824
chr15,0.8333
chr15,0.8421
chr15,0.9412
chr15,1.0
chr15,1.0
chr15,0.9412
chr15,0.9167
chr15,0.75
chr15,1.0
chr15,0.9412
chr15,0.8333
chr15,0.75
chr15,0.8125
chr15,0.9412
chr15,0.875
chr15,1.0
chr15,0.75
chr15,0.8889
chr15,1.0
chr15,0.8333
chr15,0.75
chr15,1.0
chr15,0.8333
chr15,0.8421
chr15,0.8235
chr15,0.8824
chr15,0.8824
chr15,0.7727
chr15,0.9167
chr15,0.6818
chr15,1.0
chr15,0.8214
chr15,0.8889
chr15,0.6818
chr15,0.7368
chr15,0.8235
chr15,0.7857
chr15,0.8824
chr15,0.6957
chr15,0.7895
chr15,1.0
chr15,0.8333
chr15,0.7895
chr15,0.8824
chr15,1.0
chr15,0.8333
chr15,0.8333
chr15,0.8333
chr15,0.8333
chr15,0.8333
chr15,0.8333
chr15,0.8333
chr15,0.8333
chr15,1.0
chr15,0.8333
chr15,0.8333
chr15,0.8333
chr15,0.8333
chr15,0.8333
chr15,0.8333
chr15,1.0
chr15,0.8333
chr15,1.0
chr15,0.8333
chr15,0.8333
chr15,0.7895
chr15,0.8421
chr15,0.8421
chr15,0.7895
chr15,0.75
chr15,0.6316
chr15,0.8
chr15,0.8947
chr15,1.0
chr15,0.7391
chr15,0.7368
chr15,0.7895
chr15,0.7368
chr15,0.8421
chr15,0.7826
chr15,0.9474
chr15,0.8
chr15,1.0
chr15,0.6842
chr15,0.8421
chr15,0.9412
chr15,0.9412
chr15,1.0
chr15,0.9167
chr15,0.7647
chr15,1.0
chr15,0.8824
chr15,0.7778
chr15,0.7647
chr15,0.8947
chr15,1.0
chr15,0.8235
chr15,0.9412
chr15,0.7647
chr15,0.8421
chr15,1.0
chr15,0.8333
chr15,0.7647
chr15,0.9412
chr15,1.0
chr15,0.9412
chr15,0.9167
chr15,0.75
chr15,1.0
chr15,0.9412
chr15,0.8333
chr15,0.75
chr15,0.8125
chr15,0.9412
chr15,0.875
chr15,1.0
chr15,0.75
chr15,0.8889
chr15,1.0
chr15,0.8333
chr15,0.75
chr15,1.0
chr15,0.9412
chr15,0.9167
chr15,0.75
chr15,1.0
chr15,0.9412
chr15,0.8333
chr15,0.75
chr15,0.8125
chr15,0.9412
chr15,0.875
chr15,1.0
chr15,0.75
chr15,0.8889
chr15,1.0
chr15,0.8333
chr15,0.75
chr15,1.0
chr15,0.9167
chr15,0.8182
chr15,1.0
chr15,0.7273
chr15,0.7778
chr15,0.7727
chr15,0.8947
chr15,1.0
chr15,0.7273
chr15,0.9412
chr15,0.7391
chr15,0.8421
chr15,1.0
chr15,0.8333
chr15,0.7368
chr15,0.9412
chr15,0.9167
chr15,1.0
chr15,0.9167
chr15,0.75
chr15,0.9167
chr15,0.9167
chr15,0.9167
chr15,0.9167
chr15,0.9167
chr15,0.9167
chr15,0.75
chr15,1.0
chr15,0.8333
chr15,0.9167
chr15,0.9167
chr15,1.0
chr15,0.7273
chr15,0.6667
chr15,0.9545
chr15,0.7391
chr15,0.7647
chr15,0.6364
chr15,0.75
chr15,0.913
chr15,0.7273
chr15,1.0
chr15,0.8333
chr15,0.8947
chr15,0.75
chr15,1.0
chr15,0.8
chr15,1.0
chr15,1.0
chr15,1.0
chr15,1.0
chr15,1.0
chr15,1.0
chr15,0.8
chr15,1.0
chr15,0.8
chr15,1.0
chr15,1.0
chr15,0.8889
chr15,0.7273
chr15,0.7895
chr15,0.8824
chr15,0.875
chr15,0.9412
chr15,0.7391
chr15,0.8421
chr15,1.0
chr15,0.8333
chr15,0.7895
chr15,0.9412
chr15,0.6667
chr15,0.7778
chr15,0.7778
chr15,0.7778
chr15,0.8333
chr15,0.7727
chr15,0.9444
chr15,0.8
chr15,1.0
chr15,0.6667
chr15,0.8333
chr15,0.7391
chr15,0.7647
chr15,0.6364
chr15,0.75
chr15,0.9565
chr15,0.7727
chr15,1.0
chr15,0.8333
chr15,0.9474
chr15,0.75
chr15,0.8947
chr15,0.7368
chr15,0.8421
chr15,0.6842
chr15,0.7895
chr15,1.0
chr15,0.8333
chr15,0.6842
chr15,0.8421
chr15,0.8235
chr15,0.9412
chr15,0.7647
chr15,0.8421
chr15,1.0
chr15,0.8333
chr15,0.7647
chr15,0.9412
chr15,0.875
chr15,0.6522
chr15,0.7778
chr15,1.0
chr15,0.8333
chr15,0.6842
chr15,0.875
chr15,0.75
chr15,0.8889
chr15,1.0
chr15,0.8333
chr15,0.75
chr15,1.0
chr15,0.7391
chr15,1.0
chr15,0.8333
chr15,0.9474
chr15,0.75
chr15,0.8
chr15,1.0
chr15,0.6667
chr15,0.8889
chr15,0.8
chr15,1.0
chr15,1.0
chr15,0.8333
chr15,0.8333
chr15,0.75
chr14,0.6667
chr14,0.7
chr14,0.619
chr14,0.619
chr14,0.619
chr14,0.619
chr14,0.9
chr14,0.6667
chr14,1.0
chr14,0.7368
chr14,0.619
chr14,0.619
chr14,0.6667
chr14,0.9048
chr14,0.619
chr14,0.619
chr14,0.6667
chr14,0.6957
chr14,0.7619
chr14,0.6957
chr14,0.9048
chr14,0.619
chr14,0.7143
chr14,0.6957
chr14,0.9048
chr14,0.619
chr14,0.8571
chr14,0.7143
chr14,0.619
chr14,0.6522
chr14,0.6667
chr14,0.619
chr14,0.6667
chr14,0.6957
chr14,0.6667
chr14,0.6667
chr14,0.619
chr14,0.619
chr14,0.6667
chr14,0.68
chr14,1.0
chr14,0.619
chr14,1.0
chr14,0.8636
chr14,0.619
chr14,0.619
chr14,1.0
chr14,1.0
chr14,0.7083
chr14,0.6957
chr14,0.619
chr14,0.7143
chr14,0.7143
chr14,0.6667
chr14,0.6957
chr14,0.8095
chr14,0.72
chr14,0.619
chr14,0.85
chr14,0.8214
chr14,0.9091
chr14,0.8148
chr14,0.7576
chr14,1.0
chr14,0.9677
chr14,0.6667
chr14,0.8947
chr14,0.6774
chr14,0.8788
chr14,0.8333
chr14,0.9677
chr14,0.619
chr14,0.9062
chr14,0.9091
chr14,0.9677
chr14,0.8
chr14,0.6
chr14,0.6774
chr14,0.6774
chr14,0.7097
chr14,0.7826
chr14,0.7692
chr14,0.6774
chr14,0.7931
chr14,0.6667
chr14,0.8148
chr14,0.9091
chr14,0.7742
chr14,1.0
chr14,0.8462
chr14,0.9355
chr14,0.7097
chr14,0.8125
chr14,0.9677
chr14,0.8077
chr14,0.8065
chr14,0.5484
chr14,0.8
chr14,0.6774
chr14,0.9394
chr14,0.6667
chr14,0.6364
chr14,0.9394
chr14,0.8077
chr14,0.6667
chr14,0.6667
chr14,0.875
chr14,0.8387
chr14,0.8485
chr14,0.8333
chr14,0.7742
chr14,0.9677
chr14,0.8636
chr14,0.6129
chr14,0.84
chr14,0.8519
chr14,0.75
chr14,0.75
chr14,0.75
chr14,0.75
chr14,1.0
chr14,0.85
chr14,0.7
chr14,0.8421
chr14,0.7
chr14,0.75
chr14,0.75
chr14,0.85
chr14,0.8
chr14,0.75
chr14,0.75
chr14,0.85
chr14,0.8182
chr14,0.8095
chr14,0.9091
chr14,0.8
chr14,0.75
chr14,0.9091
chr14,0.75
chr14,0.8
chr14,0.75
chr14,0.75
chr14,0.9
chr14,0.75
chr14,0.7727
chr14,0.85
chr14,0.75
chr14,0.85
chr14,0.8182
chr14,0.75
chr14,0.85
chr14,0.75
chr14,0.8182
chr14,0.8
chr14,0.7
chr14,0.7
chr14,0.75
chr14,0.7
chr14,0.75
chr14,0.75
chr14,0.75
chr14,0.7
chr14,0.7
chr14,0.75
chr14,0.8182
chr14,0.75
chr14,0.85
chr14,0.85
chr14,0.85
chr14,0.75
chr14,0.75
chr14,0.75
chr14,0.75
chr14,0.8929
chr14,1.0
chr14,1.0
chr14,0.8214
chr14,0.619
chr14,0.9474
chr14,0.6071
chr14,0.9286
chr14,0.9583
chr14,0.8214
chr14,0.619
chr14,0.8929
chr14,0.8929
chr14,0.8214
chr14,0.88
chr14,0.65
chr14,0.75
chr14,0.5714
chr14,0.9286
chr14,0.76
chr14,0.8462
chr14,0.5652
chr14,0.8929
chr14,0.7222
chr14,0.75
chr14,0.8929
chr14,0.7857
chr14,0.8214
chr14,0.9615
chr14,0.8214
chr14,0.7857
chr14,0.8214
chr14,0.8214
chr14,0.9286
chr14,0.8519
chr14,0.5357
chr14,0.8
chr14,0.6071
chr14,0.8929
chr14,0.619
chr14,0.5909
chr14,0.8929
chr14,0.9286
chr14,0.619
chr14,0.619
chr14,0.875
chr14,0.8214
chr14,0.8929
chr14,0.7692
chr14,0.7143
chr14,0.8214
chr14,0.9545
chr14,0.6071
chr14,0.84
chr14,1.0
chr14,0.8889
chr14,0.8125
chr14,1.0
chr14,0.875
chr14,0.619
chr14,0.9474
chr14,0.6562
chr14,0.9062
chr14,0.9167
chr14,0.875
chr14,0.619
chr14,0.9355
chr14,0.9375
chr14,0.875
chr14,0.88
chr14,0.65
chr14,0.7188
chr14,0.5938
chr14,0.7812
chr14,0.6957
chr14,0.8462
chr14,0.5652
chr14,0.8621
chr14,0.7222
chr14,0.7586
chr14,0.9375
chr14,0.7931
chr14,0.9091
chr14,0.9231
chr14,0.8485
chr14,0.7812
chr14,0.8125
chr14,0.9375
chr14,0.8846
chr14,0.5312
chr14,0.8077
chr14,0.6562
chr14,0.9697
chr14,0.619
chr14,0.5909
chr14,0.9697
chr14,0.8846
chr14,0.619
chr14,0.619
chr14,0.88
chr14,0.8438
chr14,0.875
chr14,0.7692
chr14,0.7188
chr14,0.875
chr14,0.9545
chr14,0.6364
chr14,0.8462
chr14,0.9259
chr14,0.8519
chr14,1.0
chr14,0.8148
chr14,0.7037
chr14,1.0
chr14,0.7037
chr14,0.8519
chr14,0.8333
chr14,0.8148
chr14,0.619
chr14,0.8889
chr14,0.8889
chr14,0.8148
chr14,0.9259
chr14,0.65
chr14,0.8519
chr14,0.6667
chr14,0.8148
chr14,0.7778
chr14,0.8889
chr14,0.6667
chr14,0.8621
chr14,0.7222
chr14,0.7778
chr14,0.8889
chr14,0.8148
chr14,0.8148
chr14,0.8519
chr14,0.8148
chr14,0.8519
chr14,0.7778
chr14,0.8148
chr14,0.8148
chr14,0.8519
chr14,0.6296
chr14,0.8889
chr14,0.7037
chr14,0.8889
chr14,0.7037
chr14,0.7037
chr14,0.8889
chr14,0.8148
chr14,0.7037
chr14,0.7037
chr14,0.9167
chr14,0.8519
chr14,0.8889
chr14,0.8148
chr14,0.8148
chr14,0.8148
chr14,0.8636
chr14,0.6667
chr14,0.9259
chr14,0.8519
chr14,1.0
chr14,0.7812
chr14,0.619
chr14,0.9474
chr14,0.7027
chr14,0.8108
chr14,0.9583
chr14,0.7949
chr14,0.619
chr14,0.871
chr14,0.8438
chr14,0.7812
chr14,0.88
chr14,0.65
chr14,0.8108
chr14,0.6757
chr14,0.76
chr14,0.8462
chr14,0.5652
chr14,0.8621
chr14,0.7222
chr14,0.7586
chr14,0.8438
chr14,0.7931
chr14,0.8095
chr14,0.9615
chr14,0.7949
chr14,0.7632
chr14,0.8095
chr14,0.7333
chr14,0.9231
chr14,0.8519
chr14,0.6486
chr14,0.8
chr14,0.6757
chr14,0.8182
chr14,0.619
chr14,0.5909
chr14,0.8182
chr14,0.9231
chr14,0.619
chr14,0.619
chr14,0.875
chr14,0.8
chr14,0.8462
chr14,0.7692
chr14,0.7838
chr14,0.7949
chr14,0.9545
chr14,0.5862
chr14,0.84
chr14,1.0
chr14,1.0
chr14,0.9
chr14,1.0
chr14,0.9
chr14,1.0
chr14,1.0
chr14,1.0
chr14,0.9
chr14,1.0
chr14,1.0
chr14,1.0
chr14,1.0
chr14,0.9
chr14,1.0
chr14,0.9
chr14,1.0
chr14,1.0
chr14,1.0
chr14,0.9
chr14,1.0
chr14,0.9
chr14,1.0
chr14,1.0
chr14,0.9
chr14,1.0
chr14,1.0
chr14,1.0
chr14,1.0
chr14,1.0
chr14,1.0
chr14,1.0
chr14,1.0
chr14,0.9
chr14,0.9
chr14,0.9
chr14,1.0
chr14,0.9
chr14,0.9
chr14,1.0
chr14,1.0
chr14,0.9
chr14,0.9
chr14,1.0
chr14,1.0
chr14,1.0
chr14,1.0
chr14,1.0
chr14,1.0
chr14,1.0
chr14,0.9
chr14,1.0
chr14,1.0
chr14,0.6667
chr14,0.8947
chr14,0.6667
chr14,0.8485
chr14,0.8333
chr14,1.0
chr14,0.619
chr14,0.9355
chr14,0.9375
chr14,1.0
chr14,0.8
chr14,0.6
chr14,0.7
chr14,0.7
chr14,0.7333
chr14,0.7826
chr14,0.7692
chr14,0.7
chr14,0.7931
chr14,0.6667
chr14,0.8333
chr14,0.9375
chr14,0.8
chr14,0.9677
chr14,0.8462
chr14,0.9677
chr14,0.7333
chr14,0.7812
chr14,0.9333
chr14,0.8077
chr14,0.8333
chr14,0.5667
chr14,0.8
chr14,0.6667
chr14,0.9091
chr14,0.6667
chr14,0.6364
chr14,0.9091
chr14,0.8077
chr14,0.6667
chr14,0.6667
chr14,0.875
chr14,0.8065
chr14,0.875
chr14,0.8333
chr14,0.7667
chr14,1.0
chr14,0.8636
chr14,0.6333
chr14,0.84
chr14,0.8519
chr14,0.7368
chr14,1.0
chr14,0.619
chr14,0.619
chr14,0.6667
chr14,0.9048
chr14,0.619
chr14,0.619
chr14,0.6667
chr14,0.6957
chr14,0.7619
chr14,0.6957
chr14,0.9048
chr14,0.619
chr14,0.7143
chr14,0.6957
chr14,0.9048
chr14,0.8571
chr14,0.7143
chr14,0.619
chr14,0.6522
chr14,0.6667
chr14,0.619
chr14,0.6667
chr14,0.6957
chr14,0.6667
chr14,0.6667
chr14,0.619
chr14,0.619
chr14,0.6667
chr14,0.68
chr14,1.0
chr14,0.619
chr14,1.0
chr14,0.8636
chr14,0.619
chr14,0.619
chr14,1.0
chr14,1.0
chr14,0.7083
chr14,0.6957
chr14,0.619
chr14,0.7143
chr14,0.7143
chr14,0.6667
chr14,0.6957
chr14,0.8095
chr14,0.72
chr14,0.619
chr14,0.7368
chr14,0.9474
chr14,0.9474
chr14,0.8947
chr14,0.6842
chr14,0.9474
chr14,0.9474
chr14,0.8947
chr14,1.0
chr14,0.6842
chr14,0.9474
chr14,0.6842
chr14,0.9474
chr14,0.8947
chr14,1.0
chr14,0.6842
chr14,0.9474
chr14,0.7222
chr14,0.8947
chr14,0.9474
chr14,0.9474
chr14,0.8947
chr14,0.9474
chr14,0.8947
chr14,1.0
chr14,0.8947
chr14,0.8947
chr14,0.9474
chr14,1.0
chr14,0.6316
chr14,0.9474
chr14,0.7368
chr14,0.9474
chr14,0.7368
chr14,0.6842
chr14,0.9474
chr14,0.9474
chr14,0.7368
chr14,0.7368
chr14,1.0
chr14,1.0
chr14,0.9474
chr14,0.8947
chr14,0.8947
chr14,0.8947
chr14,0.9474
chr14,0.6842
chr14,1.0
chr14,0.9474
chr14,0.6364
chr14,0.625
chr14,0.7436
chr14,0.9048
chr14,0.6129
chr14,0.625
chr14,0.6667
chr14,0.72
chr14,0.7619
chr14,0.7812
chr14,0.9333
chr14,0.7143
chr14,0.7391
chr14,0.6923
chr14,0.8696
chr14,0.6207
chr14,0.8571
chr14,0.6667
chr14,0.625
chr14,0.5862
chr14,0.75
chr14,0.6667
chr14,0.7179
chr14,0.6
chr14,0.6
chr14,0.7
chr14,0.6154
chr14,0.6667
chr14,0.7742
chr14,0.68
chr14,0.8667
chr14,0.6364
chr14,1.0
chr14,0.8636
chr14,0.6364
chr14,0.6154
chr14,1.0
chr14,1.0
chr14,0.7083
chr14,0.6333
chr14,0.6667
chr14,0.75
chr14,0.8182
chr14,0.7436
chr14,0.6957
chr14,0.8667
chr14,0.72
chr14,0.6429
chr14,0.9583
chr14,0.7857
chr14,0.619
chr14,0.9062
chr14,0.9091
chr14,0.8485
chr14,0.88
chr14,0.65
chr14,0.7576
chr14,0.6176
chr14,0.8
chr14,0.76
chr14,0.8462
chr14,0.5652
chr14,0.8621
chr14,0.7222
chr14,0.8125
chr14,0.9091
chr14,0.8438
chr14,0.8095
chr14,1.0
chr14,0.7619
chr14,0.7105
chr14,0.878
chr14,0.9231
chr14,0.8519
chr14,0.5625
chr14,0.8
chr14,0.6829
chr14,0.9394
chr14,0.619
chr14,0.5909
chr14,0.9394
chr14,0.9231
chr14,0.619
chr14,0.619
chr14,0.875
chr14,0.9062
chr14,0.7857
chr14,0.7692
chr14,0.6857
chr14,0.7857
chr14,0.9545
chr14,0.5862
chr14,0.84
chr14,0.963
chr14,0.8333
chr14,0.619
chr14,0.9167
chr14,0.9167
chr14,0.8333
chr14,0.875
chr14,0.65
chr14,0.8333
chr14,0.625
chr14,1.0
chr14,0.7917
chr14,0.875
chr14,0.625
chr14,1.0
chr14,0.7222
chr14,0.7917
chr14,0.9167
chr14,0.8333
chr14,0.8333
chr14,0.9583
chr14,0.8333
chr14,0.875
chr14,0.88
chr14,0.8333
chr14,1.0
chr14,0.9167
chr14,0.5833
chr14,0.7917
chr14,0.625
chr14,0.9167
chr14,0.619
chr14,0.625
chr14,0.9167
chr14,1.0
chr14,0.619
chr14,0.619
chr14,0.875
chr14,0.875
chr14,0.9167
chr14,0.7917
chr14,0.8333
chr14,0.9545
chr14,0.625
chr14,0.8333
chr14,0.9583
chr14,0.619
chr14,0.9355
chr14,0.9375
chr14,1.0
chr14,0.8
chr14,0.6
chr14,0.7692
chr14,0.7692
chr14,0.7692
chr14,0.7826
chr14,0.7692
chr14,0.5652
chr14,0.7931
chr14,0.6667
chr14,0.8148
chr14,0.9375
chr14,0.8
chr14,0.975
chr14,0.8462
chr14,0.9744
chr14,0.6923
chr14,0.7907
chr14,0.9333
chr14,0.8077
chr14,0.8333
chr14,0.641
chr14,0.8
chr14,0.7
chr14,0.9091
chr14,0.6667
chr14,0.6364
chr14,0.9091
chr14,0.8077
chr14,0.6667
chr14,0.6667
chr14,0.875
chr14,0.8065
chr14,0.9
chr14,0.8333
chr14,0.8205
chr14,1.0
chr14,0.8636
chr14,0.7179
chr14,0.84
chr14,0.8519
chr14,0.619
chr14,0.619
chr14,0.619
chr14,0.619
chr14,0.8571
chr14,0.7826
chr14,1.0
chr14,0.619
chr14,0.7917
chr14,0.619
chr14,1.0
chr14,0.619
chr14,0.8571
chr14,0.6667
chr14,0.619
chr14,0.5714
chr14,0.619
chr14,0.619
chr14,0.619
chr14,0.619
chr14,0.619
chr14,0.619
chr14,0.619
chr14,0.619
chr14,0.7619
chr14,0.5714
chr14,0.9048
chr14,0.619
chr14,0.9048
chr14,0.9545
chr14,0.619
chr14,0.619
chr14,0.9048
chr14,0.9048
chr14,0.619
chr14,0.619
chr14,0.619
chr14,0.76
chr14,0.76
chr14,0.619
chr14,0.619
chr14,0.9048
chr14,0.619
chr14,0.619
chr14,1.0
chr14,0.9355
chr14,0.88
chr14,0.7419
chr14,0.6452
chr14,0.8387
chr14,0.6957
chr14,0.8462
chr14,0.5652
chr14,0.8621
chr14,0.7222
chr14,0.7742
chr14,1.0
chr14,0.8065
chr14,0.9062
chr14,0.9231
chr14,0.9032
chr14,0.8065
chr14,0.8125
chr14,0.871
chr14,0.8846
chr14,0.8387
chr14,0.5484
chr14,0.8077
chr14,0.6129
chr14,0.9688
chr14,0.619
chr14,0.5909
chr14,0.9688
chr14,0.8846
chr14,0.619
chr14,0.619
chr14,0.88
chr14,0.8065
chr14,0.9677
chr14,0.7692
chr14,0.7097
chr14,0.9355
chr14,0.9545
chr14,0.6129
chr14,0.8462
chr14,0.9259
chr14,0.9375
chr14,0.88
chr14,0.65
chr14,0.7188
chr14,0.6562
chr14,0.8125
chr14,0.6957
chr14,0.8462
chr14,0.5652
chr14,0.8621
chr14,0.7222
chr14,0.7812
chr14,1.0
chr14,0.8125
chr14,0.9091
chr14,0.9231
chr14,0.9091
chr14,0.7812
chr14,0.8182
chr14,0.875
chr14,0.8846
chr14,0.8438
chr14,0.5312
chr14,0.8077
chr14,0.625
chr14,0.9697
chr14,0.619
chr14,0.5909
chr14,0.9697
chr14,0.8846
chr14,0.619
chr14,0.619
chr14,0.88
chr14,0.8125
chr14,0.9375
chr14,0.7692
chr14,0.7188
chr14,0.9375
chr14,0.9545
chr14,0.5862
chr14,0.8462
chr14,0.9259
chr14,0.8
chr14,0.6
chr14,0.7
chr14,0.7
chr14,0.7333
chr14,0.7826
chr14,0.7692
chr14,0.7
chr14,0.7931
chr14,0.6667
chr14,0.8333
chr14,0.9375
chr14,0.8
chr14,0.9677
chr14,0.8462
chr14,0.9677
chr14,0.7333
chr14,0.7812
chr14,0.9333
chr14,0.8077
chr14,0.8333
chr14,0.5667
chr14,0.8
chr14,0.6667
chr14,0.9091
chr14,0.6667
chr14,0.6364
chr14,0.9091
chr14,0.8077
chr14,0.6667
chr14,0.6667
chr14,0.875
chr14,0.8065
chr14,0.875
chr14,0.8333
chr14,0.7667
chr14,1.0
chr14,0.8636
chr14,0.6333
chr14,0.84
chr14,0.8519
chr14,0.65
chr14,0.88
chr14,0.68
chr14,0.88
chr14,0.84
chr14,0.9615
chr14,0.68
chr14,0.88
chr14,0.7222
chr14,0.8
chr14,0.88
chr14,0.84
chr14,0.8
chr14,0.88
chr14,0.8
chr14,0.92
chr14,0.8077
chr14,0.8
chr14,0.88
chr14,0.92
chr14,0.64
chr14,0.8462
chr14,0.72
chr14,0.88
chr14,0.72
chr14,0.6364
chr14,0.88
chr14,0.88
chr14,0.72
chr14,0.72
chr14,0.875
chr14,0.88
chr14,0.88
chr14,0.8846
chr14,0.8846
chr14,0.8
chr14,0.9091
chr14,0.6
chr14,0.8846
chr14,0.88
chr14,0.7826
chr14,0.8571
chr14,0.65
chr14,0.8261
chr14,0.65
chr14,0.8571
chr14,0.65
chr14,0.8
chr14,0.6818
chr14,0.65
chr14,0.6
chr14,0.6
chr14,0.65
chr14,0.6
chr14,0.65
chr14,0.65
chr14,0.6
chr14,0.65
chr14,0.6
chr14,0.8
chr14,0.6
chr14,0.7619
chr14,0.65
chr14,0.7619
chr14,0.8182
chr14,0.65
chr14,0.65
chr14,0.7619
chr14,0.7619
chr14,0.65
chr14,0.65
chr14,0.65
chr14,0.7917
chr14,0.7917
chr14,0.6
chr14,0.65
chr14,0.7619
chr14,0.65
chr14,0.65
chr14,0.8438
chr14,0.8571
chr14,0.8696
chr14,0.8846
chr14,0.76
chr14,0.7586
chr14,0.7222
chr14,0.7778
chr14,0.7188
chr14,0.7586
chr14,0.75
chr14,0.8077
chr14,0.7436
chr14,0.7576
chr14,0.7273
chr14,0.6875
chr14,0.8077
chr14,0.8519
chr14,0.7647
chr14,0.84
chr14,0.6562
chr14,0.6875
chr14,0.6957
chr14,0.75
chr14,0.6875
chr14,0.8077
chr14,0.6957
chr14,0.6957
chr14,0.875
chr14,0.7667
chr14,0.6875
chr14,0.8333
chr14,0.8788
chr14,0.7692
chr14,0.8636
chr14,0.7812
chr14,0.88
chr14,0.7778
chr14,0.7143
chr14,0.7917
chr14,0.6923
chr14,0.9565
chr14,0.5862
chr14,0.8571
chr14,0.7037
chr14,0.6562
chr14,0.6207
chr14,0.75
chr14,0.6154
chr14,0.7436
chr14,0.6129
chr14,0.6061
chr14,0.6333
chr14,0.6154
chr14,0.7037
chr14,0.7812
chr14,0.64
chr14,0.8065
chr14,0.6364
chr14,0.9048
chr14,0.9545
chr14,0.6364
chr14,0.6154
chr14,0.9048
chr14,0.9048
chr14,0.6667
chr14,0.6333
chr14,0.675
chr14,0.76
chr14,0.8235
chr14,0.7692
chr14,0.6364
chr14,0.9333
chr14,0.68
chr14,0.5926
chr14,0.76
chr14,0.8462
chr14,0.5652
chr14,0.8966
chr14,0.7222
chr14,0.7037
chr14,0.8125
chr14,0.7586
chr14,0.775
chr14,0.9231
chr14,0.7692
chr14,0.7714
chr14,0.8095
chr14,0.7429
chr14,1.0
chr14,0.8519
chr14,0.6571
chr14,0.8
chr14,0.6944
chr14,0.7879
chr14,0.619
chr14,0.5909
chr14,0.7879
chr14,1.0
chr14,0.619
chr14,0.619
chr14,0.875
chr14,0.8
chr14,0.8205
chr14,0.7692
chr14,0.8056
chr14,0.7692
chr14,0.9545
chr14,0.6857
chr14,0.84
chr14,0.9259
chr14,0.8846
chr14,0.7917
chr14,0.76
chr14,0.6667
chr14,0.8261
chr14,0.6957
chr14,0.6957
chr14,0.7826
chr14,0.76
chr14,0.7826
chr14,0.7391
chr14,0.7391
chr14,0.7826
chr14,0.76
chr14,0.8519
chr14,0.7391
chr14,0.7692
chr14,0.7391
chr14,0.6957
chr14,0.7391
chr14,0.76
chr14,0.6957
chr14,0.76
chr14,0.7391
chr14,0.7391
chr14,0.7917
chr14,0.7391
chr14,0.6957
chr14,0.9583
chr14,0.9583
chr14,0.7826
chr14,0.7727
chr14,0.7083
chr14,0.8077
chr14,0.76
chr14,0.6923
chr14,0.8462
chr14,0.7222
chr14,0.7692
chr14,0.8462
chr14,0.8077
chr14,0.7692
chr14,0.8462
chr14,0.7692
chr14,0.8846
chr14,0.8387
chr14,0.7692
chr14,0.8462
chr14,0.8846
chr14,0.6538
chr14,0.8519
chr14,0.6923
chr14,0.8462
chr14,0.6957
chr14,0.6364
chr14,0.8462
chr14,0.8462
chr14,0.6957
chr14,0.6957
chr14,0.875
chr14,0.8462
chr14,0.8462
chr14,0.9231
chr14,0.9231
chr14,0.7692
chr14,0.8636
chr14,0.6154
chr14,0.8889
chr14,0.8462
chr14,0.5652
chr14,0.8571
chr14,0.7037
chr14,0.5652
chr14,0.5217
chr14,0.5652
chr14,0.5652
chr14,0.5652
chr14,0.5652
chr14,0.5652
chr14,0.5652
chr14,0.5652
chr14,0.5652
chr14,0.7391
chr14,0.64
chr14,0.8696
chr14,0.5652
chr14,0.9048
chr14,0.9545
chr14,0.5652
chr14,0.5652
chr14,0.9048
chr14,0.9048
chr14,0.6667
chr14,0.5652
chr14,0.5652
chr14,0.76
chr14,0.7407
chr14,0.5652
chr14,0.6364
chr14,0.8696
chr14,0.68
chr14,0.5652
chr14,0.7222
chr14,0.7667
chr14,0.8621
chr14,0.8
chr14,0.7931
chr14,0.9231
chr14,0.7931
chr14,0.7931
chr14,0.8438
chr14,0.7931
chr14,0.9615
chr14,0.8621
chr14,0.5517
chr14,0.8276
chr14,0.6207
chr14,0.8621
chr14,0.619
chr14,0.5909
chr14,0.8621
chr14,0.9615
chr14,0.619
chr14,0.619
chr14,0.875
chr14,0.8387
chr14,0.8621
chr14,0.7692
chr14,0.7586
chr14,0.7931
chr14,0.9545
chr14,0.5862
chr14,0.8621
chr14,0.9259
chr14,0.6667
chr14,0.7222
chr14,0.6667
chr14,0.6667
chr14,0.7222
chr14,0.6667
chr14,0.7222
chr14,0.7222
chr14,0.6667
chr14,0.7222
chr14,0.7222
chr14,0.7778
chr14,0.6667
chr14,0.8571
chr14,0.7222
chr14,0.8571
chr14,0.7778
chr14,0.7222
chr14,0.7222
chr14,0.8571
chr14,0.8571
chr14,0.7222
chr14,0.7222
chr14,0.7222
chr14,0.6667
chr14,0.6667
chr14,0.6667
chr14,0.7222
chr14,0.7778
chr14,0.7222
chr14,0.7222
chr14,0.7586
chr14,0.8966
chr14,0.8148
chr14,0.8077
chr14,0.8148
chr14,0.7931
chr14,0.8065
chr14,0.8148
chr14,0.7692
chr14,0.8519
chr14,0.6296
chr14,0.72
chr14,0.6667
chr14,0.7586
chr14,0.7143
chr14,0.6818
chr14,0.7586
chr14,0.7692
chr14,0.7143
chr14,0.7143
chr14,0.7917
chr14,0.9
chr14,0.7586
chr14,0.8333
chr14,0.8148
chr14,0.8148
chr14,0.8182
chr14,0.6296
chr14,0.76
chr14,0.7778
chr14,0.8125
chr14,0.9091
chr14,0.9231
chr14,0.9091
chr14,0.7812
chr14,0.8182
chr14,0.875
chr14,0.8846
chr14,0.8438
chr14,0.5312
chr14,0.8077
chr14,0.625
chr14,0.9697
chr14,0.619
chr14,0.5909
chr14,0.9697
chr14,0.8846
chr14,0.619
chr14,0.619
chr14,0.88
chr14,0.8125
chr14,0.9375
chr14,0.7692
chr14,0.7188
chr14,0.9375
chr14,0.9545
chr14,0.5862
chr14,0.8462
chr14,0.9259
chr14,0.7742
chr14,0.8462
chr14,0.7742
chr14,0.8065
chr14,0.7241
chr14,0.8077
chr14,0.8966
chr14,0.5862
chr14,0.84
chr14,0.5862
chr14,0.7931
chr14,0.6522
chr14,0.5909
chr14,0.7931
chr14,0.8077
chr14,0.6522
chr14,0.6522
chr14,0.8333
chr14,0.9333
chr14,0.7931
chr14,0.7083
chr14,0.7241
chr14,0.8
chr14,0.8636
chr14,0.5862
chr14,0.8
chr14,0.8148
chr14,0.8462
chr14,0.9487
chr14,0.675
chr14,0.814
chr14,0.9677
chr14,0.8077
chr14,0.7778
chr14,0.625
chr14,0.8
chr14,0.6829
chr14,0.9394
chr14,0.6667
chr14,0.6364
chr14,0.9394
chr14,0.8077
chr14,0.6667
chr14,0.6667
chr14,0.875
chr14,0.8387
chr14,0.878
chr14,0.8333
chr14,0.825
chr14,0.975
chr14,0.8636
chr14,0.7
chr14,0.84
chr14,0.8519
chr14,0.8462
chr14,0.8462
chr14,0.8846
chr14,0.8462
chr14,0.9231
chr14,0.8462
chr14,0.5769
chr14,0.8
chr14,0.6154
chr14,0.9231
chr14,0.619
chr14,0.5909
chr14,0.9231
chr14,0.9231
chr14,0.619
chr14,0.619
chr14,0.875
chr14,0.8846
chr14,0.9231
chr14,0.7692
chr14,0.7692
chr14,0.8462
chr14,0.9545
chr14,0.6538
chr14,0.84
chr14,0.9615
chr14,0.6842
chr14,0.7619
chr14,0.9032
chr14,0.8077
chr14,0.7778
chr14,0.6154
chr14,0.8
chr14,0.675
chr14,0.8788
chr14,0.6667
chr14,0.6364
chr14,0.8788
chr14,0.8077
chr14,0.6667
chr14,0.6667
chr14,0.875
chr14,0.7742
chr14,0.9024
chr14,0.8333
chr14,0.7949
chr14,0.9744
chr14,0.8636
chr14,0.7179
chr14,0.84
chr14,0.8519
chr14,0.6842
chr14,0.7333
chr14,0.8462
chr14,0.8889
chr14,0.6364
chr14,0.8
chr14,0.6757
chr14,0.7576
chr14,0.6957
chr14,0.6364
chr14,0.7576
chr14,0.8462
chr14,0.6957
chr14,0.6957
chr14,0.875
chr14,0.8333
chr14,0.7632
chr14,0.8077
chr14,0.7778
chr14,0.7
chr14,0.9091
chr14,0.6207
chr14,0.84
chr14,0.8148
chr14,0.7742
chr14,0.8519
chr14,0.871
chr14,0.6667
chr14,0.76
chr14,0.6905
chr14,0.8485
chr14,0.6667
chr14,0.6522
chr14,0.8485
chr14,0.8519
chr14,0.6667
chr14,0.6667
chr14,0.8333
chr14,0.871
chr14,0.7805
chr14,0.75
chr14,0.7857
chr14,0.7907
chr14,0.8636
chr14,0.6452
chr14,0.8
chr14,0.8519
chr14,0.8077
chr14,0.7778
chr14,0.5667
chr14,0.8
chr14,0.7
chr14,0.9091
chr14,0.6667
chr14,0.6364
chr14,0.9091
chr14,0.8077
chr14,0.6667
chr14,0.6667
chr14,0.875
chr14,0.8
chr14,0.8125
chr14,0.8333
chr14,0.7667
chr14,0.9333
chr14,0.8636
chr14,0.6452
chr14,0.84
chr14,0.8519
chr14,0.8462
chr14,0.5769
chr14,0.8
chr14,0.6154
chr14,0.8846
chr14,0.619
chr14,0.5909
chr14,0.8846
chr14,1.0
chr14,0.619
chr14,0.619
chr14,0.875
chr14,0.8462
chr14,0.8846
chr14,0.7692
chr14,0.7308
chr14,0.8077
chr14,0.9545
chr14,0.5769
chr14,0.84
chr14,0.9231
chr14,0.6296
chr14,0.8
chr14,0.6667
chr14,0.8148
chr14,0.619
chr14,0.5909
chr14,0.8148
chr14,0.8519
chr14,0.619
chr14,0.619
chr14,0.875
chr14,0.9
chr14,0.8148
chr14,0.8214
chr14,0.8214
chr14,0.8333
chr14,0.9091
chr14,0.6296
chr14,0.84
chr14,0.8519
chr14,0.6
chr14,0.7353
chr14,0.5312
chr14,0.6667
chr14,0.7273
chr14,0.5312
chr14,0.6667
chr14,0.6667
chr14,0.625
chr14,0.5667
chr14,0.5312
chr14,0.7083
chr14,0.7429
chr14,0.641
chr14,0.5909
chr14,0.7667
chr14,0.64
chr14,0.5556
chr14,0.68
chr14,0.8077
chr14,0.68
chr14,0.68
chr14,0.8077
chr14,0.8
chr14,0.68
chr14,0.68
chr14,0.9583
chr14,0.8
chr14,0.8077
chr14,0.7778
chr14,0.7778
chr14,0.8
chr14,0.8182
chr14,0.64
chr14,0.96
chr14,0.8
chr14,0.6364
chr14,1.0
chr14,0.8636
chr14,0.6364
chr14,0.6154
chr14,1.0
chr14,1.0
chr14,0.7083
chr14,0.6333
chr14,0.6667
chr14,0.75
chr14,0.7353
chr14,0.7
chr14,0.6957
chr14,0.7647
chr14,0.72
chr14,0.5926
chr14,0.619
chr14,0.5909
chr14,1.0
chr14,0.8846
chr14,0.619
chr14,0.619
chr14,0.88
chr14,0.8485
chr14,0.9091
chr14,0.7692
chr14,0.7273
chr14,0.9091
chr14,0.9545
chr14,0.5862
chr14,0.8462
chr14,0.9259
chr14,0.8636
chr14,0.619
chr14,0.619
chr14,1.0
chr14,1.0
chr14,0.7083
chr14,0.6957
chr14,0.619
chr14,0.7143
chr14,0.7143
chr14,0.6667
chr14,0.6957
chr14,0.8095
chr14,0.72
chr14,0.619
chr14,0.5909
chr14,0.5909
chr14,0.8636
chr14,0.8636
chr14,0.7083
chr14,0.6364
chr14,0.5909
chr14,0.72
chr14,0.72
chr14,0.6364
chr14,0.6364
chr14,0.9545
chr14,0.72
chr14,0.5909
chr14,0.8846
chr14,0.619
chr14,0.619
chr14,0.88
chr14,0.8485
chr14,0.9091
chr14,0.7692
chr14,0.7273
chr14,0.9091
chr14,0.9545
chr14,0.5862
chr14,0.8462
chr14,0.9259
chr14,0.619
chr14,0.619
chr14,0.875
chr14,0.8462
chr14,0.8846
chr14,0.7692
chr14,0.7308
chr14,0.8077
chr14,0.9545
chr14,0.5769
chr14,0.84
chr14,0.9231
chr14,1.0
chr14,0.7083
chr14,0.6957
chr14,0.619
chr14,0.7143
chr14,0.7143
chr14,0.6667
chr14,0.6957
chr14,0.8095
chr14,0.72
chr14,0.619
chr14,0.7083
chr14,0.6957
chr14,0.619
chr14,0.7143
chr14,0.7143
chr14,0.6667
chr14,0.6957
chr14,0.8095
chr14,0.72
chr14,0.619
chr14,0.875
chr14,0.88
chr14,0.7917
chr14,0.7917
chr14,0.875
chr14,0.8636
chr14,0.7083
chr14,0.875
chr14,0.8
chr14,0.8
chr14,0.8
chr14,0.8065
chr14,0.9091
chr14,0.6207
chr14,0.84
chr14,0.8519
chr14,0.7692
chr14,0.7436
chr14,0.9
chr14,0.9545
chr14,0.7179
chr14,0.8462
chr14,0.9259
chr14,1.0
chr14,0.8333
chr14,0.7727
chr14,0.68
chr14,0.8148
chr14,0.7692
chr14,0.8205
chr14,0.7727
chr14,0.8148
chr14,0.7407
chr14,0.8636
chr14,0.7179
chr14,0.84
chr14,0.8519
chr14,0.6364
chr14,0.8636
chr14,0.9545
chr14,0.68
chr14,0.6296
chr14,0.84
